Rank,TeamId,TeamName,LastSubmissionDate,Score,SubmissionCount,TeamMemberUserNames
1,16677252,カワシギ,"2026-08-16 01:30:54",3214.0,2,kawashigi
2,16719123,"Thomas Tschinkel","2026-08-17 06:46:54",3118.9,2,thomastschinkel
3,16696304,"Utkarsh #2","2026-08-14 10:35:23",3020.7,2,n0va007
4,16703045,ReCurSiON,"2026-08-14 14:14:52",2996.4,2,ashok205
5,16715733,peikopon,"2026-08-17 11:59:35",2987.5,2,peikopon
6,16668721,"Efe Can Celiksoy","2026-08-13 22:00:41",2968.6,2,efecnc
7,16662121,One-For-All,"2026-08-16 02:53:17",2968.1,2,indarkarhana
8,16712189,"Kostiantyn Isaienkov","2026-08-16 20:48:13",2962.5,2,isaienkov
9,16667020,SCLim2022080004,"2026-08-16 00:26:24",2959.3,2,sclim2022080004
10,16723379,Matteo123383iend,"2026-08-16 15:31:07",2957.0,2,matteo123383iend
11,16630675,"Lucien de Rubempre","2026-08-15 19:17:55",2950.2,2,lucienderubempre
12,16641169,boatlee,"2026-08-15 09:01:34",2948.0,2,boatlee
13,16663867,"Stephen Schott","2026-08-15 17:53:15",2947.9,2,steve421471
14,16641536,"Michael Timbs","2026-08-16 22:43:17",2928.7,2,michaeltimbs
15,16621497,"Victor @ Tufa Labs","2026-08-16 23:12:07",2926.1,2,vmerckle
16,16685160,Yura,"2026-08-17 07:27:50",2919.5,2,yuratrubitsyn
17,16723967,dk2lone,"2026-08-16 21:31:02",2905.1,2,dk2lone
18,16637255,"Peter Parker","2026-08-17 10:22:25",2895.9,2,superallen001
19,16721453,"Random Mambo","2026-08-17 04:31:27",2889.6,2,beaten67
20,16669926,Jince,"2026-08-16 23:17:24",2885.0,2,jincesaju
21,16623716,tetsuya,"2026-08-17 09:00:27",2883.5,2,tetsuya3510
22,16711752,"Atakan Aldemir","2026-08-15 09:35:36",2880.1,2,atakanaldemir
23,16663445,"ali dzaki","2026-08-17 04:40:26",2873.1,2,alidzaki
24,16676114,Gekkotron,"2026-08-16 10:20:22",2869.5,2,gekkotron
25,16678618,"Manu Nicholas Jacob","2026-08-14 13:09:07",2862.9,2,manunicholasjacob
26,16663748,Calmracer,"2026-08-17 08:12:01",2853.3,2,ethanhall123
27,16623408,shiggriculture,"2026-08-16 04:14:44",2853.2,2,shimishige
28,16689186,NCK,"2026-08-14 18:10:53",2850.3,2,drnchaitanyakumar
29,16658618,"philip georgiev","2026-08-16 09:52:57",2850.1,2,philipgeorgiev
30,16681601,Hanaro,"2026-08-15 03:08:49",2848.3,2,lucas040
31,16624893,"GURU Prasaatha S","2026-08-17 02:55:51",2845.8,2,guruprasaathas111
32,16641077,lucaskna,"2026-08-17 05:17:17",2842.2,2,lucaskna
33,16681369,GanadorPlusUltra,"2026-08-17 04:38:58",2831.5,2,ganadorplusultra
34,16672549,"ReinFARMent Learning?","2026-08-17 04:51:02",2830.5,2,arksey
35,16640880,"wenyuan Guo","2026-08-16 08:06:21",2827.1,2,gwey1025
36,16654742,"Aastik Rajan15","2026-08-16 17:46:55",2821.7,2,aastikrajan15
37,16699246,"Labh Khatke","2026-08-17 04:09:09",2816.0,2,labhkhatke
38,16725342,little_d1d1,"2026-08-16 04:24:39",2814.6,2,littled1d1
39,16665077,"Mohit Babel","2026-08-14 23:12:20",2810.8,2,mohitbabel
40,16673234,MACvengers,"2026-08-16 08:03:10",2805.9,2,"astrojaswanthkumar,ikpikp"
41,16671504,Agentmaster,"2026-08-14 01:42:25",2805.1,2,"kinjaza,shawnno"
42,16698930,MrKiwi,"2026-08-13 19:53:04",2805.0,2,mrkiwi
43,16636094,Hax2456,"2026-08-15 10:05:01",2804.9,2,hax2456
44,16717289,JackChenghao,"2026-08-16 17:57:58",2799.3,2,jackchenghao
45,16676762,"Tomas Escobar Rivera","2026-08-14 21:23:50",2796.1,2,tomasescobarrivera
46,16711608,"Thomas Greissler","2026-08-16 09:59:31",2793.6,2,thomasg22202020
47,16639732,"Junbeom Lee23","2026-08-15 02:45:23",2789.2,2,junbeomlee23
48,16662883,OceanMix,"2026-08-16 22:17:38",2788.6,2,"cggonzalezsc,fierus,liesvyvalladares"
49,16725441,lemon1219,"2026-08-16 20:08:15",2788.3,2,lemon1219
50,16675240,Leifson1337,"2026-08-15 17:43:20",2787.8,2,leifson1337
51,16683936,Cyrus,"2026-08-16 18:37:45",2786.8,2,jamalsaeedi
52,16631752,"Junichiro Morita","2026-08-16 06:33:32",2786.7,2,junichiromorita
53,16702754,"ИТМОНИ AI B2B 67 SaaS","2026-08-13 00:03:26",2785.3,2,"borismatsakov,kirya1"
54,16724298,Orig_lab,"2026-08-17 06:36:44",2784.2,2,chengxixixi
55,16716475,"dong & shen","2026-08-16 05:27:00",2783.8,2,"dongcookies,muyouqian4"
56,16704247,WeAreFarmers,"2026-08-17 04:19:21",2777.6,2,gbmorris1
57,16723991,"James Holland","2026-08-17 01:40:17",2774.6,2,jkhollandjr
58,16677847,ShiviWhivi,"2026-08-16 16:09:07",2772.6,2,blackpearls1
59,16681007,AkiraOnojp,"2026-08-16 07:46:17",2772.2,2,akiraonojp
60,16722399,"Meta learners","2026-08-17 05:50:44",2771.5,2,aditya2909rb
61,16719884,ykhnkf,"2026-08-15 11:03:38",2767.8,2,ykhnkf
62,16655311,"Plant City Planter","2026-08-16 18:56:22",2766.4,2,michaellombard
63,16623399,Kendamarron,"2026-08-17 00:08:27",2766.3,2,kazuhirokuriyama
64,16623805,"Howon Kang","2026-08-17 05:28:58",2765.4,2,howonkang
65,16691270,"Piyal Chowdhury","2026-08-16 15:01:28",2765.2,2,piyalchowdhury
66,16635747,"Jeki Wan Taufik","2026-08-16 04:25:24",2757.9,2,jek1wantaufik
67,16719414,SahilKumarTolani,"2026-08-16 03:23:01",2757.0,2,sahilkumartolani
68,16696997,coolin666,"2026-08-14 16:32:53",2755.6,2,coolin666
69,16720841,liuhc1017,"2026-08-17 05:24:39",2752.2,2,liuhc1017
70,16684202,Ignat,"2026-08-16 08:55:56",2752.1,2,ignatgotin
71,16716533,wiffany,"2026-08-15 08:39:44",2750.8,2,wiffany
72,16705830,"Grim Reaper","2026-08-17 01:44:43",2748.6,2,fathomable
73,16627032,"Kaito Fukami","2026-08-13 06:14:34",2748.5,2,kaitofukami
74,16681405,"Yusuke Hayashi","2026-08-16 08:08:10",2747.9,2,yhay81
75,16661039,Abracadabra,"2026-08-17 02:56:44",2744.8,2,giovannicr
76,16671150,Vextrovis,"2026-08-16 02:50:25",2742.1,2,rattanunt
77,16641710,yjshyfy,"2026-08-17 06:41:37",2741.4,2,yjshyfy
78,16678534,"Filip Strzałka","2026-08-15 21:15:12",2735.9,2,snufkin77
79,16667324,"Muhammed selim Bilic","2026-08-17 07:04:25",2735.5,2,muhammedselimbilic
80,16633100,"Emile Andrieu","2026-08-15 10:43:08",2735.5,2,emileandrieu
81,16654091,webmaking,"2026-08-15 13:24:00",2734.9,2,webmaking
82,16637546,Forrest,"2026-08-17 09:22:00",2731.6,2,yinxiaogang
83,16712121,"Hai Dang","2026-08-12 23:47:27",2730.6,2,haidang2405
84,16717572,kiyomiya-k,"2026-08-16 04:51:17",2725.4,2,kiyomiyak
85,16622509,Ali,"2026-08-15 07:44:03",2724.6,2,asalhi
86,16623988,"Charismatic Pizza Party🍕","2026-08-14 03:53:22",2721.4,2,debugendless
87,16663252,"MD Concepcion","2026-08-14 12:55:08",2721.3,2,mikedconcepcion
88,16653379,"Asakawa Ruriko","2026-08-15 15:39:44",2720.9,2,asakawaruriko
89,16667922,JungHwan,"2026-08-17 07:37:21",2720.4,2,najunghwan
90,16672315,CemBas,"2026-08-15 02:20:07",2717.8,2,cembas
91,16693663,"YoungCheol Son","2026-08-17 11:15:24",2716.4,2,sonyc5720
92,16674508,"Giulio Ravasio","2026-08-16 20:24:45",2714.7,2,giuliorav
93,16665214,Epiphany_Thu,"2026-08-14 19:58:04",2712.2,2,epiphanythu
94,16671376,Lebxgue.,"2026-08-15 03:49:24",2711.2,2,yukieja
95,16706395,"Kunal Desale","2026-08-14 16:21:38",2710.7,2,kunaldesale2408
96,16670032,Kenjo1209,"2026-08-16 19:44:37",2710.4,2,kenjo1209
97,16730247,DOM-VASCONCELOS,"2026-08-17 02:43:43",2710.2,1,domcreator
98,16670371,rkd,"2026-08-15 11:07:07",2710.1,2,ryookd
99,16658248,Aaweg,"2026-08-14 10:48:17",2709.8,2,aawegbhaladhare
100,16728914,d0gied,"2026-08-16 23:37:38",2707.3,2,d0gied
101,16690923,"Maqsoud Tawaliou","2026-08-17 09:52:09",2704.6,2,maqsoudtawaliou
102,16641893,"Kashyapsinh gohil","2026-08-15 16:10:05",2703.6,2,kashyapsinhgohil
103,16660121,22307110257-张扬,"2026-08-13 20:02:25",2700.5,2,meredith10pi
104,16641138,"Bharath Varma","2026-08-17 10:56:09",2698.2,2,bharath111l
105,16690970,"Raoul Biagioni","2026-08-17 07:26:13",2697.7,2,raoulbiagioni
106,16621585,"Rokaiya Somapti","2026-08-15 02:45:00",2696.7,2,rokaiyasomapti
107,16685556,binghua_123,"2026-08-14 07:51:02",2696.6,2,binghua123
108,16635504,"Datta Dhebe","2026-08-13 14:32:35",2694.2,2,dattadhebe
109,16671088,jasonstillchasin,"2026-08-13 00:37:13",2693.6,2,jasonstillchasin
110,16636536,tetsu2131,"2026-08-17 00:00:06",2691.4,2,tetsutani
111,16658245,ziliangCok,"2026-08-17 08:58:58",2689.5,2,ziliangcok
112,16623897,satoooh,"2026-08-14 04:07:42",2686.1,2,satoooh
113,16689748,cheesytoasts,"2026-08-16 22:34:00",2685.8,2,cheesinnn
114,16671520,sci-shi,"2026-08-17 03:07:50",2685.6,2,scishi
115,16716821,めめっち,"2026-08-14 12:39:16",2684.8,2,mechi22
116,16657316,"Jason xu sk","2026-08-17 03:16:04",2681.9,2,jasonxusk
117,16661667,"Wufang Hong","2026-08-16 23:00:44",2681.5,2,wufanghong
118,16676739,"Jonathan Zheng Jiahao","2026-08-17 01:59:41",2680.5,2,jonathanzhengjiahao
119,16655520,"kaggle Osaka","2026-08-16 22:44:25",2679.9,2,toshiyukitanaka
120,16653982,"Arul Prasad S P","2026-08-14 17:37:40",2678.1,2,arulprasadsp
121,16715244,uri_kkyhr,"2026-08-15 04:53:37",2677.8,2,urikkyhr
122,16664566,"Lormann ","2026-08-16 02:18:46",2677.1,2,lormann
123,16710128,"KeHao Liu","2026-08-14 01:52:29",2675.7,2,kehaoliu
124,16722368,"Bao Tran","2026-08-17 03:03:17",2675.5,2,solirus
125,16663175,Anaconda,"2026-08-16 15:05:42",2675.2,2,anaconda
126,16624921,"sky machine","2026-08-16 22:54:04",2673.2,2,"gunhcolab,hweowe"
127,16682306,岸本湧士郎,"2026-08-14 07:58:52",2673.2,2,yushiro20021111
128,16622934,"Ümit Anık","2026-08-15 07:00:37",2672.8,2,mitank
129,16684093,"fog flower","2026-08-17 09:05:32",2672.6,2,fogflower
130,16654021,"Swachhith B","2026-08-17 05:25:10",2671.4,2,swachhithb
131,16672530,GUGUGAGA,"2026-08-14 04:33:54",2671.4,2,"ruiyangzhang23,taoguo079"
132,16699947,HKmgikao,"2026-08-17 10:27:46",2667.6,2,hitoshikmgai
133,16724452,Jay,"2026-08-17 04:28:51",2666.4,2,jayshimada
134,16626332,"MD. Nazmus Sakib Anik","2026-08-17 06:41:11",2664.6,2,beyondlogic
135,16663569,XYZ,"2026-08-17 06:23:28",2664.5,2,h249748fkv7lyhik897
136,16672709,"RS Turley","2026-08-16 02:53:26",2664.4,2,rturley
137,16634179,daoviet,"2026-08-16 17:17:30",2663.6,2,daoviet
138,16707986,Pones_kaggle,"2026-08-15 02:45:12",2659.1,2,pyd966
139,16679688,"Sathwik Chinthakayala","2026-08-15 17:32:17",2655.7,2,sathwikchinthakayala
140,16722705,我的AI是豆包,"2026-08-17 05:10:31",2654.0,2,"haoxuanjng,rainhuang0220"
141,16622349,"Mengfei Li","2026-08-17 11:23:48",2651.4,2,meli19
142,16655610,GPTatoes,"2026-08-15 09:02:49",2651.2,2,"angran,kaixuanosmas"
143,16689154,CrossEngineered,"2026-08-15 16:49:44",2650.4,2,"danyalsahin1,gkenurk"
144,16672033,"Mohan Prasath P","2026-08-14 02:20:23",2648.5,2,mohanprasath21
145,16727182,FinalSunFlower,"2026-08-17 08:24:07",2645.7,2,finalsunflower
146,16685548,"Erfan Eshratifar","2026-08-17 02:25:46",2643.7,2,erfaneshrati
147,16668622,"Michael McGrain","2026-08-16 08:09:19",2641.8,2,michaelmcgrain
148,16633944,Toru59er,"2026-08-15 00:09:26",2640.3,2,toru59er
149,16688642,"Natalia Mawyin","2026-08-15 16:54:04",2640.3,2,nmawyin
150,16722330,"Jean-Louis Roy","2026-08-16 19:42:14",2640.1,2,jeanjean111
151,16621683,Shivangoudaa,"2026-08-14 21:23:57",2640.0,2,ishivapatil
152,16634952,"Igor Zharov","2026-08-17 07:19:18",2639.5,2,flexonafft
153,16708965,"Witold Dziurdz","2026-08-16 09:56:00",2639.2,2,witolddziurdz
154,16673870,"Yuxiao Wang","2026-08-15 15:12:14",2636.8,2,yuxiaowangx
155,16658382,vladee,"2026-08-16 10:37:13",2636.0,2,vladee
156,16662810,HarshitSama,"2026-08-16 12:54:17",2633.1,2,harshitsama
157,16698884,VVVoyager,"2026-08-14 03:55:10",2632.1,2,"haoxuanshan,hengnui"
158,16726064,"sana slama","2026-08-15 17:01:13",2630.8,1,sanaslamamm
159,16724353,PrathamGupta,"2026-08-17 02:04:38",2630.3,2,prathamguptaaaaaaa
160,16638557,"Araik Tamazian","2026-08-17 07:16:47",2629.6,2,atamazian
161,16726281,rperez04,"2026-08-15 19:01:22",2629.5,2,rperez04
162,16665700,张广麒,"2026-08-14 08:27:52",2628.3,2,zzggqq
163,16693965,ra5anchor,"2026-08-17 02:09:50",2627.5,2,junmitsui
164,16665927,"bhavya shah","2026-08-17 11:06:22",2627.1,2,bhavyashah007
165,16690019,Around30,"2026-08-13 06:32:09",2625.7,2,"cyanspring,masahiromatsuda,sutesute000012"
166,16666057,StopPlantingStartGameTheorying,"2026-08-15 09:52:45",2624.5,2,mymelodyenjoyer
167,16634432,KARGI,"2026-08-14 14:08:19",2622.7,2,learningkin
168,16659870,"Tien N.","2026-08-17 06:41:34",2621.8,2,tientrum
169,16728901,dqvide,"2026-08-17 09:08:41",2621.3,2,dqvide
170,16662338,jaepyeocho,"2026-08-16 21:52:55",2619.1,2,jaepyeocho
171,16728071,五六七五六七,"2026-08-17 07:34:51",2618.4,2,wocenmma
172,16657877,zigiella,"2026-08-16 14:44:31",2617.7,2,zigiella
173,16661325,"Max Fofanov","2026-08-14 20:28:42",2617.3,2,maxfofanov
174,16697891,KuziJA,"2026-08-15 00:51:41",2615.5,2,kuzija
175,16680524,Nealdarkdarkdark,"2026-08-13 16:14:55",2614.0,1,wklyb1
176,16717440,那个男人,"2026-08-17 06:11:41",2613.2,2,muran169633
177,16660268,"Sébastien Mametz (Pixs)","2026-08-14 09:08:39",2612.9,2,sbastienmametzpixs
178,16654995,"Artem Voronov","2026-08-17 05:20:53",2612.5,2,artemyvoronov
179,16659763,clarkzhang1031,"2026-08-13 12:27:10",2611.8,2,"clarkzhang1031,huafeihuang"
180,16691572,"Lord Momo","2026-08-17 06:31:33",2607.4,2,stevenleehans
181,16701638,"John Stupid","2026-08-14 06:36:04",2605.4,2,bryxosmmm
182,16673205,"Arda Ceylan","2026-08-17 10:50:09",2605.0,2,ardacey
183,16666393,saikyo,"2026-08-15 07:30:08",2604.4,2,kyosaikyo
184,16632245,"We are Charlie Brown","2026-08-17 00:17:26",2603.5,2,"apostoloskontarinis,curbotron13,halzweiman,josephmcgonaglebrown,shreyanshpoddar"
185,16635062,DL,"2026-08-17 02:46:15",2602.0,2,distiller
186,16709101,"Djaafar Lecheheb DL","2026-08-15 22:33:31",2600.9,2,djaafarlechehebdl
187,16690612,"Mina Gayid","2026-08-16 12:59:16",2599.9,2,minagayid
188,16659961,"Shivam saini","2026-08-13 14:04:30",2599.8,2,shivam98saini
189,16630839,steubk,"2026-08-16 11:22:39",2599.4,2,steubk
190,16666434,"JOSHNA ACSHA S 21CS","2026-08-14 17:34:56",2597.3,2,joshnaacshas21cs
191,16715495,Yashi003,"2026-08-14 10:43:41",2596.7,2,yashi003
192,16716613,Arvin,"2026-08-17 07:38:57",2594.8,2,chesterx
193,16654542,JayveerSingh6,"2026-08-17 08:03:00",2593.7,2,jayveersingh6
194,16702547,Dean0016,"2026-08-13 17:56:10",2593.5,2,dean0016
195,16724584,"Jinx JK","2026-08-16 17:12:34",2593.0,2,jinxjk
196,16623451,Ueddy,"2026-08-17 11:01:05",2592.2,2,ku0807
197,16661708,"Stanley Honkpehedji","2026-08-15 15:49:43",2590.1,2,stanleyhonkpehedji
198,16626582,"Omer Faruk Merey","2026-08-14 15:05:41",2590.0,2,omerfarukmerey
199,16695664,Bantam,"2026-08-17 06:20:18",2589.3,2,bantam
200,16700634,"Alperen Söylen","2026-08-16 20:25:31",2589.1,2,alperensylen
201,16672202,HealthStone,"2026-08-11 23:25:19",2588.1,2,healthstone
202,16659123,sd,"2026-08-14 20:04:13",2586.9,2,siddharthadevkota
203,16696720,"jazivxt and COLD acres","2026-08-16 15:14:12",2584.9,2,"jazivxt,maulikgajera"
204,16707193,"radji kraim","2026-08-15 04:58:30",2584.8,2,radjikraim
205,16670485,lessgooo,"2026-08-15 09:17:40",2584.7,2,"evanmaksud,niazmohaimanabtahi"
206,16699741,Tom3,"2026-08-17 10:31:46",2584.3,2,tomohiroaz
207,16685950,"vibe farming","2026-08-17 02:50:31",2584.3,2,alturutin
208,16691038,"animal crossing","2026-08-16 20:11:30",2584.0,2,hoonchoonc
209,16631115,prvsiyan,"2026-08-13 16:50:41",2581.8,2,prvsiyan
210,16695046,OnlyFarms,"2026-08-17 09:02:15",2581.6,2,"aurax7,coolinlai,davidsarrat,pseree,zongzishuang"
211,16630804,"Emre Cirak","2026-08-14 11:11:28",2580.6,2,biohack44
212,16634765,democatXamer,"2026-08-17 11:46:31",2580.6,2,w1326627677
213,16727784,Baen,"2026-08-17 00:47:29",2579.8,2,cairh22
214,16699455,vijaikm,"2026-08-17 06:52:18",2579.5,2,vijaikm
215,16679560,LEET,"2026-08-15 00:45:52",2579.3,2,soufianelasfar
216,16674949,"Lev Neganov","2026-08-14 22:01:30",2578.0,2,levoel
217,16621315,"Reyhan Ksatria","2026-08-14 20:43:09",2577.5,2,reyhanksatria
218,16687363,"elegantangel (628700)","2026-08-14 17:35:55",2574.5,2,elegantangel
219,16716078,WENJIE_Wang,"2026-08-14 19:56:12",2574.1,2,wenjiewangdev
220,16634104,FarmGoose,"2026-08-17 10:19:22",2573.1,2,yizhanglou
221,16692272,Ddere008,"2026-08-13 13:49:46",2573.0,2,ddere008
222,16654841,"ABHIRUP DAS","2026-08-17 11:27:31",2572.4,2,abhirupdas10
223,16698439,"Pournami Prakash","2026-08-16 02:25:28",2571.1,2,pprakas
224,16674312,yuxuan,"2026-08-14 16:20:25",2570.0,2,yuxuan1221
225,16671361,"Hangyu Yu","2026-08-15 13:46:57",2567.8,2,cqupthangyuyu
226,16714134,"Raul Tinajero","2026-08-15 03:26:06",2567.5,2,raultinajeroo
227,16662318,"Bardia Bahadori","2026-08-14 14:15:56",2565.9,2,bardiabahadori
228,16674878,KirillKlem,"2026-08-13 17:41:24",2565.0,2,kirillklem
229,16624934,"Haramball forever!","2026-08-15 18:03:31",2563.6,2,envyy23120093
230,16666977,"Tagir Analyzes","2026-08-14 19:31:30",2563.2,2,tagirkhairutdinov
231,16623368,"Evgeniy Veselkov","2026-08-16 08:58:36",2560.7,2,evgeniyveselkov
232,16623608,"Dmitry Larko","2026-08-17 05:24:46",2560.0,2,dmitrylarko
233,16687068,digiliwigili,"2026-08-15 13:07:46",2558.4,2,kukchyievervin
234,16644643,today,"2026-08-14 23:26:12",2558.2,2,today55
235,16635973,"Code by Nadiia","2026-08-14 16:17:30",2557.7,2,codebynadiia
236,16712258,"yaphel lee","2026-08-17 10:38:16",2556.1,2,yaphellee
237,16678172,"Eishkaran Singh","2026-08-14 12:33:58",2554.0,2,eishkaran
238,16659614,"Heikki Leskelä","2026-08-16 01:26:31",2552.9,2,heikkileskela
239,16655567,Heisnotanimposter,"2026-08-14 01:23:19",2548.4,1,test013
240,16651833,"Hồ Khánh Duy","2026-08-14 17:52:23",2548.1,2,hkhnhduy
241,16662940,"The Coder Geek Squad Leader","2026-08-17 09:23:58",2546.6,2,soulemaneisissifou
242,16695931,"Kers Aoyagi","2026-08-17 09:17:18",2545.4,2,kersaoyagi
243,16688896,"JianYuan Deng","2026-08-17 04:24:12",2544.8,2,jianyuandeng
244,16632867,"Rayk Kretzschmar","2026-08-17 10:14:32",2542.1,2,raykkretzschmar
245,16665224,tyz123456,"2026-08-17 07:31:38",2540.6,2,tyz123456
246,16677596,Sere1n,"2026-08-15 23:00:49",2540.1,2,chacc0
247,16674102,没落者,"2026-08-16 14:53:58",2539.6,2,needless090
248,16632735,"No Free Lunch, Only Melons","2026-08-17 05:45:03",2538.0,2,kawaharataishi
249,16720056,"Heads or Tails","2026-08-14 06:06:09",2537.9,2,headsortails
250,16668430,"john inan","2026-08-16 02:57:30",2537.6,2,johninan
251,16655500,"Zhao Liying","2026-08-16 02:50:53",2535.4,2,yeohzhonghanervin
252,16669490,hinemos,"2026-08-16 12:28:05",2535.1,2,hinemos
253,16625241,"Mutoy Choi","2026-08-16 06:22:50",2535.0,2,mutoy1
254,16682183,lihaha.36,"2026-08-13 13:28:46",2533.2,2,lihaha36
255,16692725,"Zhen Li","2026-08-13 13:06:54",2532.8,2,zhenlisak
256,16658830,"Farhat Pachisa","2026-08-15 02:39:04",2531.7,2,farhatpachisa
257,16731605,datatuu,"2026-08-17 09:57:52",2531.6,2,yaoguang516
258,16716317,yzyhello,"2026-08-17 08:07:53",2531.5,2,yzyhello
259,16690763,chungkuangwen,"2026-08-13 11:20:36",2530.9,2,chungkuangwen
260,16661050,Master_S1ave,"2026-08-14 13:42:48",2529.9,2,masters1ave
261,16715506,"Moo Point","2026-08-17 03:21:41",2527.8,2,"gnarlycow,tianmeiwang"
262,16688732,tully_boss,"2026-08-15 15:43:45",2525.7,2,"gnux1408,tanakaai24"
263,16662819,Feuorme,"2026-08-17 08:13:47",2525.2,2,feuorme
264,16697266,"Mauritian Power 🏆","2026-08-16 17:30:00",2524.5,2,"fahankaudeer,udhaykumarsujeebun"
265,16660020,"Gaddam Shiva Teja","2026-08-17 05:17:09",2524.2,2,shivateja005
266,16660361,"Abhishek Sharma","2026-08-17 09:05:41",2523.5,2,abhisheksharma425
267,16660220,tomo11111,"2026-08-15 04:43:31",2522.9,2,tomo11111
268,16671738,Exposed,"2026-08-16 00:42:13",2522.6,2,erickeller2
269,16670524,"Nat Bel ML Fun","2026-08-15 21:04:02",2521.9,2,natbel4ml
270,16714902,HunterBlue,"2026-08-13 18:54:47",2521.9,2,marianacodebase
271,16713543,"Rustam Bazarbayev","2026-08-16 08:04:53",2521.4,2,rustambazarbayev
272,16629165,lingyu07,"2026-08-17 08:13:35",2521.2,2,lingyu07
273,16639800,"Yong Ming-Jia","2026-08-17 03:33:32",2520.8,2,ymingj
274,16622242,"Robert Koval","2026-08-15 07:02:17",2520.6,2,robertkoval
275,16687479,kowalskii,"2026-08-17 10:55:27",2520.1,2,anirudhkumaraheer
276,16662914,"Apollo's cattles","2026-08-15 20:06:42",2520.0,2,"icr007,kennethlie16,romanrozen"
277,16660488,tehyoni,"2026-08-14 02:50:55",2519.4,2,"gooberdambi,sidcat,suaeng,tehyoni"
278,16715187,maker2026,"2026-08-17 10:27:11",2518.4,2,maker2026
279,16676336,lemon13418,"2026-08-16 16:09:43",2518.0,2,lemon13418
280,16655766,前衛,"2026-08-15 00:17:53",2517.3,2,"atharvranjan,shreyasgandhe,siddharth9077"
281,16697922,TingyuanLi277,"2026-08-16 22:30:19",2516.7,2,tingyuanli277
282,16693904,DeeperNet,"2026-08-16 12:26:08",2515.1,2,deepernet
283,16719262,sadjeen00,"2026-08-14 02:15:50",2515.0,1,sadjeen00
284,16686583,techtech69,"2026-08-16 16:29:41",2514.7,2,techtech69
285,16630689,yw8837,"2026-08-16 15:16:01",2513.9,2,yw8837
286,16639565,yasu,"2026-08-17 11:29:46",2512.5,2,yasutakababa
287,16641982,ZotAZaw3,"2026-08-17 08:27:36",2512.3,2,zotazaw3
288,16721383,"Emon xu","2026-08-17 08:50:40",2510.4,2,emon0xuyym
289,16714474,"Glenn Dalbey","2026-08-17 10:12:08",2509.6,2,glenndalbey
290,16724109,"small fry in the underworld","2026-08-15 03:50:55",2509.2,1,wwwwhitley
291,16714057,"T0m0t0m0 W","2026-08-16 22:06:56",2509.1,2,t0m0t0m0w
292,16691946,"Hassan Algizani","2026-08-13 20:20:09",2508.8,2,hassanalgizani
293,16724114,"Yizhe Wong","2026-08-15 12:20:32",2508.1,1,yizhewong
294,16684716,kumanomi,"2026-08-16 13:58:29",2502.9,2,kkkggg
295,16655789,"wen chong yu","2026-08-13 07:57:23",2502.8,2,wenchongyu
296,16693439,"Ankit Hemant Lade","2026-08-17 00:30:38",2502.2,2,"ankitlade12,jsaikrishna"
297,16651804,"Bocen Li","2026-08-14 14:47:30",2501.1,2,bocenli
298,16662696,"Cengizhan Tümer","2026-08-17 05:37:51",2498.5,2,cengizhantmer
299,16638375,"Tran H Hoang","2026-08-14 17:01:27",2497.4,2,tranhhoang
300,16662949,"Will English","2026-08-13 18:01:27",2496.5,2,dubascudes
301,16685634,"Syed Asad Ali","2026-08-16 23:49:02",2494.6,2,syed3000
302,16680065,Vishodhan,"2026-08-14 23:46:15",2494.1,2,vishodhan
303,16722120,nekoha,"2026-08-15 15:01:16",2493.4,2,nekoha
304,16675503,"Jeff Marc E. Cadet","2026-08-17 02:41:13",2492.4,2,jeffmarcecadet
305,16623745,chunluran,"2026-08-16 13:58:21",2491.1,2,chunluran
306,16693549,別班,"2026-08-15 06:47:38",2490.5,2,"kusurizuke,pepushi,tomokiaki"
307,16721248,"Raef Guizani","2026-08-17 06:44:37",2490.4,2,raefguizani
308,16657941,"Nick Styles","2026-08-14 07:13:04",2490.1,2,styles
309,16655379,Ikeda0516,"2026-08-14 11:56:18",2489.6,2,ikeda0516
310,16628664,"Anton Tikhonov","2026-08-17 09:41:46",2486.0,2,itwastony
311,16633688,Ryo,"2026-08-15 05:12:15",2485.4,2,ryosukekurakami
312,16718033,TheMightiestMan,"2026-08-17 08:09:00",2485.0,2,themightiestman
313,16654511,"Syed Shayan Ali Shah","2026-08-14 15:39:18",2482.0,2,dsshayan
314,16690113,m0chi1216,"2026-08-16 15:07:24",2480.9,2,m0chi1216
315,16679389,"JOMIN URK21CS1077","2026-08-15 13:47:11",2480.5,2,jominurk21cs1077
316,16684954,"Suneeth reddy","2026-08-17 09:57:42",2479.5,2,suneethreddy
317,16637973,StephenNedumpally,"2026-08-14 13:26:16",2478.9,2,stephennedumpally
318,16712535,"Benjamin Beaujard","2026-08-15 23:07:13",2478.8,2,benjaminbeaujard
319,16682195,celefefwefwe1,"2026-08-13 13:29:04",2477.8,2,celefefwefwe1
320,16656931,pns,"2026-08-15 09:45:46",2477.3,2,"nikhilkasyap07,premsivasai,saranboddu"
321,16667843,"durgesh dere","2026-08-13 13:48:58",2474.9,2,durgeshdere08
322,16623812,"SeshuRaju 🧘‍♂️","2026-08-16 18:22:38",2473.1,2,seshurajup
323,16633341,Hak,"2026-08-16 06:50:51",2470.8,2,hakdevelopment
324,16713007,"Jerry Hwa","2026-08-15 04:15:29",2470.1,2,jerryhwa
325,16682867,sneaky6767,"2026-08-14 11:01:08",2469.1,2,sneaky6767
326,16692845,"Yassine Ben Zekri","2026-08-14 22:40:28",2468.6,2,yassinebenzekri
327,16721947,groots,"2026-08-16 06:32:40",2467.9,2,muhammadismail433
328,16713457,Farmer,"2026-08-17 09:22:55",2467.6,2,trnhip
329,16724262,"Obu obu","2026-08-15 10:48:05",2466.5,2,obuobu
330,16657277,"Dude and Destroy","2026-08-13 09:54:38",2460.9,2,raymondbrookman
331,16709501,Galaxantic,"2026-08-17 11:44:12",2459.7,2,neel21yt
332,16675063,Tian_Wang1210,"2026-08-16 09:06:18",2459.6,2,tianwang1210
333,16723941,teraSurfer40141,"2026-08-16 01:16:49",2458.3,2,r00tt00r
334,16635127,"Sergey Bryansky","2026-08-13 01:35:01",2458.2,2,sggpls
335,16710661,"Pengyi Peng1","2026-08-15 10:33:01",2458.0,2,pengyipeng1
336,16655633,johnny,"2026-08-17 02:27:23",2457.8,2,jonykarki
337,16658474,huyimin517517,"2026-08-14 09:53:38",2457.0,2,"huyimin517517,touyouzhaji,wumingshi2006"
338,16643125,"CARLOS CAADA ROSTRO","2026-08-15 11:45:20",2454.6,2,carloscaadarostro
339,16630312,beijijun,"2026-08-14 07:59:01",2454.0,2,beijijun
340,16657785,"Himanshu Kumar","2026-08-15 02:45:12",2453.5,2,himanshujha2812
341,16696762,SOSyuki,"2026-08-15 08:07:12",2453.2,2,sosyuki
342,16701024,Selene,"2026-08-13 04:29:22",2452.7,2,ejlthomas
343,16659957,"Jaydon J P","2026-08-14 11:07:44",2451.9,2,jaydonjp
344,16697936,"Sami Cakiral","2026-08-15 19:43:40",2451.4,2,samicakiral
345,16656296,Fususu,"2026-08-16 17:13:49",2450.9,2,phuongncn
346,16637329,Rucbic,"2026-08-16 19:24:06",2449.6,2,rucbic
347,16672199,Vachan,"2026-08-16 13:14:13",2449.0,2,vachanpadival
348,16705139,gogogo,"2026-08-17 09:33:22",2448.7,2,huzech
349,16691976,"Harini Panigrahi","2026-08-14 16:57:32",2447.5,1,harinipanigrahi
350,16686444,"Syakirin Pahimi","2026-08-15 08:24:35",2447.2,2,syakirinpahimi
351,16663649,"Akhil Chinta","2026-08-14 18:46:06",2446.6,2,akhilchinta1505
352,16623635,HiroyukiSasaki,"2026-08-17 02:40:38",2444.8,2,hiroyukisasaki815
353,16712432,hengck23,"2026-08-16 09:52:17",2443.8,2,hengck23
354,16709214,"Ariel Suntasig","2026-08-15 17:38:07",2441.7,2,arielsuntasig2001
355,16682283,"RL is all you need","2026-08-16 03:18:49",2439.8,2,"bpmf577,junzhejiao,jwj1342,liaodid,mrschang"
356,16704818,probably6767,"2026-08-14 11:01:00",2439.0,2,probably6767
357,16621168,FOYSAL,"2026-08-14 14:35:22",2435.4,2,foysalemonshanto
358,16644877,lu_fish,"2026-08-16 14:13:53",2435.3,2,thefish114514
359,16702590,aashka,"2026-08-17 07:10:33",2433.1,2,aashka
360,16672241,dupakdungking,"2026-08-15 15:05:31",2432.4,2,primarizki
361,16706576,王一凡,"2026-08-16 07:12:24",2431.9,2,"liuziyang1016,mikakohinata68"
362,16669897,"Tahsan Ferdous","2026-08-14 19:30:09",2430.9,2,tahsanferdous
363,16710094,winwinwin,"2026-08-14 08:57:26",2430.4,2,"ouyangruize,teecemackenieo"
364,16695685,"kwon yong deuk","2026-08-14 23:25:01",2430.0,2,kwonyongdeuk
365,16720797,"Pulak Kanti Bhowmick","2026-08-17 08:27:15",2429.8,2,pulakkantibhowmick
366,16641372,ShoaibSSM,"2026-08-15 09:40:08",2429.1,2,"naveenlx111249971939,shoaibssm"
367,16656432,"CornHub Premium","2026-08-17 07:05:40",2425.8,2,nihilisticneuralnet
368,16661701,premjampuram,"2026-08-14 05:58:12",2425.3,2,"anji2705,premjampuram,sheetallodhi"
369,16626191,"kevin park","2026-08-17 03:37:40",2425.2,2,k3v1npark
370,16671012,"Sean Zhang","2026-08-12 19:03:54",2425.0,2,seanzhang2445
371,16621163,john,"2026-08-16 14:06:25",2423.7,2,jaejohn
372,16623458,datnt114,"2026-08-14 15:55:56",2422.8,2,kingkong153
373,16664751,"Cindy Meng90","2026-08-17 02:07:30",2420.8,2,cindymeng90
374,16621219,"Inna Campo","2026-08-15 09:08:23",2420.3,2,innacampo
375,16703300,"Fahd EL ANSARI","2026-08-15 23:47:17",2420.0,2,fahdelansari
376,16641183,"Team Name Pending","2026-08-17 10:39:36",2419.3,2,"abdaathaillahhadyan,oliverspiby"
377,16729054,"Shantanu Kesarkar","2026-08-17 06:58:29",2418.5,2,shantanukesarkar
378,16635663,"Pascal Pfeiffer","2026-08-14 20:16:53",2418.4,2,ilu000
379,16701897,"Alejandro Lavandeira Casais","2026-08-14 12:56:12",2418.1,2,alejandrolavandeira
380,16646679,tong00,"2026-08-17 12:02:11",2417.7,2,tong00
381,16639625,"Dr Chandrasen Pandey","2026-08-14 02:56:11",2417.7,2,devchandra
382,16631595,CuteClaw,"2026-08-14 01:25:52",2415.2,2,bloodmoonwq
383,16632304,"Masataka Suzuki","2026-08-17 07:38:44",2412.3,2,masatakasuzuki
384,16690867,HowardLeeTW,"2026-08-15 09:14:17",2411.1,2,howardleetw
385,16701051,"Komi ShouKo","2026-08-17 01:32:05",2410.6,2,asdwswdxd
386,16720088,"Oiti Roy","2026-08-14 06:26:04",2410.5,1,oitiroy
387,16623488,"Kevin E R MILLE","2026-08-17 06:47:05",2410.4,2,kevinermille
388,16724060,"Mạnh Linh Hoàng","2026-08-15 15:54:52",2409.8,2,manhlinh1501
389,16676455,"Sarthak Sharma ","2026-08-16 14:42:20",2408.4,2,sarthaksharma14
390,16624969,tf,"2026-08-15 12:18:42",2406.0,2,tfukuhara
391,16666442,"SHALWIN SANJU","2026-08-14 17:34:33",2405.8,2,shalwinsanju
392,16709115,"PARK HYUNSIK","2026-08-16 21:16:52",2405.6,2,hyunsikpark
393,16683813,WangQrkkk,"2026-08-17 06:54:07",2403.7,2,wangqrkkk
394,16651088,ych~sun,"2026-08-17 08:51:52",2403.0,2,ychsun
395,16695615,Celinao,"2026-08-14 08:02:47",2402.8,2,celinao
396,16674683,"Ali Esam","2026-08-14 18:13:12",2402.2,2,zyxsu0
397,16679987,"Said Mohamed Omary","2026-08-14 23:50:49",2401.3,2,saidmohamedomary
398,16621294,dpquoc,"2026-08-15 01:36:49",2399.7,2,dpquoc
399,16712459,松原琉喜,"2026-08-14 14:54:47",2397.9,2,ryuki12kyo
400,16657228,"Vladimir Babin","2026-08-14 02:19:21",2396.6,2,vovababin
401,16655277,GUAM,"2026-08-17 06:55:09",2395.6,2,"jeongminlee92,kmmmvs"
402,16725403,tabetai28,"2026-08-16 17:02:15",2395.5,2,taichiabewaseda
403,16713281,SirShifu,"2026-08-16 17:48:03",2394.6,2,sirshifu
404,16710466,"Charles Backman on LinkedIn","2026-08-16 20:40:57",2394.5,2,charlesbackman
405,16667964,Shuiys,"2026-08-15 03:03:25",2394.1,2,ysshui
406,16682557,"Soumalya Mandal","2026-08-14 14:57:29",2393.1,2,mrcyberhunter
407,16728160,Ozi,"2026-08-17 04:24:35",2391.8,2,muhammaduzair21
408,16660233,ko9ma,"2026-08-15 00:28:44",2390.5,2,kohojung
409,16668227,Yusuraume,"2026-08-14 13:47:09",2388.9,2,sugitatomohiko
410,16630752,motemen,"2026-08-17 09:00:44",2388.5,2,motemen
411,16663590,"Jakub Dolének","2026-08-13 13:08:32",2388.3,2,dolenek
412,16727191,"Alexander Kokshenin","2026-08-17 11:59:22",2386.0,2,kokshenin
413,16653129,"Prashanth Reddy Biyyani","2026-08-16 19:32:20",2385.6,4,"prashanthbiyyani,shivagurrala,sumu1526"
414,16707915,MGöksu,"2026-08-17 10:24:02",2384.4,2,mgoksu
415,16634246,just_calculate,"2026-08-16 01:58:06",2384.4,2,justcalculate
416,16716566,"Junliang Ye","2026-08-17 10:32:28",2382.9,2,junliangye
417,16677149,"Umataro Tenma","2026-08-16 02:05:38",2382.8,2,umatarotenma
418,16665125,"David Schindler15","2026-08-14 04:58:39",2382.6,2,"davidschindler15,mz3207"
419,16682879,"Patrick Chan","2026-08-17 11:25:20",2382.5,2,drpatrickchan
420,16633173,"Saulo Quiñones Góngora","2026-08-15 04:36:47",2382.3,2,sauloquionesgngora
421,16631460,Kosuke.T,"2026-08-16 00:41:48",2380.9,2,kosuke1992
422,16663284,"Aman Prakash","2026-08-12 20:58:28",2379.8,2,amanprakash777
423,16639250,"Hamed Seyed-allaei","2026-08-15 21:33:05",2379.1,2,pinocchio
424,16672003,carlscamt,"2026-08-14 17:19:42",2378.0,2,carlscamt
425,16623309,zyvren,"2026-08-17 01:24:28",2376.3,2,sharif485
426,16696738,rekhasri,"2026-08-17 07:29:25",2373.6,2,rekhasri
427,16723096,Shabuuu,"2026-08-15 03:58:01",2372.0,2,shabuuu
428,16717792,han10086,"2026-08-13 15:05:21",2371.4,2,han10086
429,16655582,"Yang Jinneng","2026-08-15 13:13:12",2369.5,2,adurey
430,16725081,ZhouYongqi,"2026-08-17 10:54:14",2367.3,2,xy0v0zhang
431,16671306,Yeswanthperni,"2026-08-16 23:40:33",2367.1,2,"tanvicaaa,yeswanthperni"
432,16676885,"Riva Kajangu","2026-08-17 00:59:47",2365.9,2,rivakajangu
433,16693934,evnchn,"2026-08-17 04:26:09",2362.3,2,evnchn
434,16637597,venks,"2026-08-15 03:55:31",2355.7,2,vterli
435,16636079,"Pawan Rama Mali","2026-08-17 08:03:07",2354.8,2,pawanmali
436,16708546,"Blue Rain","2026-08-12 13:35:15",2352.1,2,bluefeather386
437,16717113,"Dovydas Ruokis","2026-08-16 08:39:29",2351.8,2,dovydasruokis
438,16662051,"Salem Ali","2026-08-17 08:04:10",2349.0,2,salemali7
439,16665416,"zeyu lau","2026-08-14 06:59:08",2347.8,2,zeyulau
440,16699745,"Norbert Szolnoki","2026-08-15 16:29:23",2344.5,2,norbertszolnoki
441,16640540,QYQ1693,"2026-08-17 10:01:51",2340.9,2,qyq1693
442,16730728,"Le Trong Hieu","2026-08-17 08:38:41",2340.1,2,backtracking
443,16672653,Cultuurstelsel,"2026-08-13 16:59:47",2339.0,2,ryuorlandotamin
444,16674385,"qr Z1201","2026-08-16 17:33:57",2338.7,2,qrz1201
445,16683567,supr3mum,"2026-08-17 10:27:30",2336.6,2,friklez
446,16634519,"Darshan Makwana","2026-08-15 03:34:34",2336.2,2,ellipticaloranges
447,16659771,DieByTheSword,"2026-08-16 19:03:14",2336.0,2,przemysawstroiws
448,16633850,Pascal,"2026-08-16 08:17:36",2335.7,2,pascalledesma
449,16722986,"Abhiram 9803","2026-08-15 18:43:09",2335.1,2,abhiram9803
450,16698538,"Haozhe Wang 2022","2026-08-17 10:00:10",2333.2,2,haozhewang2022
451,16709435,"Artyom Lyan","2026-08-17 09:37:42",2331.9,2,arli2016
452,16719100,"Abhiraj Singh","2026-08-14 12:02:33",2331.3,2,cyberdrago
453,16726994,bird,"2026-08-16 09:47:17",2330.6,1,whitebird
454,16655255,MalelizarazoP,"2026-08-15 23:12:35",2330.2,2,malelizarazop
455,16671454,Shadow,"2026-08-17 07:22:38",2329.9,2,uziahmd
456,16679694,"Yaro Perventsev","2026-08-17 00:04:57",2329.5,2,yaroslavperventsev
457,16658221,"Roshan Roy","2026-08-14 14:43:41",2326.8,2,"adhilvt,mohamedarifj,roshanroy333"
458,16676904,researchstudio.site,"2026-08-17 01:50:53",2325.4,2,fistyee
459,16688460,lllleeeo,"2026-08-17 07:49:50",2322.6,2,lllleeeo
460,16655305,"Junior Sohou","2026-08-14 00:15:42",2322.3,2,juniorsohou
461,16652334,"Aldibek [dsmlkz]","2026-08-15 14:24:59",2320.5,2,aldibek
462,16659103,Arin,"2026-08-16 02:26:33",2320.0,2,skarin
463,16678061,"Sushanth Tiruvaipati","2026-08-17 03:55:26",2319.3,2,sushanthtiruvaipati
464,16701868,AJ,"2026-08-14 01:23:58",2319.2,2,abduljabbarcalica
465,16697089,"aghbalou Anass","2026-08-13 20:38:56",2318.1,2,aghbalouanass
466,16626655,"Surya milenial","2026-08-15 15:32:33",2316.8,2,suryamilenial
467,16623370,kenmatsu4,"2026-08-14 09:03:08",2316.7,2,kenmatsu4
468,16680967,Tyooughtul,"2026-08-16 00:58:06",2316.4,2,yooughtul
469,16695691,neural-canvas,"2026-08-12 20:46:37",2314.8,2,mrsanap
470,16729192,1m0ke,"2026-08-17 05:42:03",2314.1,2,smokelate
471,16640368,"Nkosi Ndwandwe","2026-08-16 12:17:09",2314.0,2,nkosindwandwe
472,16662684,"Harshini Reddy","2026-08-16 00:41:18",2313.6,2,luffyh04
473,16693534,HireMe,"2026-08-15 02:24:20",2313.5,2,junta1104
474,16660483,TIM,"2026-08-17 02:54:29",2312.9,2,daynoryamil
475,16633222,maxingkong733,"2026-08-13 02:30:41",2311.0,2,maxingkong733
476,16715933,Scomics,"2026-08-14 10:38:51",2309.9,2,"bruceche7797,dongyiqun,jyxxxx"
477,16658038,Khanh,"2026-08-17 09:46:03",2309.5,2,khanhp142
478,16698726,"Honeey L","2026-08-13 11:11:53",2309.3,2,honeeyl
479,16640933,"Bhanu prasad","2026-08-15 07:38:29",2308.4,2,restlesseagle
480,16660041,"Hoàng Quốc Việt ","2026-08-14 03:56:03",2308.2,2,viethwang3i
481,16656399,CROW,"2026-08-14 04:59:30",2306.7,2,"aaayangxh,hanifnoerrofiq"
482,16724755,K.nosaka,"2026-08-15 09:22:46",2306.6,2,kenseinosaka
483,16629685,mikelou1,"2026-08-12 14:43:09",2306.3,2,mikelou1
484,16660726,养殖一些扫福睿,"2026-08-17 08:05:41",2304.1,2,gengsr
485,16660209,"Whyme Labs","2026-08-16 06:06:09",2303.3,2,whymelabs
486,16709246,"Tariku Mehdi","2026-08-15 23:07:20",2301.7,2,tarikumehdi
487,16697689,"Pavel Pakhmutov","2026-08-12 23:11:23",2300.8,2,pavelpakhmutov
488,16630380,JM,"2026-08-16 09:28:26",2300.3,2,julianmukaj
489,16706442,tipstar0125,"2026-08-16 10:13:28",2299.6,2,dragonty
490,16649313,"Jiajun HAN","2026-08-14 07:13:57",2299.4,2,jiajun1
491,16659215,"Zhizhou Sha","2026-08-15 22:15:10",2299.1,2,zhizhousha
492,16686424,"Thần Thoại","2026-08-14 09:00:26",2297.2,2,thanthoai
493,16713743,oliver,"2026-08-16 19:02:10",2297.2,2,ollibolli
494,16701633,"Jacob Davis","2026-08-17 01:33:12",2296.8,2,jacobtdavis
495,16655263,rishavsaigal,"2026-08-14 14:30:08",2295.1,2,rishavsaigal
496,16655109,"Tia He","2026-08-14 19:58:44",2294.8,2,altheahe
497,16645203,easonyanyan,"2026-08-16 06:08:27",2294.5,2,easonyanyan
498,16632777,"Alexandrine Cakpo","2026-08-15 12:43:29",2293.5,2,alexandrinecakpo
499,16645705,wataru420,"2026-08-17 04:17:31",2293.3,2,wataru420
500,16671017,"Pablo César Ruíz","2026-08-16 08:03:23",2292.0,2,pcruiher08
501,16644229,"Amy Yuan","2026-08-17 03:34:14",2292.0,2,cozytato
502,16630274,yutoAb,"2026-08-17 06:55:30",2291.0,2,yutoab
503,16644160,"Saravana Rajan B","2026-08-14 08:16:00",2290.5,2,saravanarajanb
504,16702691,"Zengyi Mei","2026-08-14 09:41:54",2289.4,2,sfkmzy
505,16679443,albu,"2026-08-15 19:22:12",2288.6,2,albuslaev
506,16730344,lvisdd,"2026-08-17 07:36:42",2288.3,2,lvisdd
507,16623990,senkin13,"2026-08-17 04:04:08",2287.7,2,senkin13
508,16694091,"Nan Leng","2026-08-17 08:16:11",2287.7,2,nleng66ca
509,16677810,"Maksim Borisov","2026-08-17 11:51:39",2287.3,2,ma4ypic4y
510,16667767,t3l3k3n3sis,"2026-08-17 10:19:36",2285.9,2,"daffafariq,hashmatzamaryali,malsabbagh05"
511,16655877,"Harish K","2026-08-14 12:31:27",2283.8,2,harishk2209
512,16661622,"Ergin Akın","2026-08-16 11:36:29",2283.3,2,erginakin
513,16701768,darasty,"2026-08-17 11:16:37",2283.2,2,darasty
514,16719536,"Mandy Lin","2026-08-14 03:18:29",2283.1,2,ydnamlin
515,16664573,AdhithyaRokhith,"2026-08-15 18:13:50",2283.1,2,adhithyarokhith
516,16697767,"Teddy Tennant","2026-08-16 20:41:05",2282.8,2,thtennant
517,16712185,"Vishal Khomane","2026-08-13 13:53:10",2281.3,2,vishal567
518,16669856,StrugglerK,"2026-08-12 22:40:20",2281.3,2,muhammedkaanlker
519,16627600,Nat00,"2026-08-17 10:18:14",2280.6,2,natliablascoandreo
520,16622919,Waffle,"2026-08-17 01:31:33",2278.3,2,waffle3z
521,16689741,shinamonmon,"2026-08-17 06:32:15",2278.2,2,shinamonmon
522,16663241,"Kris Adamatzky","2026-08-13 09:49:19",2276.7,2,krisadamatzky
523,16722818,"Mukesh R","2026-08-16 13:07:44",2276.1,2,mukeshr06
524,16634156,"Hiroyasu Okuno","2026-08-17 11:23:44",2275.7,2,hiroyasuokuno
525,16706897,"Akshay Mathur","2026-08-15 12:57:43",2274.8,2,akshaymathur777
526,16659081,"JALKARNA GAUTAM","2026-08-17 05:07:04",2273.6,2,jalkarnagautam
527,16709950,"Ryan Myers","2026-08-16 01:31:27",2273.3,2,ryanmyers03
528,16704466,"QQ Farming","2026-08-17 10:24:40",2272.2,2,"mitubant,ngyzly"
529,16635818,F.A.Nina,"2026-08-16 20:15:06",2272.1,2,nina2025
530,16682494,Phi,"2026-08-17 04:12:03",2271.6,2,ajinomoto132
531,16685074,"Emir Can","2026-08-13 22:31:30",2270.2,2,aerospacer
532,16665336,"maoyuan ma","2026-08-16 07:39:55",2269.8,2,maoyuanma
533,16658343,aisamhottman,"2026-08-16 23:15:57",2269.8,2,heuingttiang
534,16690401,Skyspace,"2026-08-14 09:24:52",2269.6,2,empireblue
535,16630825,"Black Mamba Farm","2026-08-17 06:09:52",2269.2,2,"asherjyd,qizhiran,yukundu231100"
536,16683865,Shin7jp,"2026-08-14 09:51:13",2268.4,2,shin7jp
537,16670755,"Amine zeDDouk","2026-08-13 21:30:33",2267.9,2,aminezeddouk
538,16684748,dejavucry,"2026-08-16 13:03:56",2267.4,2,dejavucry
539,16691702,kss,"2026-08-13 19:30:20",2266.7,2,l0glikelihood
540,16639520,"Cary Jin","2026-08-17 10:02:28",2265.8,2,strigiformes
541,16668162,AlejandroAlvarez,"2026-08-14 22:06:48",2265.2,2,theworm
542,16667734,SuroRitch,"2026-08-15 16:23:52",2264.4,2,suroritch
543,16671424,cicen1139,"2026-08-13 11:40:31",2262.6,2,cicen1139
544,16708226,asi1024,"2026-08-16 13:14:53",2261.4,2,asi1024
545,16655477,"Nitesh Ranjan Singh","2026-08-13 17:52:28",2260.7,2,niteshranjansingh
546,16713335,"Muhammad Imran","2026-08-17 07:50:30",2259.1,2,muhammadimranchitral
547,16702429,iamlonely,"2026-08-17 10:23:31",2256.8,2,iamlonely
548,16718956,hassan,"2026-08-15 16:23:37",2256.2,2,hasankhhan
549,16684045,zekenoe,"2026-08-17 02:33:07",2255.1,2,zekenos
550,16719238,"Rômulo Siqueira","2026-08-14 14:45:12",2254.9,1,romulosiqueira
551,16677945,"Quân Trần","2026-08-15 23:40:02",2254.8,2,wuntrn
552,16694138,Alex,"2026-08-15 13:21:59",2254.4,2,alex789
553,16673131,"Arfin Mustofa","2026-08-14 06:55:51",2253.4,2,arfinmustofa
554,16663818,"Mike Mordetsky","2026-08-12 11:22:49",2253.3,2,mikemordetsky
555,16656776,ShaoCharles,"2026-08-14 23:36:34",2251.8,2,shaocharles
556,16665596,chunhu666,"2026-08-13 05:27:59",2251.6,2,chunhu666
557,16682892,"Alvaro Llamojha","2026-08-15 17:37:15",2251.6,2,alvarollamojha
558,16672128,Cliffton,"2026-08-17 04:44:46",2251.4,2,rieltzx
559,16666301,"James Felipe","2026-08-17 03:00:01",2249.4,2,jamesfelipe
560,16659464,"Héctor Valverde","2026-08-15 23:44:57",2248.9,2,hvpareja
561,16623799,"Akhilesh godugu","2026-08-17 06:56:44",2248.3,2,"akhileshgodugu,ashokgodugu"
562,16714059,Yentür,"2026-08-12 18:47:44",2248.3,1,meryentr
563,16692548,"Rockstar Farmer","2026-08-17 00:03:27",2248.0,2,yuhaili
564,16663240,"Rilen T. L.","2026-08-16 15:22:14",2243.9,2,"jairosilvabastos,rilentl"
565,16694710,ponsuk,"2026-08-17 10:57:17",2242.7,2,ponsuk
566,16715579,Uvais,"2026-08-17 10:34:42",2241.9,2,joshuaedwinjacobv24f
567,16719002,Astraeus,"2026-08-16 16:44:11",2241.9,2,astraeusdotdev
568,16687901,Khalid,"2026-08-17 02:02:36",2241.6,2,khalid000000
569,16644578,"Team Name","2026-08-15 05:44:02",2240.2,2,baytree1238
570,16715066,akahane,"2026-08-16 21:07:08",2239.2,2,shuheiakahane
571,16630516,"Seb (allegedly)","2026-08-15 22:14:34",2239.1,2,sebmallia
572,16652764,hikahika,"2026-08-16 00:35:31",2238.4,2,naganohikaru
573,16685047,Yvonne.,"2026-08-15 08:33:47",2238.0,2,zdawer250
574,16672247,"Movie Watch2022","2026-08-16 13:39:52",2237.0,2,moviewatch2022
575,16683193,Paami,"2026-08-17 03:05:37",2236.6,2,coldpaami
576,16688130,"Lujia Liang","2026-08-17 00:40:44",2235.3,2,lujialiang123
577,16670453,141,"2026-08-17 07:20:45",2235.2,2,"muhammadmustafaxo,siddiqshah"
578,16722303,JohannPongratz,"2026-08-16 10:32:43",2235.2,2,johannpongratz
579,16693976,rererenore,"2026-08-16 10:46:36",2231.8,2,rererenore
580,16623445,"Hasin Raihan Dhrubo","2026-08-16 09:28:12",2231.4,1,hasinraihandhrubo
581,16697395,darktetradgod,"2026-08-14 09:19:49",2231.1,2,darktetradgod
582,16669911,"Batuhan Ustun","2026-08-15 14:17:19",2231.1,2,batustun
583,16645712,"Changye Li","2026-08-13 09:35:54",2230.5,2,antoinegg1
584,16716698,gisgisgis,"2026-08-15 05:35:47",2230.2,2,gisgisgis
585,16691830,"Nikita Lugovoy","2026-08-15 03:39:17",2229.7,2,nikital7
586,16628295,qwertykeypadapple,"2026-08-13 19:05:04",2227.4,2,qwertykeypadapple
587,16719563,"GPT-5.6 Sol🏆","2026-08-15 02:02:40",2226.7,2,"ctfxiao,gaoruihua,otherworldly777,wennaliu2007,xgentle"
588,16663485,"Jacob Alstrup","2026-08-16 22:26:19",2226.5,2,jacobalstrup
589,16698069,k_4821,"2026-08-12 06:43:09",2224.8,2,edgarondoodevilclub
590,16670276,"Egor Trushin","2026-08-17 07:08:39",2223.8,2,egortrushin
591,16710141,htatsumi,"2026-08-15 01:07:11",2223.1,1,tatsumihasebe
592,16675671,"MMM Abbie","2026-08-17 10:27:27",2222.3,2,kchuang
593,16661362,BEETRiX🦋,"2026-08-11 14:42:28",2221.7,2,johannaleighdeley
594,16681125,msd0110,"2026-08-16 08:53:28",2221.5,2,"morimo,msd0110,piiiiiiiii,qistripute"
595,16719083,"Justin Mai 16","2026-08-14 22:07:05",2221.2,1,justinmai16
596,16655688,"Ryan Shan","2026-08-13 02:43:38",2220.9,2,codegold
597,16669148,"Syed Muhammad Gillani","2026-08-17 11:20:46",2218.4,2,syedmuhammadgillani
598,16725899,Zhenghongshuang,"2026-08-16 07:04:27",2217.4,2,zhenghongshuang
599,16654490,"Furious Monk","2026-08-17 06:26:25",2216.7,2,furiousmonk
600,16696607,"Manish modak","2026-08-16 07:37:54",2216.3,2,manishmodak
601,16654715,"Aqib Raza","2026-08-14 20:41:04",2215.9,2,aqibrazadev
602,16730142,static,"2026-08-17 09:49:36",2215.2,2,huangshunhao
603,16623226,"Hafida Belayd","2026-08-14 00:09:07",2214.2,2,hafidabelayd
604,16690805,"Alejandro Ayestaran","2026-08-17 12:00:01",2213.7,2,alejandroayestaran
605,16654379,"Sebastian Mateus","2026-08-16 18:48:47",2213.0,2,sebastianmateus
606,16621515,"Alexander Gremyakov","2026-08-17 10:25:04",2210.0,2,alexandergremyakov
607,16654068,"Renoir Vieira","2026-08-16 13:17:44",2205.1,2,renoirvieira0
608,16665233,"Akash Deep","2026-08-13 13:52:15",2203.0,2,akashdeepo
609,16657796,"parv goyal2","2026-08-15 15:38:40",2201.4,2,parvgoyal2
610,16689018,Yoruet,"2026-08-15 10:00:05",2201.0,2,yoruet
611,16682885,风沙星辰,"2026-08-13 04:11:59",2200.3,2,"duoliya,linyeping,sereinovov,wangying2026"
612,16701759,xycai,"2026-08-14 17:23:35",2199.0,2,xycaipku
613,16709468,"Andrey Chankin","2026-08-16 22:26:29",2198.4,2,bluepill
614,16688787,"10K hours Stardew Valley","2026-08-17 05:03:10",2196.8,2,vencerlanz09
615,16643554,"Arnie Jimenez","2026-08-13 19:20:50",2196.3,2,arniejimenez
616,16668564,"Rikito Kanda","2026-08-16 08:10:44",2194.3,2,rikitokanda
617,16661509,JSON_Voorhees,"2026-08-17 00:23:23",2194.0,2,michaelgreenhut
618,16714498,Zubekanov,"2026-08-17 09:55:20",2194.0,2,zubekanov
619,16634166,Yuki.O,"2026-08-17 11:28:22",2193.3,2,yukiohkawa
620,16657803,"Arya Mazloomi","2026-08-14 00:17:11",2193.0,2,aryamazloomi
621,16663946,"Hello San Francisco","2026-08-17 07:16:30",2190.9,2,"circiumaru,dulgherustefan,radugoga"
622,16621075,"Octavi Grau","2026-08-12 16:10:19",2190.0,2,octaviograu
623,16621355,Raiden.B,"2026-08-12 05:49:42",2188.2,2,raidenb
624,16624484,"Tomoki Hirose","2026-08-12 15:11:54",2186.1,2,tomokihirose
625,16698214,Juandix,"2026-08-17 07:47:45",2186.0,2,juandix
626,16666939,20237208_黄奕恺,"2026-08-15 13:13:07",2185.7,2,mrhuangyy
627,16722378,waticson,"2026-08-14 14:02:33",2184.3,1,yutodennou
628,16665654,"Anurag H H","2026-08-16 11:08:16",2183.6,2,anur4ghh
629,16697229,"Masashi Nishimoto","2026-08-12 23:07:10",2183.6,2,masashinishimoto
630,16691987,0xalgos,"2026-08-17 09:35:28",2183.3,2,anandvashishtha5362
631,16663603,xsong2020,"2026-08-12 20:09:28",2182.6,2,xstargate
632,16664860,ANUJPUROHIT18,"2026-08-14 19:31:56",2181.5,2,anujpurohit05
633,16622898,"sbol ball","2026-08-14 11:22:45",2181.2,2,"linearbasis,maksimkostritsya"
634,16674881,"Saisree Dhanasekaran","2026-08-17 10:51:15",2178.3,2,saisreedhanasekaran
635,16682386,"Charbel Nehme","2026-08-14 07:47:11",2176.1,2,charbelnehme
636,16674831,"nk for work","2026-08-17 11:30:19",2175.9,2,nkforwork
637,16675777,"Munshi Sahil Ahmed","2026-08-16 13:00:50",2175.5,2,mlboy1
638,16658345,Ficu∞$,"2026-08-14 01:41:26",2175.2,2,mikeintokyo
639,16632593,skomuro,"2026-08-14 15:48:17",2174.8,2,skomuro
640,16671588,Keisuke,"2026-08-17 05:24:03",2174.0,2,keisukeueda
641,16696743,"wennan cao","2026-08-16 07:00:59",2173.2,2,wennancao
642,16729828,spunkrock,"2026-08-16 20:08:06",2172.6,1,spunkrock
643,16667147,"Daksh Bhalala","2026-08-16 17:29:34",2171.5,2,dakshbhalala
644,16667787,"Daryl Brach","2026-08-17 09:41:51",2170.9,2,dbrach
645,16657728,"T Soo","2026-08-13 06:36:25",2169.4,1,ttgrcgrc
646,16689863,yukichi0403,"2026-08-15 06:56:18",2168.3,2,yukitake93
647,16674684,next-best-agent,"2026-08-17 09:39:57",2168.2,2,"minhduy13ly,tdtu981"
648,16677337,"xi luo","2026-08-17 05:15:26",2165.6,2,xiluo00
649,16711376,"Arman Tuganbaev","2026-08-17 10:00:53",2165.2,2,armantuganbaev
650,16667998,Speril,"2026-08-16 09:13:41",2164.1,2,speril
651,16718649,"Zakaria Aala","2026-08-17 01:03:30",2163.8,2,zlordgrim
652,16650372,Greed,"2026-08-12 17:18:47",2163.7,2,greedshen
653,16664164,"Elzandi Irfan Zikra","2026-08-15 15:53:21",2162.0,2,zangetsufuin
654,16709203,Ayush_Patel,"2026-08-16 19:45:31",2161.9,2,ayushpatel1305
655,16651402,"Mille Initiate","2026-08-17 04:03:44",2161.9,2,milleinitiate
656,16677568,yarneo,"2026-08-17 08:12:22",2159.9,2,yarneo
657,16692851,ichnixhelle,"2026-08-12 22:20:24",2157.0,2,ichnixhelle
658,16658777,"Jiarui (Jerry) Cao","2026-08-15 03:44:07",2154.5,2,jiaruicao7
659,16713127,Felis,"2026-08-16 10:26:13",2153.5,2,ilyaafanasenko
660,16675351,-Beterraba,"2026-08-15 02:01:39",2151.9,2,"afonsoo,miguelottoni"
661,16654076,"Son Pham","2026-08-17 07:18:17",2147.9,2,sonphamorg
662,16661743,"Sergey Kutepov","2026-08-17 02:21:02",2147.5,2,natsyst
663,16665402,PrasadChopade213,"2026-08-12 11:43:31",2147.4,2,prasadchopade213
664,16731926,"Pardheev Krishna","2026-08-17 11:17:16",2146.9,2,pardheev
665,16663229,kakuteki,"2026-08-15 19:31:07",2146.8,2,kakuteki
666,16674479,"Alan Rosston","2026-08-14 08:20:49",2146.6,2,alanrosston
667,16677597,InformaBook2,"2026-08-17 11:03:49",2146.5,2,informabook2
668,16718480,PLReddy23,"2026-08-16 22:32:18",2145.6,2,plreddy23
669,16633226,test_money,"2026-08-17 10:56:41",2143.3,2,michaelsemenoff
670,16718937,62326368,"2026-08-15 19:30:29",2142.0,2,mooniim
671,16704580,"Yunho Hwang","2026-08-16 12:07:12",2140.8,2,yunhohwang
672,16702275,Joyal,"2026-08-13 14:57:09",2140.2,2,joyalseejo
673,16709462,"KK #2","2026-08-14 09:06:37",2139.7,2,kk2909
674,16673250,Prashant,"2026-08-12 05:06:08",2139.0,2,"kajalsinghrajpoot,prashantxo"
675,16663694,"Dimitri ZABRE","2026-08-12 21:00:12",2138.1,2,dimitrizabre
676,16632006,"Adwait Tagalpallewar","2026-08-16 08:44:12",2137.6,2,adwaittagalpallewar
677,16731194,"Neglected Turtle","2026-08-17 11:14:24",2137.1,2,pleaselike
678,16683808,RuggedBones,"2026-08-16 17:38:40",2134.3,2,ruggedbones
679,16653927,"Fernando GH H","2026-08-17 03:13:54",2133.2,2,fernandoghh2
680,16654704,mandgeee,"2026-08-17 11:09:09",2132.5,2,mandgeee
681,16691219,"Yike Xu","2026-08-17 06:00:16",2130.0,2,weiyun22021
682,16624047,GUOHAOYANG,"2026-08-12 22:23:02",2128.7,2,pkuszboi
683,16655335,Justus,"2026-08-16 17:26:08",2127.9,2,justus0
684,16661768,"Lợi Trần Bảo","2026-08-17 05:14:37",2127.5,2,litrnbo
685,16655686,Kyle,"2026-08-17 01:17:30",2125.6,2,kylezhouzhou
686,16683488,"Ripudaman Parmar","2026-08-17 06:12:30",2125.5,2,"ktkgpt,ripudamanparmar"
687,16709339,"Mohammad Javad Dianat","2026-08-15 05:45:06",2125.3,2,dianatofficial
688,16632493,"oni chan arigato","2026-08-16 19:25:55",2124.1,2,nabidnur
689,16655383,MtN,"2026-08-17 11:24:35",2122.9,2,mariotrsn
690,16702975,RicardoLópez,"2026-08-17 05:22:39",2122.8,2,richi2489
691,16729906,"Krzysztof Madziar","2026-08-17 08:25:34",2122.2,2,krzysztofmadziar
692,16654881,Freddy,"2026-08-17 09:49:35",2121.9,2,twoxding
693,16726431,Manav,"2026-08-16 17:51:03",2121.5,2,manavsangwan
694,16685850,K,"2026-08-14 06:37:41",2121.2,2,kolci017
695,16726232,"sayed rafi","2026-08-16 12:36:32",2120.9,2,sayedrafi
696,16681275,"CUG HeQiao","2026-08-12 09:06:14",2120.4,2,cugheqiao
697,16714159,Lonnie,"2026-08-12 19:20:20",2119.2,1,lonnieqin
698,16715628,Dian,"2026-08-17 01:57:33",2118.6,2,clas233
699,16632172,Ayodeji,"2026-08-15 12:33:20",2116.3,2,ayodejiibrahimlateef
700,16654783,quantara.cv,"2026-08-17 00:12:48",2114.5,2,goth55
701,16659160,"Dmitry Bardonov","2026-08-16 15:02:27",2114.1,2,bdesim
702,16655478,Bruce,"2026-08-17 10:31:49",2114.0,2,bruceqdu
703,16675088,"Andrei Chulkov","2026-08-15 19:43:12",2113.6,2,andreichulkov
704,16634143,"manual player","2026-08-14 00:41:13",2113.4,2,prospal
705,16654027,shiv,"2026-08-17 04:56:57",2113.3,2,shivaurora
706,16713178,Funno,"2026-08-16 12:49:16",2112.8,2,yes711
707,16725851,hetspookjee,"2026-08-17 09:47:43",2111.3,2,hetspookjee
708,16684641,t.me/aetheranime,"2026-08-14 06:22:25",2108.5,2,yfrite
709,16663783,WBF_USA_NYC,"2026-08-13 04:00:27",2108.3,2,wbfranci
710,16658287,ArturoSirvent,"2026-08-15 10:06:30",2107.9,2,arturosirvent
711,16652750,"Bahadir Selim Bakla ","2026-08-17 01:23:57",2107.6,2,bahadirselimbakla
712,16676034,"Songyot P","2026-08-17 05:23:33",2106.0,2,songyotpi
713,16663264,Adarsh,"2026-08-13 13:54:33",2105.2,2,madarshbb
714,16635745,"João Victor","2026-08-17 01:44:19",2104.9,2,jvlegend
715,16622531,"musya lyusya team","2026-08-16 18:14:17",2103.9,2,vswz2nqp
716,16657494,Trex,"2026-08-12 14:00:14",2103.9,2,trexzone
717,16728067,"Chenzhao Li","2026-08-16 18:11:56",2103.1,2,heartquest
718,16713155,AdarshAleti,"2026-08-15 18:41:54",2102.5,2,adarsh1077
719,16701362,"Papa Annan","2026-08-17 04:15:35",2102.0,2,papaannan
720,16697836,OzanM.,"2026-08-13 07:34:21",2100.0,2,analyticaobscura
721,16705790,clora,"2026-08-15 13:00:17",2099.1,2,clora16
722,16717186,"Roumak Das","2026-08-13 11:53:06",2098.7,1,roumak77
723,16655758,patience,"2026-08-17 08:40:48",2098.0,2,"weirdocurry,wenjunkai124"
724,16709176,Efnutrrionpy,"2026-08-12 04:24:11",2097.3,2,efnutrrionpy
725,16700995,"Maram Ali","2026-08-15 09:13:15",2096.7,2,msama01
726,16710587,durgasai,"2026-08-16 13:11:27",2096.6,2,dsainvg
727,16622032,"Raunak Dey","2026-08-13 17:22:49",2094.9,2,raunakdey07
728,16707598,Kamazarashi,"2026-08-15 03:55:06",2094.1,2,kamazarashi
729,16655844,MAFIN,"2026-08-13 01:53:06",2093.7,2,moneyman91
730,16671821,donglee,"2026-08-13 09:13:09",2093.7,1,dongleeovo
731,16722619,vlavlalva,"2026-08-16 10:08:48",2093.7,2,cppcph
732,16634312,"Linh Le","2026-08-17 09:06:18",2093.5,2,linhlethuy
733,16663515,HamsterSashka,"2026-08-13 13:43:54",2092.9,2,hamstersashka
734,16632444,"Issac “Izreal” Davis","2026-08-13 20:42:03",2092.3,2,issacizrealdavis
735,16712863,ominteam,"2026-08-16 09:57:58",2092.0,2,"luantony,suruikk"
736,16657825,MilanJoshi,"2026-08-17 07:51:48",2091.9,2,mlnjsh
737,16626814,"Vu Tran Hoang","2026-08-17 11:15:34",2090.5,2,hoangvux
738,16724801,Noir,"2026-08-17 00:48:04",2090.0,2,nuitnoir
739,16715235,l1aF,"2026-08-16 15:19:57",2088.2,2,hhhoang
740,16695093,"Ryota Murai","2026-08-15 19:54:54",2087.7,2,rmuraix
741,16654158,"Md. Hamid Hosen","2026-08-13 20:08:24",2087.7,2,hosen42
742,16655179,"I Need an Internship","2026-08-15 02:39:23",2087.6,2,dimasibnumuthi
743,16624056,Raggriculture,"2026-08-12 16:29:15",2087.4,2,ravi123a321at
744,16666884,"Antonio Stanciu","2026-08-15 14:33:52",2087.1,2,stanciuantonio
745,16654662,"2/3 rounded to two decimals","2026-08-14 03:22:06",2085.1,2,rnold2
746,16695229,X1a0Ch3n,"2026-08-12 18:04:39",2084.7,2,xiaochen20236673
747,16624571,"Baidalin Adilzhan [dsml.kz]","2026-08-17 12:00:38",2084.1,2,baidalinadilzhan
748,16659328,"Muhammed Ashiq Abdul Khader","2026-08-12 07:13:09",2083.8,2,ashiqabdulkhader
749,16664111,"John Park","2026-08-14 02:31:09",2082.7,2,sigint
750,16692711,Deniz,"2026-08-14 08:50:54",2082.1,2,denizeryilmaz
751,16710421,SZ_00_zyz,"2026-08-13 04:02:17",2081.9,2,sz00zyz
752,16672243,"Fazil Putra","2026-08-14 01:24:17",2079.8,2,fazilputra
753,16714058,"Ahmet Erdem Pamuk","2026-08-12 18:59:18",2078.0,2,ahmeterdempamuk
754,16661393,"razab Bawa","2026-08-13 16:32:54",2077.7,2,razabbawa
755,16659776,"Ben Hamilton","2026-08-17 00:30:37",2077.2,2,kineticaxisstudio
756,16665230,"Jack Burley","2026-08-13 04:11:50",2075.3,2,jackburley
757,16726816,"Games Jadley","2026-08-17 01:27:27",2073.8,2,gamesjadley
758,16630711,"Aleks Lviv","2026-08-14 14:31:21",2070.6,2,alekslviv
759,16634654,unknown,"2026-08-13 02:11:22",2070.1,2,abdullahshafi2021
760,16657276,"Пётр П","2026-08-17 04:21:57",2069.8,2,petrinvest
761,16698999,Odyssey,"2026-08-17 02:50:28",2069.0,2,a1spirit
762,16661118,"Sirui Zeng","2026-08-17 05:20:09",2068.6,2,siruizeng
763,16657290,lol-hiker,"2026-08-17 09:05:10",2067.5,2,lolhiker
764,16623836,awarse,"2026-08-14 06:00:45",2067.5,2,awarse
765,16709793,"Victor Hotz","2026-08-13 18:48:06",2067.3,2,victorhotz
766,16688368,"Lam Vo","2026-08-15 16:39:23",2065.5,2,nhatlam
767,16687596,AjPrem,"2026-08-14 18:02:48",2065.0,2,"ajprem,jefferysingh,neelcasula"
768,16694149,maxout,"2026-08-15 15:32:09",2064.8,2,"aadijoshi19,kavyabhand"
769,16671741,Excluding,"2026-08-16 11:06:20",2063.8,2,excluding
770,16665050,"Praneeth Palugula","2026-08-14 06:28:56",2063.8,2,praneethpalugula
771,16656496,"Vaibhav Gupta","2026-08-17 03:58:30",2058.9,2,vaihero
772,16668049,"Masayoshi Kurihara","2026-08-14 06:20:21",2057.7,2,masayoshikurihara
773,16727379,"Nicholas Chua","2026-08-17 08:50:14",2056.4,2,nickckb
774,16667604,L7n,"2026-08-13 05:51:47",2055.5,2,znwe342
775,16720720,道海孤舟,"2026-08-16 08:12:26",2054.5,2,unseenanch
776,16664128,"Michael Todd Overdorf","2026-08-17 00:32:51",2054.3,2,michaeltoddoverdorf
777,16727745,auouer,"2026-08-16 08:20:31",2054.2,2,"auouer,guriken,hkamna,insightfulthinking"
778,16730688,zy,"2026-08-17 10:15:44",2053.8,2,justforwin
779,16663313,onlysmrtsumx,"2026-08-12 01:29:30",2053.3,2,onlysmrtsumx
780,16695608,"Elie Elias","2026-08-12 14:14:48",2053.0,2,elieelias
781,16672136,chupaletas,"2026-08-17 01:23:04",2050.0,2,urvesh
782,16644481,Liquidus,"2026-08-16 20:38:07",2049.7,2,liquidus
783,16669715,housssaamos,"2026-08-16 19:54:39",2049.6,2,housssaamos
784,16731836,"Theo Venturian","2026-08-17 10:24:24",2048.9,1,theodorraulventurian
785,16716549,notoverkil,"2026-08-15 17:00:08",2048.3,2,notoverkil
786,16726115,helloworld311,"2026-08-17 05:52:20",2047.7,2,helloworld311
787,16700737,HechtJP,"2026-08-13 11:12:06",2047.2,2,hechtjp
788,16664759,OrGanAIc,"2026-08-14 22:58:18",2046.4,2,arghyaranjandas
789,16700846,"Vaibhav Patel","2026-08-17 09:47:31",2046.4,2,vaibhavpatel
790,16673230,saitamad,"2026-08-12 04:20:31",2044.5,2,saitamad
791,16658014,Bharath,"2026-08-17 10:50:36",2044.2,2,pes2ug23cs121
792,16710499,sukeke,"2026-08-16 07:47:08",2043.9,2,sukeke
793,16655150,"Benjamin H Pepper","2026-08-17 11:58:20",2043.7,2,bhpepper
794,16685763,"koren sabag","2026-08-15 16:52:38",2043.6,2,korensabag
795,16663247,Ak,"2026-08-17 12:06:27",2042.0,2,abisheksrivastav
796,16621741,"Andrey Naymushin","2026-08-16 18:37:08",2040.0,2,andrewsokolovsky
797,16728272,"Daris Dzakwan Hoesien","2026-08-16 10:48:22",2039.7,1,darisdzakwanhoesien2
798,16708880,yotsutose,"2026-08-16 02:32:46",2039.3,2,yotsutose
799,16664293,"Adam Lloyd","2026-08-17 07:09:50",2039.0,2,alloyd256
800,16729691,YinuoChen271,"2026-08-17 07:14:44",2038.9,2,yinuochen271
801,16661304,"Jonathan Roy","2026-08-13 21:52:16",2038.8,2,jonathanroy7
802,16724947,teacherli0,"2026-08-16 03:09:09",2038.4,2,teacherli0
803,16696631,"saya akan lawan!","2026-08-14 11:13:55",2037.1,2,nurhadibudhy
804,16689447,"Ivan Berrutto","2026-08-13 04:14:38",2037.1,2,ivanberrutto
805,16665641,"Alexander Shahramanyan","2026-08-15 12:56:18",2033.9,2,alexshah
806,16728318,T3jas06,"2026-08-16 12:10:51",2033.2,2,t3jas06
807,16626093,"Pilkwang Kim","2026-08-15 13:19:07",2032.8,2,pilkwang
808,16640807,TS,"2026-08-15 23:10:07",2031.8,2,takumi0220
809,16665357,XW,"2026-08-15 18:24:31",2031.6,2,xuewei
810,16712134,cf696666,"2026-08-17 09:58:11",2031.3,2,cf33333
811,16689952,"Lazarus Ogero","2026-08-11 16:44:08",2030.3,2,lazarusogero
812,16714488,"HusseinNadem Nadem","2026-08-17 00:01:29",2029.8,2,husseinnademnadem
813,16686918,JustinLee,"2026-08-16 12:59:52",2029.2,2,justin2061
814,16701969,旧楚狂人,"2026-08-15 14:20:59",2029.0,2,jiuchukuangren
815,16674649,寿!,"2026-08-12 06:45:37",2027.8,1,taka3776toshi
816,16637987,Xander,"2026-08-17 02:03:04",2027.2,2,canqiang
817,16663214,"Mathieu W","2026-08-17 08:55:53",2025.8,2,mathieuw
818,16635317,"KAKA Minishijie","2026-08-16 10:13:51",2025.1,2,kakaminishijie
819,16623969,"Akira Imae","2026-08-17 11:04:45",2024.8,2,imaeakira
820,16729484,"Sankalp Nagineni","2026-08-16 17:35:31",2024.6,2,sankalpnagineni
821,16714980,Chenaters,"2026-08-16 08:41:10",2020.9,2,chenaters
822,16623875,"Pavlo Ivanin","2026-08-15 19:50:58",2020.4,2,pavloivanin
823,16727350,"T Hansda","2026-08-17 04:08:00",2020.1,2,hansda
824,16632294,"Rajan Nagarajan","2026-08-16 05:27:10",2019.6,2,narajan
825,16639979,naphthalene,"2026-08-16 03:59:49",2019.0,2,"aaa0342,leehyungjoon,minjek,trv449"
826,16623459,"Peng Wang","2026-08-15 03:18:21",2017.6,2,pengwang91
827,16712714,Ricky,"2026-08-17 01:24:23",2017.2,2,rickytsou
828,16685626,"Livingstone Selassie","2026-08-16 00:26:50",2017.1,2,"hackerx019,livingstoneselassie"
829,16708185,XiaoYan12,"2026-08-16 19:34:18",2014.2,2,xiaoyan12
830,16672168,"Justin Rutkowski","2026-08-14 17:34:37",2013.9,2,justinrutkowski
831,16699165,lime0001,"2026-08-17 07:42:15",2013.9,2,lime0001
832,16712577,"nattapon nakakong","2026-08-17 09:23:30",2013.8,2,nattaponnakakhong
833,16717630,Amer,"2026-08-13 21:23:41",2013.6,2,amerhu
834,16693215,"Izzoudine Mohamed KANTA","2026-08-16 19:34:59",2012.5,2,izzoudeenkanta
835,16683755,"Meng Di","2026-08-17 09:55:39",2011.9,2,hughshaoqz
836,16718572,MLarpers,"2026-08-13 20:48:49",2011.5,1,"koteikachannel,mrhornetik"
837,16708624,"Aboubacar HEMA","2026-08-16 21:32:09",2009.7,2,"aboubacarhema,marcmare,wilfredkouadjo"
838,16641548,"Indium AI Labs","2026-08-17 11:15:00",2009.6,2,devaanshpa
839,16639731,williamrawling,"2026-08-16 19:39:43",2007.9,2,williamrawling
840,16698136,"David Estevez","2026-08-17 00:54:14",2007.5,2,destbreso
841,16663969,"Aarush Kute","2026-08-17 03:31:10",2006.5,2,aarushkute
842,16630331,"Mohamed El-Nageeb","2026-08-14 11:53:20",2006.5,2,thelastsmilodon
843,16726870,"Svanik Kolli","2026-08-16 00:11:14",2005.1,1,svanikkolli
844,16727998,hidsaito,"2026-08-16 12:16:33",2005.1,2,hidsaito
845,16649108,"Steve AVOMO","2026-08-17 03:12:41",2004.5,2,aurelsteve77
846,16633709,"kitory Yeah やきとり","2026-08-15 22:30:08",2002.6,2,kitoryyeah
847,16680931,"Rattan Singh","2026-08-16 04:23:37",2001.9,2,rattans
848,16711725,meatori-nu,"2026-08-16 19:28:03",2001.9,2,meatorinu
849,16662314,"Hanh Tran","2026-08-13 12:29:31",2001.8,1,honghanhhh
850,16622420,RuiFSPinto,"2026-08-15 12:22:44",2001.7,2,ruifspinto
851,16730578,IsThereAnyCode,"2026-08-17 03:14:13",2001.7,1,isthereanycode
852,16640394,"MOHAMMADJAFAR ZAMANI","2026-08-17 02:21:09",1998.5,2,mohammadjafarzamani
853,16714457,"Farmer Dell","2026-08-17 11:44:29",1998.3,2,rishigottumukkala
854,16622939,"Kamal Das","2026-08-15 17:53:51",1996.0,2,kmldas
855,16656807,Yoganjaneyulu,"2026-08-13 09:20:17",1995.9,2,yoganjaneyulu
856,16641524,AkiraIshikawa,"2026-08-16 07:33:33",1995.7,2,akiraishikawa
857,16640785,"syouya tobita","2026-08-12 06:20:45",1995.1,2,syouyatobita
858,16657032,"Ayaan Ghosh","2026-08-17 09:13:20",1995.0,2,ayan9001
859,16698294,"John Doe","2026-08-17 03:44:33",1992.0,2,johndoe90843
860,16681893,morality0707,"2026-08-17 09:29:50",1991.9,2,morality0707
861,16731751,"Nikita Pudovkin","2026-08-17 09:15:54",1991.5,1,nickpudovkin
862,16656990,"NALLA SUMANG","2026-08-15 01:43:00",1989.7,2,sumangnalla
863,16707749,Yuzu,"2026-08-17 04:05:16",1988.3,2,yuzuoctopus
864,16623643,LiXingtao,"2026-08-15 07:08:17",1988.1,2,lixingtao123
865,16651939,"Yogesh Jadhav","2026-08-17 04:58:32",1987.8,2,dynamo14324
866,16717901,"Ahmed Hazem Abdeltawab","2026-08-15 13:30:01",1987.7,2,ahmedhazem23
867,16633790,curiosity,"2026-08-16 18:08:41",1987.1,2,chmffwn1
868,16730634,Priestess,"2026-08-17 12:06:38",1985.6,2,kalypheus
869,16632291,"alex chilton","2026-08-17 10:03:55",1984.2,2,alexchilton
870,16682210,Boiled-Sweet-Potato,"2026-08-17 05:49:06",1984.2,2,boiledsweetpotato
871,16692956,VanKoha,"2026-08-17 10:58:35",1983.5,2,kohasama
872,16630323,kaggricultureomnidimensionalut,"2026-08-16 10:29:28",1983.5,2,kumarandatascientist
873,16731911,"liu bo","2026-08-17 11:07:27",1982.8,2,liuboo45586
874,16662380,"Brandon Calderon-Morales","2026-08-17 01:04:11",1982.3,2,bmoe640
875,16644702,cracker_1_war,"2026-08-16 17:31:04",1982.0,2,cracker1war
876,16726915,"인공저능연구소( Artificial Idiocy Lab )","2026-08-16 00:54:46",1981.8,2,megayak
877,16731074,UmutUygurr,"2026-08-17 06:04:36",1981.2,2,umuttuygurr
878,16712888,Vux,"2026-08-17 02:55:49",1981.1,2,weiyu85
879,16684128,NIklitaCheporev,"2026-08-16 18:53:48",1980.6,2,niklitacheporev
880,16731415,BOB,"2026-08-17 08:18:23",1980.0,1,hotpotbro
881,16693962,"Changyuan Chen","2026-08-13 02:10:18",1979.7,2,changyuanchenmit
882,16693272,ush,"2026-08-16 12:44:31",1979.6,2,kusuha
883,16632516,"Jiachen Li","2026-08-16 03:58:49",1979.1,2,llccqq624
884,16670791,Hugelidus,"2026-08-17 02:57:37",1978.2,2,hugelidus
885,16716431,m&m,"2026-08-16 16:21:07",1977.5,2,ntrlmt
886,16729227,Marjao,"2026-08-16 16:49:12",1976.8,2,muniburrehman2020
887,16667951,KoRo2_JP,"2026-08-17 07:25:43",1976.7,2,koro2jp
888,16688153,"Panchajanya Banerjee (Pancham)","2026-08-16 20:28:27",1976.2,2,delayedkarma
889,16662653,"Jordan Schaeffer","2026-08-17 01:49:11",1976.1,2,jordanmschaeffer
890,16726512,shash,"2026-08-15 19:41:18",1975.5,1,zshashz
891,16728460,oh-Artistburger-AHA-TastyMeat!,"2026-08-16 11:54:46",1975.3,1,akikukeo1
892,16623806,黒田彩人,"2026-08-17 04:05:34",1974.6,2,ayato0705
893,16690020,shantaitichu,"2026-08-17 09:40:30",1973.9,2,shantaitichu
894,16698256,Mint,"2026-08-17 01:51:38",1973.3,2,rorandangerous
895,16689881,"yuki #2","2026-08-17 06:49:28",1971.8,2,hosikusa
896,16649314,"Yuka,Ota","2026-08-17 03:42:23",1970.6,2,yukaika
897,16658803,"Rahul Jiwane","2026-08-17 09:14:21",1968.0,2,rahuljiwane
898,16654463,Mark,"2026-08-16 09:29:16",1968.0,2,robotmf
899,16656340,InfiHeart,"2026-08-17 10:02:11",1965.6,1,infiheart
900,16697249,"Sudharsana Rajasekaran","2026-08-13 06:25:58",1964.6,2,sudhan03
901,16670674,"Foodle Jang","2026-08-16 17:00:40",1964.1,2,foodlejang
902,16640048,"extra eclaire","2026-08-17 07:47:39",1963.6,2,extraeclaire
903,16699659,"Dimas Pasha Akrilian","2026-08-15 11:07:15",1962.1,2,dimaspashaakrilian
904,16656011,"Jiashun Tan","2026-08-13 02:40:25",1962.1,2,jiashuntan
905,16660281,"xiy lin","2026-08-17 00:00:20",1961.6,2,xiylin
906,16699610,"Sneha ","2026-08-17 01:00:34",1959.3,2,kharya3
907,16623791,rakumo,"2026-08-16 23:45:18",1957.6,1,sirakumo
908,16715319,ocha_heaven,"2026-08-16 14:27:19",1955.6,1,ochaheaven
909,16688220,Aadi,"2026-08-17 10:57:03",1955.5,2,aadicv
910,16696887,kt-Kitayama,"2026-08-17 04:47:16",1954.5,2,ktkitayama
911,16657100,"Jacky Chan","2026-08-17 01:09:27",1953.8,2,jhkchan
912,16674347,"yuanzhe zhou","2026-08-17 11:22:30",1953.8,2,yuanzhezhou
913,16725242,chinchilla,"2026-08-17 03:51:13",1953.5,2,tgwstr
914,16622034,"Aryan Yadav","2026-08-15 18:49:17",1952.1,2,simplexcomplex
915,16682936,"Latifa Riziki","2026-08-12 09:38:13",1948.7,2,latifariziki
916,16727842,"Iadh Jarray","2026-08-16 08:29:16",1948.5,2,iadhjarray
917,16661607,choqui62,"2026-08-17 09:09:19",1946.8,2,choqui62
918,16707036,Aic,"2026-08-17 08:28:07",1945.8,2,gunianxue
919,16709744,"Emre Bayram","2026-08-14 09:04:57",1945.5,2,emrebayram
920,16629292,"Syed Saad Hasan Emad","2026-08-17 06:14:38",1943.7,1,syedsaadhasanemad
921,16665134,edteoh,"2026-08-17 08:26:57",1943.1,2,edteoh
922,16623749,Tejas,"2026-08-17 09:52:29",1938.5,2,tejuuss
923,16677855,Mehrdad_LU,"2026-08-15 20:41:08",1938.3,2,mehrdadal2023
924,16630713,"Grzegorz Sionkowski","2026-08-16 16:31:57",1935.4,2,sionek
925,16675807,cubreto,"2026-08-12 01:28:01",1932.0,2,cubreto
926,16657646,mountainbob,"2026-08-17 03:41:05",1931.4,2,shongpakmanoon
927,16655654,Cacinie,"2026-08-12 07:13:17",1930.3,2,cacinie
928,16716468,"Sakhawat Hossen","2026-08-15 03:28:07",1928.7,2,sakhawathossen
929,16622937,"Sheep 🐑","2026-08-17 05:14:20",1926.7,2,kabilrh
930,16663851,"Harshith revuru","2026-08-16 22:13:28",1923.4,2,harshithrevuru
931,16666805,Kaggs,"2026-08-17 10:45:59",1921.4,2,ayush21042004
932,16654710,"Ray Brothers","2026-08-16 09:27:33",1921.1,2,"madhurjyaray,vibekodr"
933,16719451,"Syed Toubur","2026-08-16 15:11:13",1921.0,2,syedtoubur
934,16656731,"Muhammad Ali","2026-08-14 06:47:06",1920.8,2,sardaralimaqsood
935,16635744,XDang13,"2026-08-15 18:38:01",1918.5,2,xdang13
936,16653805,mohsen2050,"2026-08-17 12:04:28",1910.1,2,mohsen2050
937,16658081,ando,"2026-08-13 22:41:42",1909.5,2,andoshunsuke
938,16697675,"Isaac Grossman","2026-08-17 01:35:31",1908.2,2,kingisaac
939,16664788,1o,"2026-08-17 10:38:53",1907.3,2,rian55
940,16639844,MaxChen303,"2026-08-13 02:25:24",1906.1,2,maxchen303
941,16700204,"ZHOU HONGYI","2026-08-14 16:18:22",1902.9,2,zhouhyz
942,16644565,Suda,"2026-08-16 11:52:46",1902.7,2,chaneyma
943,16722888,GarrieD,"2026-08-16 00:04:00",1900.8,2,garried
944,16655505,Debmalya,"2026-08-17 00:34:07",1900.3,2,debmalya84
945,16657857,hust_xll,"2026-08-12 05:38:12",1900.2,2,hustxll
946,16659314,Sandeep063,"2026-08-14 05:47:57",1899.2,2,sandeep063
947,16692090,sans,"2026-08-12 03:14:55",1898.2,2,sans6262q
948,16633414,"sagar tripathy","2026-08-13 15:57:56",1897.2,2,sagar8trip
949,16659467,AlexMoura2026,"2026-08-17 07:53:00",1897.0,2,alexmoura2023
950,16655559,"Fajri Yanuar Shiddiq Juanda","2026-08-13 01:40:20",1896.4,2,fajriyanuar
951,16654042,B.Pushpanjali,"2026-08-11 06:28:45",1894.9,2,"bpushpanjali,vinithwade"
952,16677938,"Hajime Tamura","2026-08-11 10:51:44",1893.7,2,thajime
953,16674586,"Stanislav Ilin","2026-08-17 06:45:46",1893.4,2,stanislavilin2026ai
954,16689601,"Prathmesh Adsod","2026-08-17 07:21:58",1893.1,2,prathmeshadsod
955,16631536,kglctf,"2026-08-17 09:53:40",1891.6,2,kglctf
956,16723893,iring58,"2026-08-17 03:03:55",1890.0,2,iring58
957,16668761,"Lorenzo Regalado","2026-08-16 12:27:56",1889.8,2,lregaladohdez
958,16655952,"Tianfu Wang (王天夫)","2026-08-12 15:08:12",1889.8,2,wangtf96
959,16710672,"Yasemin Koç","2026-08-14 05:52:52",1887.7,2,yaseminmkoc
960,16632715,cmasch,"2026-08-12 08:38:27",1887.3,2,cmasch
961,16726071,"PDF ULTRA","2026-08-17 11:10:33",1886.2,2,"alengevorgyan,gab0yan"
962,16699722,Dicere,"2026-08-13 08:00:17",1885.7,2,thedark735
963,16724779,"Gavin Cao","2026-08-16 09:00:53",1885.7,2,gavinxgcao
964,16678872,ibrahim,"2026-08-17 10:30:08",1884.7,2,skyfish77
965,16662681,"Vernon Campbell","2026-08-12 23:18:18",1884.6,2,vernoncampbell
966,16700116,Goldian,"2026-08-14 10:19:57",1884.6,2,goldian
967,16630963,"Zhenyu Zhang","2026-08-13 15:33:36",1884.2,2,horizen12
968,16621735,VN-Orion,"2026-08-12 13:40:41",1882.2,2,fastthanh78
969,16672374,"kelly waldeck","2026-08-11 21:07:30",1880.5,2,kellywaldeck
970,16683441,Eura73,"2026-08-15 04:02:29",1879.9,2,eura73
971,16622198,"THUNDER THUNDER","2026-08-12 09:38:35",1879.9,2,thunderthunder
972,16661665,"Leonardo Viola10","2026-08-12 09:02:25",1878.7,2,leonardoviola10
973,16660711,ricardo,"2026-08-15 22:34:26",1878.1,2,magania
974,16710140,Lynxx,"2026-08-17 11:07:32",1877.7,2,lynnsakurai
975,16678638,Loshtradz,"2026-08-16 15:27:31",1877.2,2,loshtradz
976,16698942,"PRADHAN RS","2026-08-13 18:06:58",1875.7,2,pradhanrs
977,16689389,Chukunder,"2026-08-16 02:25:12",1874.3,2,"farbricated,sarikajivrajika"
978,16700314,Giallar,"2026-08-14 16:45:53",1874.0,2,andreykrotkikh
979,16692103,HaniJezo,"2026-08-11 20:32:40",1874.0,1,hanijezo
980,16665337,BHackers,"2026-08-11 17:01:13",1873.8,2,clarencepagaduan
981,16703099,GansPiro,"2026-08-13 18:34:26",1871.2,2,ganspiro
982,16629624,"Sayandeep Ghosh","2026-08-17 10:46:13",1870.9,2,sayandeepghosh
983,16661983,"Victor's Team","2026-08-12 12:05:19",1870.3,2,"dlordsjustified,jezrealmomoh,joludare,victorokpe"
984,16692164,Abdulrahman.su10,"2026-08-11 20:35:39",1870.1,1,abdulrahmansu10
985,16671607,"Chanhyuk Han","2026-08-17 11:35:40",1869.4,2,chanhyukhan
986,16696098,Valmorlee,"2026-08-11 20:34:50",1869.2,2,valmorlee
987,16638177,stpete_ishii,"2026-08-17 10:50:06",1867.3,2,stpeteishii
988,16653068,"Shuichi Fushimi","2026-08-11 10:55:05",1867.1,2,shuichifushimi
989,16687594,"Andrew Markley","2026-08-13 01:19:04",1865.6,2,andrewmarkley1
990,16731990,Karl0106,"2026-08-17 10:41:12",1864.5,2,karl0106
991,16688436,Zuu3scode,"2026-08-12 15:19:16",1864.3,2,zuu3scode
992,16664609,Re2lawd,"2026-08-13 02:05:56",1863.4,2,re2lawd
993,16665809,"Saravanan Jaichandaran","2026-08-17 05:17:01",1863.2,2,saranchandar
994,16656316,"Richard Tang","2026-08-11 01:09:34",1860.9,2,richardgtang
995,16697021,Vaishnavi22052006,"2026-08-11 18:43:08",1860.3,2,vaishnavi22052006
996,16679767,Salut!,"2026-08-12 21:56:55",1859.5,2,denismekhanikov
997,16629033,"Igor V","2026-08-17 09:48:41",1857.8,2,rostigor
998,16681749,"rohith vinice","2026-08-11 23:55:16",1857.5,2,rohithvinice
999,16670297,"Gebreab K. Zewdie","2026-08-16 07:05:56",1857.4,2,gzewdie
1000,16666188,"XueFeng Chen","2026-08-13 04:32:53",1857.4,2,chxfmcs
1001,16692110,"Ahmed Khudair","2026-08-11 22:33:06",1855.7,1,ahmedkhudair121
1002,16679004,"Kevin Zhao","2026-08-15 08:25:27",1854.2,2,kevinzhao666
1003,16654373,thwaitsusa2,"2026-08-16 16:19:58",1853.9,2,thwaitsusa2
1004,16695176,"Zakaria Settar","2026-08-16 21:52:31",1851.8,2,zakariasettar
1005,16701612,Kiki,"2026-08-17 08:54:03",1851.7,2,rouiou
1006,16625856,takai380,"2026-08-17 01:11:26",1851.7,2,takai380
1007,16707467,kay.liechtenstein,"2026-08-17 01:04:26",1850.6,2,kayliechtenstein
1008,16693058,"Yuvraj singh","2026-08-13 14:03:24",1850.0,2,yuvrajsingh789
1009,16679812,"Xiang Li","2026-08-11 14:23:41",1849.6,2,xianglipee
1010,16701573,"Haggai Musoda","2026-08-11 13:56:01",1848.3,1,haggismusoda
1011,16661558,안녕하세요이세입니다잘부탁드립니다,"2026-08-13 23:59:57",1848.3,2,municef1
1012,16670569,Ezzzzzekki,"2026-08-13 07:01:40",1847.3,2,abdullahelzeki
1013,16639746,"Kyle Wang","2026-08-14 12:22:40",1846.9,2,ky1ewan9
1014,16682318,Bibek,"2026-08-11 12:08:35",1846.1,2,bibek777
1015,16666296,A.P.R.I.L,"2026-08-14 16:29:25",1846.1,2,puneeth333
1016,16660333,"Deanos Crew","2026-08-11 13:10:19",1845.4,2,jamescole0101
1017,16644480,"Umut Keltek","2026-08-11 02:57:59",1844.4,2,umutkeltek
1018,16668788,ConnieCodes,"2026-08-12 17:24:03",1843.5,2,conniecodes
1019,16670118,"Álvaro Benítez","2026-08-14 23:38:40",1840.6,2,lvarobentezlvarez
1020,16681620,wanwanuil,"2026-08-13 12:43:19",1839.5,2,wanwanuil
1021,16725346,sokoranohimazin,"2026-08-17 10:59:43",1837.8,2,sokoranohimazin
1022,16684163,MohamedFD,"2026-08-13 12:32:47",1836.9,2,mohamedfd
1023,16623577,"Jiayi Tang","2026-08-17 08:00:31",1836.5,2,mannguo
1024,16691591,"Dheeraj Kumar #3","2026-08-12 04:05:32",1835.6,2,kdheeraz
1025,16695501,brocade,"2026-08-15 00:01:12",1834.3,2,brocade
1026,16671694,evananann,"2026-08-17 06:49:42",1834.0,2,evananann
1027,16623381,cocoaAI,"2026-08-17 05:15:27",1833.5,2,cocoaai
1028,16705390,"Subramanya N","2026-08-16 18:18:17",1833.0,2,subramanya1997
1029,16707584,sadatch,"2026-08-13 05:18:28",1829.8,2,sadatch
1030,16679371,ΛYMΞNRH,"2026-08-11 06:43:55",1829.2,2,aymnrh
1031,16623736,Garigariyong,"2026-08-13 05:22:14",1828.9,2,garigariyong
1032,16627995,"Fire Bird","2026-08-11 20:36:45",1828.2,2,xuanleekaggle
1033,16669778,UknesIruka,"2026-08-11 11:13:46",1827.8,2,uknesiruka
1034,16709069,"James Mcquay","2026-08-14 18:05:40",1827.2,2,jamesmcquay
1035,16655826,KKY,"2026-08-11 20:29:38",1827.0,2,evilpsycho42
1036,16693159,"Zonglin Han","2026-08-13 17:10:08",1826.2,2,zonglinhan
1037,16667729,"Daniel Wu","2026-08-15 14:35:27",1824.9,2,danielwuu
1038,16693886,spellstriker,"2026-08-12 22:03:20",1823.5,2,spellstriker
1039,16669256,Shivam_2212,"2026-08-11 09:59:19",1823.5,2,shivam2212
1040,16706207,Wonderwall,"2026-08-13 07:42:27",1820.5,2,yuxiang328
1041,16632675,"Baran Kucuk","2026-08-11 15:09:58",1818.7,2,barankucuk
1042,16627400,"Krasnov Daniil","2026-08-11 06:04:48",1817.7,2,daniilkrasnovvv
1043,16693431,Jonewang,"2026-08-16 07:04:12",1817.3,2,jone520
1044,16664232,"Eddy Despradel","2026-08-17 11:08:37",1816.2,2,eddydespradel
1045,16707993,"Sangita Bannore","2026-08-11 14:33:47",1816.0,1,sangitabannore
1046,16687724,Yijue1,"2026-08-11 02:15:05",1812.4,2,yijue1
1047,16640058,"Justin CH123","2026-08-11 09:15:28",1812.3,2,justinch123
1048,16688217,"Vigneshwaran S","2026-08-11 11:06:52",1810.3,2,vigneshsankar1962
1049,16718947,"Dani Ortega","2026-08-17 08:28:52",1809.0,2,daniortega99
1050,16685342,"Kanth Da","2026-08-17 04:16:48",1806.2,2,"kanthda,riteeshreddybysani"
1051,16657637,"Ronnie Atuhaire","2026-08-13 06:38:03",1803.9,2,ronnieatuhaire
1052,16640077,larry54321zhao,"2026-08-16 19:39:47",1803.0,2,larry54321zhao
1053,16636004,"Ragunath Ravi","2026-08-11 10:59:07",1802.0,2,ragunathravi
1054,16709473,"Selahattin Günter","2026-08-12 20:40:45",1801.9,2,selahattingnter
1055,16708573,Benser,"2026-08-15 14:41:24",1800.3,2,benser
1056,16705584,"Adil Munawar","2026-08-12 11:28:03",1800.3,2,adilmunawar
1057,16662846,"Kerem Ercin","2026-08-13 07:58:44",1799.8,2,keremercin
1058,16707562,boluosnow,"2026-08-16 04:22:54",1794.9,2,boluosnow
1059,16666733,"Alberto MV","2026-08-10 23:06:33",1794.6,2,albertomv
1060,16644145,"Mehdi Azouz","2026-08-16 13:42:22",1793.9,2,mehdiazouz
1061,16654403,"Skibidi Six Seven","2026-08-10 20:48:14",1793.9,2,iam4722202468
1062,16688808,"Niranjan Nakkala","2026-08-11 12:26:14",1793.6,1,niranjanmudhiraj
1063,16662492,"Lester Leong","2026-08-11 02:13:33",1793.3,2,lesterleong
1064,16663919,hnhyhj,"2026-08-13 04:05:56",1793.1,2,hnhyhj
1065,16706315,"Desert Fox88","2026-08-11 12:02:03",1793.0,2,desertfox88
1066,16695137,"Samantha Nicole Bracamonte","2026-08-12 00:35:56",1792.9,2,snrbracamonte
1067,16651331,"Mohamed Saeed","2026-08-11 18:58:08",1792.7,2,m0sm71
1068,16705370,TS2333,"2026-08-11 03:40:40",1792.6,2,ts2333
1069,16656519,"Chris Laska","2026-08-14 01:53:23",1792.3,2,chrislaska
1070,16660678,"Chaitanya Sonaje","2026-08-11 13:30:49",1792.1,2,chaitanya205
1071,16692490,"Enes Coşkun","2026-08-11 05:37:38",1792.0,2,enscskn
1072,16624276,"Stardew Valley 👨‍🌾👩‍🌾","2026-08-17 02:50:39",1792.0,1,zejunfool
1073,16650485,nasu726,"2026-08-13 13:51:20",1791.7,2,nasu726
1074,16660037,shehai.lrs,"2026-08-11 13:37:32",1791.2,2,shehailrs
1075,16680144,AM,"2026-08-17 10:45:52",1791.2,2,adammekky
1076,16668748,"Harrison Interactive","2026-08-14 19:55:21",1791.0,2,nosiru
1077,16681116,Kagamihara,"2026-08-16 10:17:47",1789.4,2,kagamihara
1078,16706283,haogood666,"2026-08-11 08:25:40",1789.1,1,haogood666
1079,16708333,"Phạm Vương","2026-08-11 16:17:10",1788.2,2,vuongphamqq
1080,16659692,"Hùng Nguyễn Huy (Hiirooo)","2026-08-11 03:47:45",1786.8,2,hngnguynhuy
1081,16682514,"Pavel Pavlov","2026-08-11 08:18:50",1786.1,2,akakii
1082,16700630,apoyusiken,"2026-08-12 06:10:52",1786.0,2,umutarpay
1083,16659670,MeeMee,"2026-08-11 23:35:49",1785.4,2,yagi46
1084,16670384,"Gordeev Max","2026-08-11 07:14:22",1784.9,2,gordeevmax
1085,16709126,"Jamie Nojek","2026-08-17 01:26:15",1784.3,2,jamienojek
1086,16668157,"vineet dairashri","2026-08-16 14:16:36",1784.2,2,vineetdairashri
1087,16706227,"Wise Fancy","2026-08-11 09:54:29",1782.7,2,wisefancy
1088,16695242,"Utkarsh Prakash Srivastava","2026-08-11 07:54:58",1780.6,2,utkarshps
1089,16702774,FilipJ,"2026-08-16 18:34:05",1780.4,2,filipjarmua
1090,16698223,"Feng Jiahui","2026-08-13 01:50:48",1777.9,2,junipersky
1091,16638781,itsuki-data,"2026-08-15 06:11:31",1777.3,2,itsuki89
1092,16660371,"José Luis Gómezz","2026-08-13 01:37:42",1776.4,2,josluisgmezz
1093,16674948,habe.sq,"2026-08-14 05:25:58",1775.6,2,habesq
1094,16652710,Ryutogrrr,"2026-08-11 02:41:54",1775.4,2,ryutogrrr
1095,16658278,"Malcolm Durosaye","2026-08-11 09:02:37",1774.7,2,malcolm95
1096,16681848,Haraguchi-T,"2026-08-11 06:06:10",1773.8,2,haraguchit
1097,16690065,JiangWenfeng1,"2026-08-12 01:25:29",1772.5,2,jiangwenfeng1
1098,16676356,"Wander waal","2026-08-11 02:48:56",1772.0,2,wanderwaal
1099,16725177,misaka12435,"2026-08-17 05:55:48",1771.8,2,misaka12435
1100,16692457,t2better,"2026-08-12 11:56:41",1769.6,2,t2better
1101,16677217,Panos,"2026-08-10 19:56:22",1767.9,2,panosc
1102,16676278,"Om Sangwan","2026-08-12 03:06:59",1767.9,2,omsangwan
1103,16664477,"The T-MAN","2026-08-12 00:08:15",1767.8,2,otmaneelmahda
1104,16694016,"Prajwal M","2026-08-14 16:09:53",1767.8,2,estrick
1105,16634704,"Maham Haroon","2026-08-17 10:00:30",1766.9,2,mahamhc
1106,16707057,tamo,"2026-08-11 10:26:55",1766.6,2,ryotakasuya
1107,16672448,"Crisis Liu","2026-08-11 23:49:49",1764.2,2,crisisliu
1108,16660331,A.K.NITHIN,"2026-08-12 12:07:32",1764.0,2,aknithin
1109,16623466,len8487,"2026-08-14 01:18:00",1762.9,2,len8487
1110,16654109,"Mohamed Amine Aichaoui","2026-08-11 15:08:52",1761.7,2,mohamedamineaichaoui
1111,16632579,ZZfancy,"2026-08-11 12:04:42",1761.5,2,zzfancy
1112,16695376,Garv88,"2026-08-13 12:19:20",1761.4,2,garv88
1113,16721384,Hackoholics,"2026-08-17 08:14:29",1761.1,2,"limyenhui,richierx"
1114,16689770,"Abdillah Sagif","2026-08-11 10:11:23",1760.9,2,abdillahsagif
1115,16666365,yiyu0716,"2026-08-16 08:03:38",1760.1,2,yiyu0716
1116,16696769,"maximo lorenzo y losada","2026-08-12 13:07:35",1759.8,2,maximolorenzoylosada
1117,16652212,"Варим сельский самогон","2026-08-10 16:23:21",1759.6,2,asimandia
1118,16726616,9Hash,"2026-08-16 08:26:12",1759.4,2,hashimrazi
1119,16664487,houlidai-jiekiulai,"2026-08-11 05:00:59",1759.3,2,houlidaijiekiulai
1120,16691012,"Sanzhar Almasuly","2026-08-17 07:52:31",1758.1,2,sanzharalmasuly
1121,16688136,"Armanzhan Ayan","2026-08-11 16:49:36",1757.0,2,armanzhanayan
1122,16659618,"Jeevan Jolly","2026-08-13 13:51:52",1756.9,2,jeevanjolly
1123,16677723,"Trip Meiners","2026-08-11 19:26:55",1755.7,2,tripmeiners
1124,16667233,EdGy2k,"2026-08-10 10:41:12",1755.1,2,edgy2k
1125,16635280,"Narendra Sirvi","2026-08-12 06:43:07",1752.4,2,narendras78
1126,16673110,"Sri Jayavel K","2026-08-16 07:05:40",1752.4,2,srijayavelk
1127,16632612,Farmville,"2026-08-12 14:21:24",1751.1,2,rafaelfigueiredo13
1128,16697898,"Yin Li","2026-08-13 01:02:33",1750.5,2,kevin250304
1129,16675161,iVl44d,"2026-08-17 06:54:22",1749.9,2,ivl44d
1130,16686827,Kronki,"2026-08-17 11:28:23",1748.7,2,kronki
1131,16705441,CooperJiang,"2026-08-13 06:57:44",1747.8,2,gingersna
1132,16633340,"Tim Zagrebelny","2026-08-14 16:04:54",1747.4,2,timzagrebelny
1133,16656181,Vishwa,"2026-08-11 05:46:58",1747.2,2,rv1922
1134,16704622,ray,"2026-08-11 16:30:13",1746.9,2,rayenezanned
1135,16627799,"navazsh fathi","2026-08-16 17:49:52",1746.9,2,navazshfathi
1136,16658983,"Titi Huang","2026-08-17 11:12:36",1746.7,2,titihuang
1137,16697139,Stocks152,"2026-08-12 07:08:29",1746.6,2,stocks152
1138,16644891,yankang_XZK,"2026-08-12 05:20:35",1746.1,2,yankang233
1139,16684402,vn1111,"2026-08-16 16:32:26",1744.7,2,vn1111
1140,16683199,"Filippo Gombac","2026-08-11 10:04:26",1744.3,2,filippogombac
1141,16700771,"Disuru Coba Ama Jaki","2026-08-12 21:48:27",1742.2,2,reiiihel
1142,16654381,"Dmitry Belan","2026-08-10 05:51:22",1742.0,2,dimong4
1143,16701466,"HELIOS reasonning","2026-08-11 22:38:55",1740.0,2,heliosreasonning
1144,16659395,HyperX,"2026-08-13 14:28:08",1738.3,2,"diversedharun,harishinkaggle"
1145,16622422,ss,"2026-08-10 06:40:31",1737.9,2,forest2026
1146,16683435,CoorDi,"2026-08-17 11:50:43",1737.8,2,bxy0125
1147,16687824,"André Dkw","2026-08-10 17:17:25",1735.5,2,andrdkw
1148,16643453,Haumea,"2026-08-15 06:28:42",1735.3,2,chaitanyagullapalli
1149,16653153,Gbining,"2026-08-09 12:21:06",1734.2,2,gbining
1150,16691506,Dipak_ISM,"2026-08-12 07:42:55",1733.2,2,dipakism
1151,16633886,mudesteven,"2026-08-16 02:54:25",1731.7,2,fastlight2007
1152,16623974,Canon,"2026-08-16 01:30:26",1727.0,1,sotakurihara1
1153,16697877,"Sky kun","2026-08-16 21:19:08",1724.1,2,skykun
1154,16698340,"Yanxi Jiang","2026-08-10 03:06:32",1723.0,2,yanxijiang
1155,16709300,炫酷的小克里斯,"2026-08-16 14:37:34",1721.9,2,tinfufans
1156,16640552,"rupsa roy","2026-08-10 05:56:00",1719.1,1,rupsarroy
1157,16624088,Pomiro,"2026-08-11 04:41:24",1718.3,2,pomiro
1158,16662176,"jorge fabian avila","2026-08-10 18:51:13",1718.3,2,jorgefabianavila
1159,16662833,"umair zia","2026-08-13 17:46:54",1717.7,2,aimerscoding
1160,16675340,"SHAURYA SHARMA","2026-08-17 06:41:40",1717.4,2,shauryas555
1161,16696999,"HD h Joratos","2026-08-17 06:14:52",1716.9,2,hdhjoratos
1162,16689366,"Cuong Le","2026-08-14 08:16:33",1716.9,2,ad1999
1163,16701221,"Othman Istaiteh","2026-08-10 13:25:38",1715.8,2,istatieh
1164,16684012,ceh,"2026-08-16 04:58:18",1715.3,2,emilhessman
1165,16642570,"Mathurin Ache","2026-08-17 08:57:30",1715.3,2,mathurinache
1166,16666410,"Binil George","2026-08-12 10:40:43",1714.5,2,binilg
1167,16632327,midnq,"2026-08-11 20:44:47",1713.9,2,midnqly
1168,16659942,"Abdoulaye DIAW","2026-08-12 11:40:05",1713.4,2,abdoulayediaw25
1169,16698134,Hossein,"2026-08-12 02:56:17",1713.1,2,tomi85
1170,16655715,Chin,"2026-08-12 06:20:32",1712.8,2,qinyukun
1171,16638804,"Anhad Mahajan","2026-08-10 14:22:28",1712.5,2,anhadmahajan06
1172,16656691,"Sahaj Deep Singh","2026-08-12 01:39:36",1712.1,2,sahajdeepsingh9877
1173,16651792,LX,"2026-08-12 14:48:53",1710.8,2,sunnylx
1174,16658150,Gravity-x73d,"2026-08-17 09:16:29",1710.5,2,gravityx73d
1175,16680172,TTANE,"2026-08-16 01:15:30",1710.4,2,otmaneelmahdaouy
1176,16640869,taijunhao,"2026-08-12 10:26:30",1710.4,2,taijunhao
1177,16659843,"Amer Alkhalili","2026-08-17 09:59:22",1710.0,2,ameralkhalili
1178,16696608,beanbamboozled,"2026-08-10 10:45:19",1709.9,2,beanbamboozled
1179,16658931,"somewhere after","2026-08-16 03:25:26",1709.1,2,amaterasuuuuu
1180,16663498,"Braxton Dyer","2026-08-17 01:51:45",1709.0,2,braxtondyer
1181,16691867,huyang111,"2026-08-10 16:23:44",1707.7,2,huyang111
1182,16656382,Aevion-Labs,"2026-08-10 14:44:32",1705.0,2,aevionlabs
1183,16631777,KiKi,"2026-08-14 15:24:54",1704.4,2,kingkiller2164
1184,16701685,shawloong,"2026-08-17 08:44:34",1702.5,2,shawloong
1185,16635969,"Omkar Kadam","2026-08-10 17:04:48",1702.2,2,"itzzomkar,khanayanayub,princypaonam"
1186,16673097,"Sonu Kushwaha","2026-08-14 06:24:28",1702.0,2,sonukushwaha124
1187,16634149,"Hozuma ITOBAYASHI","2026-08-15 05:34:14",1701.8,2,hozumaitobayashi
1188,16672456,hangglider5,"2026-08-10 15:00:33",1701.5,2,hangglider5
1189,16632231,"Samrish B","2026-08-10 14:25:50",1701.0,2,samrishb
1190,16679519,"Петьо Лазаров","2026-08-10 22:30:35",1699.6,2,pesosz
1191,16711204,"harden james","2026-08-12 08:00:14",1699.1,1,ffusername
1192,16671425,"Gajenddra Raj","2026-08-13 23:03:46",1698.9,2,gajenddra
1193,16657091,raw2clean,"2026-08-12 08:12:12",1698.6,2,raw2clean
1194,16726660,"Prime Leo","2026-08-17 03:47:21",1698.5,2,primeleo
1195,16702482,"Carlos Navarro","2026-08-14 05:26:26",1694.4,2,navarr0
1196,16677592,keniii,"2026-08-11 07:44:32",1693.4,2,kartheeswaran28
1197,16712651,riicon,"2026-08-12 13:23:40",1693.4,1,risakashiwabara
1198,16697142,Kujaomega,"2026-08-10 22:13:02",1691.8,1,kujaomega
1199,16676154,"Tuan Tran","2026-08-10 16:29:40",1690.4,2,thtuan
1200,16701074,Yan,"2026-08-10 21:29:25",1689.4,1,qujiahui
1201,16730323,fufufukakaka,"2026-08-17 09:17:07",1689.0,2,fufufukakaka
1202,16679245,"Krzysztof Gonia","2026-08-10 22:52:47",1688.7,2,krzysztofgonia
1203,16725680,henri66,"2026-08-15 21:09:47",1688.4,2,henri665
1204,16705192,"John Ogah","2026-08-16 03:54:21",1688.0,2,johnogah
1205,16657429,"xiao cat q","2026-08-12 01:41:13",1687.1,2,xiaocatq
1206,16678346,"Farhan Abid","2026-08-16 08:41:15",1685.3,2,farhanabidtech786
1207,16624979,"Mohamed abdelrazik","2026-08-17 11:28:14",1685.1,2,mohamed3abdelrazik
1208,16691275,"Muhiminul Islam   Mahim","2026-08-12 10:04:35",1684.9,2,muhiminulislammahim
1209,16660395,ljx59141421,"2026-08-12 01:27:08",1684.0,2,ljx59141421
1210,16675582,DavidX,"2026-08-11 06:05:18",1683.0,2,davidasx
1211,16684075,"Tianfang Li","2026-08-13 14:20:13",1678.1,2,tianfangli1
1212,16675655,TrebolNoir_,"2026-08-11 09:49:59",1675.4,2,trebolnoir
1213,16674919,yukiZ,"2026-08-12 12:10:09",1672.7,2,hideyukizushi
1214,16676043,"Tejash Rai","2026-08-14 07:16:01",1669.9,2,tejashrai
1215,16668334,Suavemango,"2026-08-12 05:18:03",1669.6,2,suavemango
1216,16655519,CurveCowboy,"2026-08-14 21:01:17",1668.0,2,curvecowboy
1217,16688265,"Kyle #2","2026-08-11 01:51:35",1665.0,2,georgeturbo
1218,16624625,"Harsha Vardhan","2026-08-10 07:33:35",1665.0,2,harshacode101
1219,16655693,DePie,"2026-08-10 08:01:37",1663.8,2,phucthaiv02
1220,16709504,U023,"2026-08-11 22:04:04",1663.6,1,ryutek
1221,16623630,noobanot,"2026-08-12 11:18:41",1662.8,1,noobanot
1222,16652741,"Sergi Bas","2026-08-12 16:05:13",1662.1,2,sergibas
1223,16652849,Hejunhui,"2026-08-16 14:15:29",1661.8,2,website98
1224,16704027,"Alan Cai","2026-08-10 22:36:40",1660.7,1,alancai27
1225,16664217,Shushantw,"2026-08-16 03:15:12",1655.4,2,shushantw
1226,16667052,"Dandan Li","2026-08-15 18:07:17",1654.8,2,clcll532x
1227,16695964,"JiMing Feng","2026-08-17 10:56:45",1654.7,2,jimingfeng
1228,16654122,"Peter Thompson","2026-08-10 17:59:36",1653.4,2,mightytreefolk
1229,16672075,"Kameron Green","2026-08-11 05:49:32",1652.2,2,hgenix20
1230,16633793,adakoda,"2026-08-12 01:49:13",1650.3,2,adakoda
1231,16661093,"INDRAJIT SWAIN","2026-08-15 13:23:37",1648.3,2,indrajitswain
1232,16659430,"John Keith Weber","2026-08-13 05:18:03",1647.4,2,johnkeithweber
1233,16675960,"Audric LOKO","2026-08-13 12:21:10",1645.7,2,audricloko
1234,16665294,"Thái Văn Tài","2026-08-16 09:18:06",1643.2,2,thivnti
1235,16663929,"Erman Man","2026-08-16 03:12:58",1642.5,2,ermanman
1236,16677565,"Avish Sinha","2026-08-11 19:39:26",1638.2,2,avish006
1237,16672579,"Udbhaw Anand","2026-08-10 10:50:43",1634.6,2,udbhawanand
1238,16695903,cerensukaramese,"2026-08-14 09:18:05",1633.0,2,cerensukaramese
1239,16664481,"Siddhu Jaykay","2026-08-12 14:02:29",1632.9,2,siddhujaykay
1240,16635029,"Oleg Melnik","2026-08-09 20:10:20",1632.8,2,olegmelnik
1241,16706185,"Bab Kek","2026-08-16 21:30:16",1632.3,2,babkek
1242,16710469,Qimra1729,"2026-08-13 00:09:57",1632.0,1,qimra1729
1243,16700510,Gaurav_065,"2026-08-17 10:15:29",1631.2,2,gaurav065
1244,16682753,"Cam-Luan Truong","2026-08-12 06:42:29",1630.7,2,luantruong
1245,16658109,edward1503,"2026-08-17 04:22:50",1630.2,2,nguynnc
1246,16667124,"Chaotic Era","2026-08-12 01:26:13",1628.8,2,sani84
1247,16669089,YujieXing10,"2026-08-17 10:15:13",1625.1,2,yujiexing10
1248,16660137,Densike,"2026-08-17 00:06:21",1624.5,2,densike
1249,16725642,"Arav Sharma","2026-08-17 03:51:14",1620.1,2,aravsharma26
1250,16654585,"David Pedersen","2026-08-17 04:55:11",1620.1,2,semalytics
1251,16639236,"Dhavan Shah","2026-08-12 18:20:38",1619.7,2,dhavanshah99
1252,16643233,"Marco DG","2026-08-11 06:20:14",1619.3,2,marcodg
1253,16666578,STRAF,"2026-08-17 09:24:37",1618.8,2,nikosstraf
1254,16730473,Kyohei,"2026-08-17 11:49:41",1618.1,2,kyohei3
1255,16678462,"Eric Han Wang","2026-08-17 09:20:19",1616.5,2,ericwang03
1256,16730719,Xiaowenhao404,"2026-08-17 09:30:58",1614.7,2,xiaowenhao404
1257,16680646,Naym0425,"2026-08-14 04:20:36",1613.3,2,naym0425
1258,16666632,to1_10i,"2026-08-14 13:04:25",1611.3,2,to110i
1259,16694186,souju00,"2026-08-16 02:48:26",1611.2,2,souju00
1260,16656810,IskanderAkhmetov,"2026-08-11 07:43:50",1610.9,2,iskander2017
1261,16694065,zhangwei02,"2026-08-13 12:41:33",1610.4,2,zhangwei02
1262,16655323,roma,"2026-08-09 19:49:51",1609.9,2,mnroma
1263,16671837,"Ronald K Wilson ","2026-08-15 12:03:06",1606.5,2,ronaldkwilson
1264,16672997,"Francesco Montone","2026-08-16 12:09:50",1605.9,2,francescomontone
1265,16668370,"Matthew Labrador","2026-08-10 13:24:21",1605.7,2,m4tyuuu
1266,16674744,"Burhan Ul Tayyab","2026-08-10 10:55:43",1605.1,2,babychick
1267,16679810,"Patrick Joël MAIRLOT-MBEZELE","2026-08-12 14:47:54",1603.7,2,pigenesis75
1268,16658185,"Juwon Kweon","2026-08-14 05:58:24",1603.5,2,juwonkwon
1269,16693374,"Henfry De Los Santos","2026-08-12 11:43:51",1602.1,2,henfrydelossantos
1270,16688907,青烟,"2026-08-14 03:05:16",1601.0,2,"imagine4391,mortal4416"
1271,16713031,"Nahid Hossain Redom","2026-08-13 15:38:30",1597.2,2,nahidhossainredom
1272,16699856,yukio,"2026-08-13 20:03:19",1597.0,2,yukioseki
1273,16668758,"Aman Vishwakarma","2026-08-09 17:33:00",1596.8,2,amanvishwakarma01
1274,16663928,Auxileon,"2026-08-09 16:20:13",1596.7,2,auxileon
1275,16694744,XiaoZhiren,"2026-08-10 13:03:56",1596.7,2,"ruikangan,xiaozhiren"
1276,16622251,"Moroz Roman","2026-08-09 18:24:06",1595.4,2,crissyro
1277,16727147,"Alan Smith","2026-08-16 17:53:33",1594.3,1,acorncupcake
1278,16666282,"Bang sion","2026-08-16 17:19:33",1593.4,2,bangsioni
1279,16672040,"Tom Yim","2026-08-12 05:12:30",1592.9,2,tomyim
1280,16668783,Zyy7390,"2026-08-10 02:29:18",1591.6,2,"tigerrrrrr,zyy7390"
1281,16623559,DECEM,"2026-08-09 15:48:04",1590.8,2,zy1343930734
1282,16694346,ywwywww,"2026-08-10 03:34:01",1589.7,2,ywywww
1283,16727090,"Deep Blue Pasture","2026-08-17 02:28:34",1588.4,2,shamanah
1284,16644378,"hicham bedrani","2026-08-16 20:31:06",1584.9,2,hichambedrani
1285,16665500,"Madan kumar","2026-08-13 17:31:57",1584.3,2,winklemad
1286,16695799,Vaycheslav,"2026-08-09 19:44:14",1583.3,2,vaycheslav
1287,16664120,SaiDuttaAbhishekDash,"2026-08-15 09:27:11",1582.7,2,saiduttaabhishekdash
1288,16719090,CHSTO,"2026-08-16 23:43:52",1582.4,1,haotianqi
1289,16659550,"Sai Syam","2026-08-12 07:55:14",1582.4,2,saisyam
1290,16727529,윤영일,"2026-08-16 14:30:07",1580.8,2,iongil
1291,16699784,nianyu,"2026-08-10 09:46:32",1580.6,2,nianyuc
1292,16661899,AAI,"2026-08-09 14:23:08",1578.6,2,aiolapo
1293,16684639,Bru3ll,"2026-08-09 15:50:45",1577.8,2,bru3ll
1294,16664179,animelonerboy,"2026-08-09 15:52:55",1577.1,2,adambasa5
1295,16675780,susutem,"2026-08-09 12:02:48",1575.6,2,susutem
1296,16645078,"A Aswanth Raj","2026-08-09 08:57:36",1575.2,2,aaswanthraj
1297,16677107,gagacrow,"2026-08-11 05:42:18",1574.9,2,gagacrow
1298,16679347,"Youssef EL MSIYAH","2026-08-09 12:07:55",1574.7,2,youssefelmsiyah
1299,16696852,MYGEMER,"2026-08-09 15:43:13",1573.6,1,mygemer
1300,16684852,後藤将斗,"2026-08-09 12:44:13",1571.6,2,masato09
1301,16672371,Loren-wen,"2026-08-09 13:23:49",1571.3,2,wofusituerte
1302,16663759,🔥🦫📿🗽,"2026-08-13 18:15:54",1571.1,2,datafad
1303,16675752,"Simon Rüba","2026-08-10 14:23:16",1570.6,2,simonrba
1304,16692432,"CHARIF Younes","2026-08-10 17:33:59",1570.1,2,youyoucrf
1305,16722112,nyori,"2026-08-17 02:55:17",1569.8,2,nyoriworks
1306,16630548,"YJ Wee 2807","2026-08-13 06:57:43",1569.8,2,yjwee2807
1307,16661570,"sissoko cheick","2026-08-17 10:18:38",1568.1,2,sissokocheick
1308,16724976,Soham,"2026-08-15 15:17:30",1567.9,1,soham308
1309,16654322,"Debatreya Biswas","2026-08-10 02:02:38",1566.9,2,debatreyabiswas
1310,16698467,"Ra'uf Fauzan Rambe","2026-08-10 04:29:13",1565.4,2,rauffauzanrambe
1311,16670202,"Elizabeth Park","2026-08-09 20:33:17",1563.2,2,elizabethpark
1312,16662718,xlnt,"2026-08-09 16:55:43",1562.6,2,"princebisht,xlnt404"
1313,16644150,"J.M.Mubasshir Rahman","2026-08-09 17:15:01",1561.5,2,jmmubasshirrahman
1314,16655704,heinado,"2026-08-10 02:18:28",1560.9,2,heinado
1315,16722500,"Mike Murunov","2026-08-16 15:18:17",1559.5,2,mikhailmurunov
1316,16713540,Anruan,"2026-08-17 11:38:43",1556.9,2,xiaowanshen
1317,16680690,MYOUCER,"2026-08-10 00:04:45",1555.7,2,myoucer
1318,16638998,"khalid harouach","2026-08-16 19:07:52",1555.0,2,khalidharouach
1319,16660255,"Revanth Tambisetty","2026-08-09 13:33:26",1553.9,2,revanthtambisetty
1320,16684947,Hoaquason,"2026-08-09 18:43:23",1553.9,2,"datnguyen0102,mibombaclat"
1321,16639496,"Sai Teja Bandaru","2026-08-11 14:51:49",1553.0,2,saitejabandaruin
1322,16663780,"Hamza Kanice","2026-08-09 00:08:11",1552.6,2,hamzakanice
1323,16624485,"Nishant Dahal","2026-08-10 02:24:42",1551.6,2,nishantdahal
1324,16658875,"Noah Bishop","2026-08-10 09:56:34",1551.2,2,noahbishop1
1325,16644287,"Ryo Hasegawa","2026-08-17 04:45:01",1549.7,2,ryohasegawa926
1326,16676321,"tao wu11","2026-08-09 06:26:30",1549.4,2,"taowu11,xujchill"
1327,16698661,"Albert Wang","2026-08-10 03:51:15",1547.8,1,mianwang1024
1328,16672660,"Straw Hat","2026-08-11 06:14:47",1546.9,2,"anuragugargol,tanishafagare114"
1329,16631101,"Muneeb ul Hassan","2026-08-10 09:56:41",1546.5,2,muneeb2405
1330,16670545,"Mouad AIT HA","2026-08-16 12:38:09",1545.1,2,mo0103
1331,16697458,"Lissandra Kruse Fuganti","2026-08-11 00:06:20",1544.9,2,lissandrakruse
1332,16658044,"Roshan Singh","2026-08-09 12:45:40",1544.8,2,roshanavadheshsingh
1333,16694751,im_justmatthew,"2026-08-10 11:27:00",1541.5,2,imjustmatthew
1334,16683982,Kenny,"2026-08-16 19:43:13",1540.5,2,kmonar
1335,16674353,"Lakshmanan R","2026-08-09 05:44:57",1539.8,2,lakshmanankumar02
1336,16659610,gareeb,"2026-08-10 15:46:50",1538.7,2,"arjund29,saqlainsqx,yashawl194"
1337,16624919,"Juste Me (●'◡'●)","2026-08-09 14:00:21",1536.9,2,degnonguidi
1338,16677399,lyts,"2026-08-09 21:35:13",1536.7,2,lytsyyds
1339,16657598,"Arun Mallikarjuna","2026-08-10 04:29:14",1533.7,2,arunmallikarjuna
1340,16683036,"Ritesh Thawkar","2026-08-14 08:34:08",1532.3,2,riteshthawkar
1341,16672980,"Thomas Prinz","2026-08-09 13:57:51",1531.4,2,xardiphotography
1342,16651695,"Koushik Rudra","2026-08-15 17:04:02",1530.8,2,koushikrudra
1343,16713590,"Александр Арутюнян","2026-08-13 05:20:18",1529.2,2,alexarut17
1344,16635330,tekatoncat,"2026-08-16 23:42:10",1527.2,2,tekatoncat
1345,16671174,Alexandre008,"2026-08-09 12:29:49",1526.3,2,alexandre008
1346,16709519,"p pxl16","2026-08-12 05:54:42",1523.0,2,ppxl16
1347,16659295,snaykey,"2026-08-09 22:01:48",1523.0,2,snaykey
1348,16663668,"╰┈➤ˎˊ˗ www.sleepyai.org","2026-08-08 23:49:32",1522.6,2,tahsinarafat
1349,16659730,"Zhang Yingluo","2026-08-10 08:15:53",1518.7,2,zhangyingluo
1350,16635314,"Aurora wy","2026-08-08 22:44:32",1515.3,2,aurorawy
1351,16669403,mrgrishninsb,"2026-08-09 10:43:27",1515.2,2,mrgrishninsb
1352,16652630,stars_w,"2026-08-13 11:56:28",1514.7,2,starsw
1353,16652827,"Rob C","2026-08-14 03:04:30",1514.0,2,robertcheah
1354,16669711,"Anton Shaniuk","2026-08-09 12:46:11",1512.4,2,antonshaniuk
1355,16669038,"Nabeel Shar","2026-08-09 13:29:09",1510.0,2,nabeelshar
1356,16670406,"jessica jennifer","2026-08-09 09:14:46",1508.4,2,jessicajennifer
1357,16633179,infamemconculcemus,"2026-08-13 11:32:08",1507.9,2,jcgweb
1358,16623461,MightyK,"2026-08-09 05:36:23",1506.9,2,anhhkhoi
1359,16657861,"Liao Zixu","2026-08-09 07:00:33",1503.6,2,liaozixu
1360,16685828,Ztr0,"2026-08-09 05:53:10",1503.6,2,y1amadeus
1361,16641884,Blacklions.,"2026-08-09 09:34:07",1502.5,2,blacklions
1362,16683909,"Krzysztof ""Chris"" Karaszewski","2026-08-14 08:41:11",1502.4,2,futureofworkchannel
1363,16659585,"Anas Riaz","2026-08-08 20:20:23",1501.1,2,anasriaz
1364,16689471,wenjinyang,"2026-08-11 13:32:09",1500.9,2,wenjinyang
1365,16676038,"Adyanth M","2026-08-09 05:12:40",1500.5,2,adyanthm
1366,16695182,"Ali Haydar Özdağ","2026-08-10 14:29:59",1499.5,2,ahoirg
1367,16692469,neoistheone,"2026-08-08 18:38:13",1499.2,1,neoistheone
1368,16652214,Zhenrui.Weng,"2026-08-09 06:45:10",1495.0,2,zhenruiweng
1369,16688893,ひろけん,"2026-08-09 15:36:52",1494.4,2,hirokenn
1370,16663827,magoemu,"2026-08-14 06:39:32",1494.1,1,magoemu
1371,16661707,"Rudolf HOUNLETE","2026-08-09 11:41:08",1492.5,2,queystanle
1372,16630315,janson,"2026-08-11 20:32:16",1492.0,2,johnjanson
1373,16692038,CodeHacker,"2026-08-09 07:58:52",1490.7,2,junhanzangai
1374,16692970,LakoMoor,"2026-08-09 17:43:25",1488.6,2,lakomoor
1375,16624309,jjamppongmandu,"2026-08-10 01:36:25",1488.2,2,"beckspeca,hihiimj,jjamppongmandu"
1376,16634082,"Mikey Marszewski","2026-08-09 00:46:00",1487.8,2,mikeymarszewski
1377,16639230,Rylan,"2026-08-15 13:15:45",1487.5,2,"liuruihan333,wangxiaodundun"
1378,16633132,"Triston Morgan","2026-08-09 12:09:29",1487.4,1,yanzhou06
1379,16695283,"Mark Baushenko","2026-08-09 10:45:53",1486.1,1,e0xextazy
1380,16688579,"Long Hu","2026-08-09 09:41:04",1484.8,1,longhul
1381,16635518,"ROFIQUL ALAM SHEHAB","2026-08-09 11:49:00",1484.6,2,rofiqulalamshehab
1382,16682843,underline12311,"2026-08-09 14:23:02",1484.4,2,underline12311
1383,16643693,"Kerem çelik","2026-08-13 18:14:19",1483.7,2,keremelik
1384,16635421,"Lennart Haupts","2026-08-09 08:03:48",1483.0,2,lennarthaupts
1385,16625472,"luna is free！","2026-08-08 11:26:52",1482.8,2,simingtan
1386,16623189,"Aditya Mishra","2026-08-09 03:42:06",1482.6,2,adityamishranika
1387,16678506,SireeshLimbu,"2026-08-08 08:39:43",1482.6,2,sireesh
1388,16665935,eternitywinner,"2026-08-08 14:41:53",1482.2,2,eternitywinner
1389,16623034,"Vlad Kochetov","2026-08-10 21:43:51",1482.1,2,vladkochetov07
1390,16684568,"[ODS] waniz","2026-08-08 11:04:42",1480.0,1,wanizz
1391,16660430,"Hassaan Ibrahim","2026-08-10 12:45:55",1479.4,2,hassaanibrahim
1392,16692677,"Ashish Dubey","2026-08-10 06:17:34",1479.2,2,ashish124536
1393,16668215,renta.k,"2026-08-08 15:32:02",1478.6,2,renta0426
1394,16621590,Yaroslav,"2026-08-09 14:34:12",1477.7,2,yaroslavrogoza
1395,16668630,Keito,"2026-08-08 05:10:39",1477.4,2,keitookamoto
1396,16672251,"Kavinkumar M","2026-08-11 08:27:00",1477.3,2,kavinkumarrkm
1397,16653262,"tianwen zhang1","2026-08-08 16:21:18",1476.3,2,tianwenzhang1
1398,16676275,Scorpi,"2026-08-12 01:34:25",1475.5,2,scorpi
1399,16665841,"Mohit Rao","2026-08-09 05:05:31",1474.4,2,vmohitrao
1400,16660101,Zarathustra,"2026-08-12 02:48:18",1474.1,2,rezkyadytama
1401,16653984,"Howard Lyu","2026-08-08 18:35:00",1473.9,2,howardlyu
1402,16665976,"Daksh Goyal","2026-08-08 20:36:06",1472.6,2,dakshgoyal387
1403,16677423,songling,"2026-08-09 09:01:39",1472.5,2,"lvbingrong,oralia"
1404,16692883,coolguy,"2026-08-08 20:56:21",1471.1,1,vihangpagare334
1405,16663626,"yvn kaggriculture","2026-08-16 09:58:30",1469.5,2,"garnikdavtyan,mikayelgr"
1406,16659958,brainpick,"2026-08-16 22:23:59",1469.0,2,prathvirajpalekar
1407,16679683,Aberrchan,"2026-08-08 17:44:32",1468.7,2,aberrchan
1408,16673881,"Sebastian Johansson","2026-08-10 13:37:36",1468.4,2,sebbejohansson
1409,16641535,Tutti,"2026-08-09 12:38:55",1468.3,2,malk271828
1410,16623485,XtraLearning,"2026-08-09 17:10:36",1468.2,2,xcessivesmash
1411,16697411,VynoDePal,"2026-08-16 00:00:05",1468.1,2,kvynodjo
1412,16715729,Ajay_Rao_43,"2026-08-17 04:34:13",1465.7,1,ajayrao43
1413,16664242,"Alex Lee","2026-08-11 03:43:12",1465.1,2,aiexanderr
1414,16660259,Marcus,"2026-08-08 17:23:34",1464.5,2,marcuseno
1415,16681927,"Dariush Afshar","2026-08-09 05:55:14",1463.2,2,dariushafshar
1416,16669826,Jesse,"2026-08-09 16:12:43",1462.5,2,jesneuman
1417,16674839,"hongqian miao","2026-08-08 09:24:03",1462.4,2,hongqianmiao
1418,16655190,"Will Rice","2026-08-16 00:42:24",1461.1,2,willrice
1419,16653890,YUKRUB,"2026-08-17 11:33:36",1458.2,2,yukrub
1420,16661739,"Spandan Mhapsekar","2026-08-08 10:39:41",1456.5,2,spandanmhapsekar
1421,16685743,"Alex Oranov","2026-08-10 15:16:12",1456.4,2,aoranov
1422,16691154,UnknownRobi,"2026-08-15 21:30:46",1455.4,2,canrobichaud
1423,16623708,"Chekhlov Dmitrii","2026-08-17 05:19:59",1455.1,2,zoli800
1424,16661100,"Muhammad Junaid","2026-08-17 10:50:45",1455.0,2,junaid512
1425,16667245,"KAIWALYA RAUT","2026-08-09 09:04:25",1454.8,2,kaiwalyaatulraut
1426,16690897,"Ashok Kumar Garain","2026-08-08 13:26:11",1454.1,1,ashokkumargarain
1427,16664409,"Kathi Munishwar","2026-08-09 03:37:05",1451.5,1,kathimunishwar
1428,16657989,"vishnu gopal P","2026-08-08 12:27:56",1450.5,2,vishnugp
1429,16623152,"agentic warriors","2026-08-14 01:17:57",1450.3,2,"ibadia,isabellawoo01"
1430,16633133,"Hole Neckles","2026-08-16 11:22:56",1450.2,2,holeneckles
1431,16667219,"Komil Parmar","2026-08-08 10:00:55",1449.9,2,komilparmar
1432,16630441,"yjhv buddies","2026-08-07 09:50:05",1448.4,2,bender1123123
1433,16678930,"Just a moroccan","2026-08-09 13:45:12",1448.1,2,zbidaamine
1434,16655210,Amon,"2026-08-16 06:09:04",1446.3,2,kingaemon
1435,16690889,"B A S E L #","2026-08-08 14:47:22",1445.6,2,basselll
1436,16654669,"Jordi Corbilla","2026-08-13 14:04:46",1443.6,2,jordicorbilla
1437,16688898,"Sanskar Omar","2026-08-09 11:10:44",1442.5,2,sanskaromar7
1438,16626203,"Manish Kumar Maurya","2026-08-07 05:40:50",1439.9,2,manishkumarmaurya11
1439,16675486,"SALAH ELDIN ELNABARAWY","2026-08-08 17:50:16",1439.3,2,salaheldinelnabarawy
1440,16694317,"PRITIKA SA","2026-08-09 07:17:19",1437.7,2,pritikasa
1441,16670361,"Saud Saudesen","2026-08-15 22:16:42",1437.4,2,saudsaudesen
1442,16670117,"Raj Aryan","2026-08-07 18:15:04",1436.1,2,rajaryan2503
1443,16671767,Kaileh57,"2026-08-11 02:23:04",1433.9,2,kaileh57
1444,16683439,Goober,"2026-08-10 19:46:41",1431.1,2,kongzhisyuen
1445,16658499,Grifun,"2026-08-09 03:24:51",1429.4,2,msingatullin
1446,16728084,iwance,"2026-08-16 10:29:38",1428.1,2,iwance
1447,16680075,I_luv_magick,"2026-08-07 09:50:30",1427.5,2,iluvmagick
1448,16693488,HarvestZero,"2026-08-09 16:36:58",1426.7,2,bernardboatey
1449,16684762,X-xuhui,"2026-08-08 10:07:58",1424.7,2,xxuhui
1450,16651244,"Knight of Favonius","2026-08-07 19:15:29",1423.2,2,ladyfaye
1451,16665352,"Paul Nassiri","2026-08-09 09:58:07",1422.3,1,laszlolevray
1452,16656118,Mutte1904,"2026-08-07 05:03:56",1422.0,2,mutte1904
1453,16681986,"Chirantan Bhardwaj","2026-08-07 10:07:52",1420.8,1,chirantanbhardwaj
1454,16634174,phibkro,"2026-08-07 03:10:52",1419.2,2,phibkro
1455,16668029,Timbo615,"2026-08-07 11:56:21",1419.1,2,timbo615
1456,16655156,"Pranjal Ranjan","2026-08-06 23:58:43",1418.8,2,pranjalranjan299
1457,16693382,Sandrone,"2026-08-16 19:52:04",1418.8,2,luvgoelo
1458,16670058,"Dahoui Alex Armel ","2026-08-07 01:02:07",1418.7,2,dahouialexarmel
1459,16675305,"Justin Sabu Sebastian","2026-08-07 12:45:39",1418.6,2,justinsabusebastian
1460,16671403,"Alex Karpowicz","2026-08-08 18:36:52",1417.5,2,alexkarpowicz
1461,16667479,"Leon Christians","2026-08-08 20:22:20",1417.0,2,leonchristians
1462,16662041,"Thu Nguyen","2026-08-08 14:58:22",1416.4,2,thunguyen1510
1463,16686843,"Juraj Zelman","2026-08-09 08:40:09",1415.7,2,jurajzelman
1464,16670433,"Mohammad Osamah Atif","2026-08-07 10:24:54",1415.2,2,osamatif
1465,16665353,Sakshamm2587,"2026-08-17 04:48:07",1415.2,2,sakshamm2587
1466,16675753,Khafidin,"2026-08-12 05:16:26",1414.8,2,khafidin
1467,16652900,cjen07,"2026-08-07 23:33:05",1414.1,2,cjen07
1468,16669518,Galagala,"2026-08-07 18:35:59",1414.0,2,b12705059
1469,16639583,typeIIIfairy,"2026-08-08 09:32:35",1413.4,2,typeiiifairy
1470,16655497,cszf_first,"2026-08-09 02:06:46",1413.2,2,cszffirst
1471,16673002,xubenzheng,"2026-08-07 15:40:31",1409.5,2,xubenzheng
1472,16690829,JeremyH43,"2026-08-16 00:06:30",1409.2,2,jeremyh43
1473,16679848,Nikola010,"2026-08-13 16:29:19",1406.3,2,nikola010
1474,16630129,"Yi Lu","2026-08-08 05:23:05",1406.0,2,liqiu0224
1475,16667091,"Nico Feiler","2026-08-07 14:27:47",1405.0,2,nicofeiler
1476,16671844,I2nfinit3y,"2026-08-07 02:27:10",1404.6,2,i2nfinit3y
1477,16693050,Shoko,"2026-08-09 10:31:26",1404.4,2,abreyton
1478,16660537,Furina,"2026-08-08 13:52:01",1403.5,2,cjlcjlcjl
1479,16689274,Anyeson,"2026-08-09 13:52:24",1402.0,2,anyeson
1480,16697024,"Jiri Prudky","2026-08-17 05:18:01",1400.7,2,jiprud
1481,16671515,ziheng,"2026-08-07 09:47:38",1399.9,2,zihengedie
1482,16657594,"Wojciech Krasowski","2026-08-07 11:21:03",1399.7,2,ci3l4k
1483,16652175,"Lucas Boesen","2026-08-11 14:49:34",1396.0,2,lucasboesen
1484,16637919,NoOneAhead,"2026-08-07 05:12:50",1395.3,2,jerrlu
1485,16624040,kumk,"2026-08-07 22:44:03",1394.5,1,kknagoya
1486,16665746,Chiranjieev,"2026-08-17 11:13:01",1394.5,2,"abhirajhiwale,amitambhore27"
1487,16689488,"Ming Fong","2026-08-08 07:23:41",1394.5,1,evilpegasus
1488,16673370,JeovaAnderson,"2026-08-15 15:43:52",1394.0,2,jeovaanderson
1489,16668700,"Pranshu Ghori","2026-08-06 20:24:22",1393.1,2,pranshughori
1490,16660120,gktdgktdgktd,"2026-08-07 07:50:45",1392.7,2,gktdgktdgktd
1491,16623920,"Kazuta MIZUTA","2026-08-07 03:22:25",1392.0,2,kazutamizuta
1492,16681049,"SiLin “Can SiLin” Can","2026-08-17 02:59:35",1391.7,2,"k3rn3l,silincansilincan"
1493,16664283,"Nguyễn Hữu Công","2026-08-07 05:24:48",1389.6,2,nguynhucng
1494,16634468,"Kun Zhang","2026-08-15 21:31:30",1388.3,2,beicicc
1495,16729472,"Boris Pletenev","2026-08-16 17:23:56",1387.1,1,borispletenev
1496,16662161,"Touhidul Alam Seyam","2026-08-10 12:39:51",1386.9,2,seyamalam
1497,16663369,csteeve,"2026-08-07 18:44:37",1386.1,2,csteeve
1498,16681065,SYC,"2026-08-07 03:22:25",1385.5,1,yichengs
1499,16653199,Koba,"2026-08-07 09:06:33",1383.8,2,zone0906
1500,16666826,"Simone di costanzo","2026-08-07 19:38:11",1382.6,2,simonedicostanzo
1501,16666358,"GAYATHRI SALINI","2026-08-07 07:55:26",1382.6,2,gayathrisalini09
1502,16671372,"Meet Sabhaya","2026-08-08 06:02:13",1382.4,2,meetsabhaya
1503,16693942,"Mister Qi","2026-08-15 17:10:15",1379.6,1,azrihasin
1504,16658789,Zhanpeng.W,"2026-08-08 10:05:26",1379.2,2,zhanpengw
1505,16654626,bgsszsa,"2026-08-07 12:01:33",1379.0,2,bgsszsa
1506,16662592,"Vladislav Yushkevich","2026-08-09 14:54:24",1378.2,2,"crazyflyingsheep,vladislavyushkevich"
1507,16685990,VictorAndrew,"2026-08-10 16:39:51",1378.1,2,vicktvr
1508,16670671,"TAUIL Abd Elilah","2026-08-11 01:17:39",1377.8,2,tauilabdelilah
1509,16655076,"Tita Kongolo","2026-08-08 09:08:57",1377.5,2,titakongolo
1510,16664666,"Rheal Thomas","2026-08-17 04:48:57",1375.1,2,rhealthomas
1511,16674932,kokinnwakashuu,"2026-08-07 07:20:19",1374.1,2,kokinnwakashuu
1512,16688281,"Luke Stafford","2026-08-17 01:16:03",1374.1,2,luketstafford
1513,16676193,"Akira Hirohashi","2026-08-07 14:00:23",1373.3,2,akirahirohashi
1514,16663457,Furqan102102,"2026-08-09 12:02:35",1370.9,2,furqan102102
1515,16643922,Konstantin03,"2026-08-07 13:37:54",1369.5,2,konstantin03
1516,16631665,"jatan sanghvi","2026-08-07 06:10:48",1368.8,2,jatansanghvi
1517,16651052,lty,"2026-08-07 02:45:54",1368.5,2,linwei9
1518,16681480,"Kevin Nguyen","2026-08-14 18:16:29",1368.2,2,haidangnguyen1802
1519,16666686,yolo,"2026-08-08 12:08:38",1367.7,2,avin55
1520,16647192,"Sailor Ren","2026-08-12 09:19:11",1367.0,2,sailorren
1521,16664827,"Jose Miguel Diez de la Lastra","2026-08-07 16:08:49",1366.9,2,josemigueldiez
1522,16622788,Fitzcarraldo,"2026-08-07 14:17:24",1366.7,2,ivankuc
1523,16637458,OlivierS,"2026-08-17 05:23:12",1365.5,2,oliviers
1524,16662730,Operator-X,"2026-08-08 10:06:04",1365.3,2,"jpexee,lavlinjaisonme23b250"
1525,16651672,"Xiaolei Lian","2026-08-16 01:30:28",1364.0,2,xiaoleilian
1526,16653117,"li jiaqi77","2026-08-07 05:32:06",1363.7,2,lijiaqi77
1527,16670221,fle3n,"2026-08-08 19:48:37",1363.6,2,fleongg
1528,16665058,"Llin Ding","2026-08-17 05:36:46",1362.5,2,llinding
1529,16681226,"tingting shen","2026-08-10 09:24:23",1362.2,2,tingtingshen99
1530,16621063,"Aikyatan Sinha","2026-08-07 16:53:10",1362.0,2,aikyatansinha
1531,16622319,"Roman Tamrazov 52","2026-08-07 18:51:27",1361.4,2,romantamrazov
1532,16633043,"Ryan Adams","2026-08-10 10:58:10",1359.7,2,ryanadamsai
1533,16670378,"Ari Carter","2026-08-08 23:18:02",1359.4,2,aricarter
1534,16675344,Azelearn,"2026-08-08 15:43:00",1358.8,2,androidss
1535,16660215,"YoungDSML [dsml.kz]","2026-08-06 16:29:33",1358.3,2,"mazgas,nurikw3"
1536,16688450,SpiralTip,"2026-08-17 05:12:04",1357.4,2,spiraltip
1537,16685450,Nadeem,"2026-08-07 14:01:19",1355.4,1,nadeembinshajahan
1538,16625219,MJVinay,"2026-08-15 18:58:33",1355.2,2,mallajayanthvinay
1539,16643193,"Shoroogh Ahmadi","2026-08-13 10:36:43",1354.8,2,shorooghahmadi
1540,16640332,"ning gu","2026-08-17 05:59:14",1353.3,2,morninggu
1541,16655763,"Diogo Sena","2026-08-08 21:57:03",1350.2,2,diogodmsena
1542,16632743,"Krizsó Gergely","2026-08-09 10:05:16",1349.2,2,lucifer19
1543,16654623,"Asher Goldstein","2026-08-09 17:54:27",1348.2,2,ashergoldsteincd21
1544,16667242,"Gleb Tumanov","2026-08-17 09:55:11",1347.1,2,crachton
1545,16633276,"Nolan Liang","2026-08-09 03:26:47",1346.2,2,iamlkn
1546,16665561,LuoXingda,"2026-08-07 08:22:42",1345.1,2,luoxingda
1547,16687463,"Manolo Chow","2026-08-09 22:56:20",1343.7,2,manolochow
1548,16644552,Keanan,"2026-08-08 11:35:17",1343.7,2,citerne
1549,16683852,"Abhiram Anil","2026-08-08 06:26:11",1341.6,2,abhiramanil
1550,16627194,GzmCR632,"2026-08-10 14:31:37",1341.5,2,gzmcr632
1551,16665529,Venneth,"2026-08-08 12:32:20",1341.4,2,venneth
1552,16623798,RuiKimura4,"2026-08-15 18:28:05",1340.3,2,ruikimura4
1553,16670304,"Daniel Tomaro1","2026-08-09 03:03:06",1339.8,2,danieltomaro1
1554,16633773,copasta,"2026-08-09 00:03:00",1338.5,2,copasta
1555,16640264,DhanaLakshmiMalla,"2026-08-12 20:31:31",1336.3,2,dhanalakshmimalla
1556,16669273,Parag,"2026-08-07 02:10:29",1335.3,2,paragkale
1557,16653208,FabienDaniel,"2026-08-07 10:17:38",1334.1,2,fabiendaniel
1558,16660613,今日洗澡明日香,"2026-08-07 09:58:49",1333.8,2,"jasperkag,ryjiang,timmengzh,yningc"
1559,16642579,"Desyat IO","2026-08-09 17:31:59",1333.1,2,desyatio
1560,16658670,EveryJust,"2026-08-07 08:33:35",1330.5,2,"everyjust,zfc666wsnd"
1561,16680408,mochogo,"2026-08-07 05:42:33",1330.1,1,mochogo
1562,16685358,"Nuno Ferreira","2026-08-07 13:48:37",1326.1,1,ngcferreira
1563,16624003,weedfarmer,"2026-08-08 05:34:16",1324.3,2,aleksanderhan
1564,16671314,"Robot Farm","2026-08-17 08:07:03",1323.7,2,codearranger
1565,16666625,"Nguyen Ngoc Thien","2026-08-07 16:12:04",1323.0,2,ngocthienai
1566,16689084,Tam1m,"2026-08-08 06:48:32",1321.6,2,booleanwolf
1567,16665015,"laiba razzaq10","2026-08-07 14:21:49",1317.4,2,laibarazzaq10
1568,16670040,galaxyhunter,"2026-08-11 19:32:41",1317.3,2,pkharkwal
1569,16669491,"Parakh Sharma","2026-08-06 10:59:33",1316.5,2,parakh20
1570,16686155,梁圣的恩情还不完,"2026-08-16 15:48:21",1316.2,2,yyyyhhhhwww
1571,16630797,"Seok, Jeongeum","2026-08-17 09:57:39",1315.5,2,seokjeongeum
1572,16654752,Agrofitting,"2026-08-17 11:42:08",1311.7,2,"evvfebruary,vinch97"
1573,16659727,shuaiqiyang,"2026-08-06 08:48:53",1308.7,2,shuaiqiyang
1574,16640582,Attension_Seeker,"2026-08-10 06:57:51",1308.4,2,aisipu
1575,16670807,mannogun,"2026-08-07 11:05:42",1308.3,2,arcanejumper
1576,16667606,Manifolds1,"2026-08-06 16:36:46",1307.3,2,ptrakuldit
1577,16656347,OctahedronBB,"2026-08-07 00:52:27",1307.3,2,octahedronbb
1578,16673303,"Samuel Sundararaman ","2026-08-11 05:34:26",1303.1,2,neopok919
1579,16657957,"Mounika Kommireddy","2026-08-08 07:57:32",1302.9,2,mounikakommireddy
1580,16664379,N_Matsumoto24,"2026-08-16 05:42:10",1302.7,2,nmatsumoto24
1581,16627472,CloverFarm,"2026-08-14 08:32:12",1301.8,2,ljs2546
1582,16676280,agniii,"2026-08-06 17:05:08",1300.9,2,agniii
1583,16653939,"Amr Yasser","2026-08-06 17:56:07",1298.6,2,amryasswe
1584,16676677,"Clark Stéphane","2026-08-07 18:58:45",1298.5,2,clarkstphane
1585,16659820,Accayo14,"2026-08-06 14:20:30",1298.0,2,accayo14
1586,16625060,"Subin An","2026-08-10 08:07:29",1297.0,2,subinium
1587,16667731,"Agent 33","2026-08-09 11:55:05",1295.5,2,agent33
1588,16639606,Peach2587,"2026-08-12 03:19:13",1293.7,2,momokayoshioka
1589,16670715,i3,"2026-08-13 21:39:55",1291.1,2,ishijima
1590,16626979,"Soobin An","2026-08-06 03:34:21",1288.3,2,myotterspace
1591,16658025,"Dennis Gioche","2026-08-06 09:08:34",1287.1,2,dennisgioche
1592,16669494,"Abdullah Razi","2026-08-15 17:50:33",1286.7,2,abdullahroninrazi
1593,16679237,"Danilo Sepúlveda","2026-08-06 21:26:28",1286.5,1,daniloseplveda
1594,16659679,Civitasmass,"2026-08-06 10:53:16",1283.4,2,godhand
1595,16658709,"Kaggler Albafica","2026-08-06 10:05:39",1283.2,2,kaggleralan
1596,16672520,"Nah I'd win","2026-08-07 08:09:12",1281.8,2,asutriy
1597,16658384,UwU,"2026-08-10 04:20:44",1281.4,2,claudesewitz
1598,16702674,"Varun S G","2026-08-13 14:39:36",1280.6,2,warun7
1599,16659555,"Joseph Adamski","2026-08-16 14:50:51",1280.3,2,josephadamski91
1600,16669608,"Jesy Lu","2026-08-13 16:21:53",1279.5,2,jesylu
1601,16732210,tanadai,"2026-08-17 11:12:51",1279.1,1,da0516
1602,16673179,"Muhammad Faraz Aftab","2026-08-09 10:18:58",1277.5,2,muhammadfarazaftab
1603,16621802,fgwiebfaoish,"2026-08-13 12:21:54",1276.8,2,fgwiebfaoish
1604,16653855,"Klgv Klgv","2026-08-06 11:54:38",1276.5,2,klgvklgv
1605,16668545,Ronty00,"2026-08-06 08:24:07",1276.3,2,ronty00
1606,16669971,"Luka Philip","2026-08-08 16:09:32",1275.0,2,lukaphilip
1607,16630984,TakamaruEX,"2026-08-16 13:42:25",1274.1,2,takamaruex
1608,16671292,Yuyajk,"2026-08-07 09:00:27",1273.1,2,yuyajk
1609,16635781,wacata,"2026-08-14 20:51:10",1272.9,2,wacata
1610,16670214,"Louis @ tradeInsight.ai","2026-08-17 02:53:27",1272.6,2,louisquart
1611,16654832,mohit,"2026-08-07 00:01:08",1270.6,2,mohitvarred
1612,16697205,"Gould Research","2026-08-17 01:19:23",1267.4,2,"georgeking1,gouldh,gradybos,shanemullahy"
1613,16665702,"Aman Gupta","2026-08-06 08:09:05",1267.0,2,amangupta0014
1614,16675027,namanbnsl,"2026-08-06 13:02:52",1266.8,2,namanbnsl
1615,16621716,harlen,"2026-08-06 08:04:24",1266.3,2,harlenka
1616,16676283,jnurik,"2026-08-07 17:24:01",1266.1,2,nurdauletmoldik
1617,16639871,"Aura Farming","2026-08-06 11:39:31",1265.9,2,gauthieravite
1618,16720913,Candidates,"2026-08-17 06:47:37",1265.6,2,"ulyanovmmm,vladimirarchipov"
1619,16660091,bcTiann,"2026-08-06 05:55:54",1263.9,2,bctiann
1620,16630729,https://how.rl.works/,"2026-08-10 10:29:32",1263.6,2,grennwolf
1621,16663591,"Joseph Franck","2026-08-16 16:49:00",1263.4,2,josephfranck
1622,16639280,"Faruk Çiftler","2026-08-09 11:27:46",1260.8,2,abdullahfaruk
1623,16632446,"Abdul Wahab Khan","2026-08-06 04:53:37",1260.3,1,abdulwahab2321
1624,16665169,"Rahul Barakoti ITM","2026-08-07 10:58:30",1257.7,2,rahulbarakotiitm
1625,16669542,Agzam,"2026-08-06 05:09:43",1254.0,2,mazgag
1626,16625214,Malla,"2026-08-12 19:10:55",1253.4,2,mallaphalguni
1627,16664368,"Ujjwal Reddy","2026-08-10 19:43:26",1252.8,2,ujjwalreddyks
1628,16665898,chengsongtao,"2026-08-16 16:31:12",1251.2,2,cheng618
1629,16674550,"Jebastin Nadar","2026-08-06 10:09:16",1249.3,2,samfc10
1630,16625908,trantrikien239,"2026-08-06 04:32:29",1248.6,2,trantrikien239
1631,16668668,"George Byne","2026-08-11 15:52:07",1247.8,2,georgebyne
1632,16667714,ZhexinJiang,"2026-08-06 11:26:30",1246.8,1,zhexinjiang
1633,16675905,HydFarms,"2026-08-14 18:05:57",1243.5,2,"kumaramar,ronithjaju,shiveshcgatech,vidhishah115"
1634,16642154,Burkina_team_mate,"2026-08-06 15:30:54",1242.4,2,"belemkalilou,tedjosegregorybere"
1635,16632783,chocolat,"2026-08-17 11:21:38",1241.9,2,chocolatnya999
1636,16665129,Doom,"2026-08-16 18:16:09",1241.7,2,"mr6436,sanskaarundale"
1637,16623524,"Marcus Vinicius","2026-08-14 18:50:25",1240.4,2,marcux777
1638,16660555,"Nguyễn Nhật Thanh","2026-08-07 03:45:29",1238.7,2,nguynnhtthanhhhhh
1639,16672468,ComposeMage,"2026-08-17 00:29:11",1236.3,2,composemage
1640,16677675,"Roman Mironov","2026-08-06 17:30:28",1236.1,1,helloromiro
1641,16677240,"Jeevan Malla","2026-08-07 07:37:46",1235.4,2,jeevanmalla
1642,16661994,"Suvrat Rai","2026-08-16 09:04:58",1234.4,2,suvrat11rai
1643,16696561,"Ali Ramazanov","2026-08-17 10:24:37",1233.4,2,aliramazanov
1644,16673155,"Babar Khilji","2026-08-06 15:55:26",1232.2,2,babarkhilji
1645,16634426,"Ertuğrul Özer","2026-08-07 14:38:52",1231.9,2,ozertuu
1646,16665431,"Monojit Nandy","2026-08-06 11:50:38",1230.7,2,vedarthmn
1647,16660385,"Jose Santiago Echevarria","2026-08-16 22:07:54",1230.6,2,jmsechevarria
1648,16667503,Yuzuki,"2026-08-05 12:19:45",1229.5,1,yuzukiohya
1649,16665256,zhoujqi,"2026-08-06 18:31:31",1227.8,2,zhoujqi
1650,16659045,Rai1,"2026-08-08 11:53:28",1227.6,2,rai2003
1651,16675203,HK,"2026-08-06 11:38:05",1224.4,1,hizurukonishi
1652,16677188,Nicooni,"2026-08-06 16:35:01",1221.6,1,nicooni
1653,16668995,"MD.Firoj Khondokar","2026-08-06 11:05:13",1220.8,2,mdfirojkhondokar
1654,16631016,木下陽平,"2026-08-06 14:52:20",1220.7,2,yoheikaggle
1655,16669400,"Martin Konôpka","2026-08-06 12:16:13",1220.6,2,rumburakk
1656,16659000,xjlgg123,"2026-08-08 12:35:10",1219.4,2,xjlgg123
1657,16655912,sssskilo,"2026-08-07 09:54:24",1218.3,2,wellkilo
1658,16653085,"haoran huang430","2026-08-06 02:37:22",1217.0,2,haoranhuang430
1659,16670999,Maksonch1k,"2026-08-06 09:08:09",1216.2,2,maksonch1k
1660,16653958,seowoohyeon,"2026-08-06 11:48:06",1216.2,2,seowoohyeon
1661,16658723,"Waleed Alkhateeb","2026-08-05 13:31:44",1215.5,2,waleedalkhateeb
1662,16679155,jeziorop,"2026-08-06 20:34:53",1213.9,1,jeziorop
1663,16624977,Avikumar93801,"2026-08-11 05:55:19",1212.7,2,avikumar93801
1664,16635890,Poojan,"2026-08-06 09:44:47",1212.4,2,poojankumartandel
1665,16668736,bhundreds,"2026-08-06 16:28:39",1211.3,2,hundreds1103
1666,16658717,"Aditya Kapadia","2026-08-06 14:32:16",1210.5,2,adityakapadia2003
1667,16656393,"Faris Abqari","2026-08-07 00:15:25",1209.0,2,farisabqari11
1668,16629972,"forever young","2026-08-07 00:48:31",1208.2,2,keisukeyokota0428
1669,16669191,"Mohammed Nomaan","2026-08-17 11:54:07",1206.8,2,nomaanz
1670,16660250,Moshel,"2026-08-17 11:45:24",1205.5,2,moshel
1671,16622330,"hiroshi murakami","2026-08-06 10:29:43",1205.4,2,zabojeb
1672,16652631,"Panagiotis Anagnostou","2026-08-08 12:12:36",1202.6,2,panosanag
1673,16622820,"Sergey Nefedov","2026-08-06 12:21:31",1200.4,2,sergionefedov
1674,16639125,"Caio Coelho","2026-08-09 15:38:12",1199.9,2,caio41
1675,16659525,"Dang Khoa Nguyen","2026-08-17 09:51:16",1199.7,2,khoadangnguye
1676,16668039,NotEnoughTokens,"2026-08-06 13:04:52",1196.5,2,"adofai,jonghyun7777,taglink"
1677,16677832,"Maryam Tahir","2026-08-07 06:36:16",1195.5,1,maryamtahir09
1678,16668647,"THIRUPATHI KANNAN K","2026-08-05 15:50:54",1194.7,2,thirupathikannank
1679,16656345,sunchang71,"2026-08-05 14:05:13",1194.2,2,sunchang71
1680,16668406,"VAP RF5","2026-08-05 14:41:12",1192.6,1,vaprf5
1681,16671407,JBro13,"2026-08-07 02:29:02",1192.3,2,jbro13
1682,16693193,"Efrain Garay","2026-08-17 03:27:21",1191.0,2,efraingaray7
1683,16652986,"Justin Kimlim","2026-08-10 11:47:24",1190.0,2,justinkimlim
1684,16655353,"Pablo Montenegro","2026-08-09 02:13:47",1189.3,2,pablomontalb
1685,16719793,dhuruvapriyan,"2026-08-14 16:06:42",1189.3,2,dhuruvapriyan
1686,16630758,"Keshav Joshi","2026-08-12 11:36:13",1187.9,2,keshavjoshi22
1687,16621481,"zero waste","2026-08-09 08:46:18",1187.3,2,chinnaphatkhun
1688,16630015,星之海,"2026-08-17 09:37:34",1184.1,2,web3cainiao
1689,16625013,sash,"2026-08-05 01:00:10",1183.5,2,sash2104
1690,16635195,my,"2026-08-16 07:24:13",1182.9,2,ryyymy
1691,16654081,"Aleksei Ponomarev","2026-08-06 00:43:57",1181.3,2,alekseiponomarev
1692,16641326,IY,"2026-08-05 19:27:31",1180.7,2,irotrader
1693,16665753,"Mansour A. S. Ataa","2026-08-06 02:46:56",1179.6,2,profmansoor
1694,16663271,"Malyshev Danil","2026-08-05 14:57:19",1178.2,2,malyshevdanil
1695,16634078,"yoho kumedayo","2026-08-15 12:48:29",1177.6,2,dorachinyastyle
1696,16654726,"James Mancillas","2026-08-07 15:46:12",1176.6,2,jamesmancillas
1697,16684470,"Soumi Ghosh","2026-08-11 10:59:07",1175.7,2,soumighosh911
1698,16718916,"ROBERT SSEBAMBULIDDE","2026-08-14 19:21:24",1175.5,2,robertssebambulidde
1699,16639043,"saroj bono","2026-08-15 18:36:18",1174.7,2,sarojbono197
1700,16621500,"Egor Tkachenko","2026-08-10 15:41:16",1174.3,2,egortkachenko
1701,16664518,senxichong,"2026-08-13 04:28:32",1173.8,2,senxichong
1702,16698688,JeremiahMannings,"2026-08-17 11:49:05",1172.9,2,jmannings
1703,16665237,"get some fries","2026-08-17 10:49:38",1171.3,2,"richardsilence,tongyuexiao"
1704,16711556,"Avvy Lavoienne","2026-08-17 10:59:10",1170.7,2,avvylavoienne
1705,16652896,"R^2 negative","2026-08-04 23:14:38",1169.4,2,rktqwe
1706,16663808,"Fae Gaze","2026-08-05 16:10:17",1168.3,1,achievement
1707,16664819,"SUBHASRI  S","2026-08-05 16:14:12",1167.2,2,subhasri2007
1708,16623592,Jack,"2026-08-05 17:06:09",1165.9,2,jackvd
1709,16699699,rudykane,"2026-08-11 16:06:34",1165.0,2,rudykane
1710,16706004,Divyansh,"2026-08-17 08:28:58",1163.5,2,sehgaldivyansh
1711,16728996,autowin,"2026-08-16 19:49:10",1163.5,2,atharvjairath
1712,16623665,Giba,"2026-08-05 22:44:41",1162.1,2,titericz
1713,16707144,Kirderf,"2026-08-17 11:22:19",1161.0,2,kirderf
1714,16664239,VK_Kaggriculture..StartCompet,"2026-08-05 02:03:48",1160.4,1,venkatkumar001
1715,16664170,SpookyHippo,"2026-08-06 02:44:29",1157.5,2,spookyhippo
1716,16654486,alijs,"2026-08-06 14:27:22",1156.0,2,alijs1
1717,16635679,WUHAOZHE618,"2026-08-15 04:08:45",1152.1,2,wuhaozhe618
1718,16727404,Yichi,"2026-08-16 18:20:40",1151.3,2,yichi02
1719,16664890,ideal_m99,"2026-08-06 00:00:33",1151.3,2,idealm99
1720,16644861,"kanzaler ensemble","2026-08-11 14:30:36",1149.2,2,kanzalerensemble
1721,16664775,DoubleZs,"2026-08-06 02:55:02",1149.0,2,zhang051018
1722,16727266,ebisu_ya,"2026-08-17 02:33:32",1149.0,1,ebisuya
1723,16639369,"Kyuhwan Cho","2026-08-06 02:56:08",1146.9,2,octoarden
1724,16686513,Vipul_Kumar75476,"2026-08-11 20:16:12",1146.7,2,vipulkumar75476
1725,16638909,mbscgi,"2026-08-04 22:48:03",1146.6,2,mbscgi
1726,16623398,"Tony Li","2026-08-16 23:34:05",1146.4,2,tonylica
1727,16694399,"Sujith Kumar Sashikanth","2026-08-10 00:01:32",1146.3,2,sujithsashi
1728,16651157,StupidXie,"2026-08-16 12:32:38",1145.8,2,stupidxie
1729,16698735,Larfii,"2026-08-17 01:50:19",1144.3,2,larfii
1730,16663099,"Md. Abdullah Al Mamun","2026-08-05 02:16:43",1144.3,2,mamun18
1731,16663899,"Abdelrahman Aboegela","2026-08-05 13:54:26",1144.2,2,abdelrahmanaboegela
1732,16693164,nuggettttt,"2026-08-09 02:14:22",1144.1,2,nuggettttt
1733,16623856,BrandNewYork,"2026-08-13 07:25:55",1143.6,1,brandnewyork
1734,16669810,CREART,"2026-08-08 05:32:29",1143.2,1,gustardust
1735,16663213,"Takahiro Someya","2026-08-10 22:03:09",1142.3,2,takahirosomeya
1736,16666163,"Muthuraman Raman 7","2026-08-06 05:25:09",1141.9,2,muthuramanraman7
1737,16624600,ariacat,"2026-08-06 07:16:44",1140.9,2,ariacat
1738,16632214,roomer,"2026-08-17 09:37:53",1140.9,2,"matsuphy,mqme526,yasunamiura"
1739,16664400,Boruiyang21,"2026-08-05 14:56:03",1140.1,2,boruiyang21
1740,16655501,Savko,"2026-08-09 07:24:30",1139.6,2,savchenko
1741,16668060,"Spiros Skarmoutsos","2026-08-08 12:48:07",1139.3,2,spirosskarmoutsos
1742,16666242,"Lalwani Palash","2026-08-08 07:45:46",1138.9,2,lalwanipalash
1743,16662872,"Artem Garbart","2026-08-05 09:41:29",1138.8,2,artyomgarbart
1744,16632250,"Mesut Gözdemir","2026-08-05 17:54:14",1138.2,2,gfkfu123
1745,16639550,"HIDEYO CHIBA","2026-08-17 08:47:57",1138.0,2,hideyochiba
1746,16667547,"miaoqing long","2026-08-06 03:31:43",1137.7,2,miaoqinglong
1747,16651332,"Le Viet","2026-08-05 13:14:39",1134.7,2,sleepyssr
1748,16655294,Mobzya,"2026-08-05 14:59:31",1134.4,2,mobzya
1749,16632694,8ct10nz,"2026-08-04 12:02:49",1133.2,2,act10nz
1750,16673604,"Jiman Kwon","2026-08-17 11:46:50",1132.7,2,jimankwon
1751,16666468,"J Penman","2026-08-17 06:09:58",1132.6,2,jpenman
1752,16677965,felipe9695,"2026-08-12 21:23:05",1131.7,1,felipe9695
1753,16655828,ack07,"2026-08-06 04:52:07",1131.5,2,its07amit10
1754,16670765,"tensor choko","2026-08-05 23:03:23",1131.3,1,tensorchoko
1755,16695555,S4K50M,"2026-08-12 14:39:41",1130.5,2,setiasaksham
1756,16663513,Pakistan,"2026-08-05 00:54:11",1128.2,2,"debayank2024,laveshjadon,laxmikantaroy,tarunraii"
1757,16673682,MJ.LIU.T,"2026-08-06 08:14:05",1127.3,1,mjliut
1758,16623199,"Jesse Ferguson","2026-08-05 00:04:22",1124.7,2,jesseferguson
1759,16661410,tmxdlr,"2026-08-05 12:40:54",1124.2,2,tmxdlr
1760,16664300,"swajay nandanwade","2026-08-05 04:57:10",1120.1,2,swajaynandanwade
1761,16698045,"Vikhas S G","2026-08-14 05:13:56",1118.3,2,vikhassg
1762,16675873,"Zhu Liang","2026-08-17 04:38:31",1117.1,2,paradite
1763,16630142,zawawannko,"2026-08-05 03:16:49",1117.0,2,zawawannko
1764,16663178,Sm00thiecodes,"2026-08-07 11:00:29",1116.4,2,sm00thiecodes
1765,16695556,"Prajwal Dongre","2026-08-12 08:53:42",1114.7,2,prajwaldongre
1766,16622482,"Veniamin Nelin","2026-08-04 19:40:18",1113.8,2,veniaminnelin
1767,16660046,"Ikki Katsuyama","2026-08-07 06:07:42",1112.7,2,kacchanwriting
1768,16667205,"Andrew Lee","2026-08-06 11:16:52",1111.9,1,andrewlee23023
1769,16659883,"Ahmad Hfdx5","2026-08-05 03:33:48",1111.5,2,ahmadhfdx5
1770,16666245,"Cagatay Morcicek","2026-08-13 06:53:40",1111.2,2,thisismylabs
1771,16662896,"Adrian Dubois","2026-08-13 22:50:26",1110.6,2,adriandubois
1772,16650018,EiMengLove,"2026-08-05 10:27:31",1110.5,2,konicty
1773,16654209,"Nirav Mehta 1612","2026-08-10 15:41:47",1109.9,2,niravmehta1612
1774,16660988,"AI After Hours","2026-08-17 11:00:28",1109.0,2,"akshaythammana,mmehersaipreetam"
1775,16664653,Adir,"2026-08-06 21:34:52",1108.9,2,adiradam
1776,16636148,SanggeunParrk,"2026-08-05 04:04:32",1108.3,2,sanggeunparrk
1777,16668260,"Yangle Ma","2026-08-11 04:40:59",1107.3,2,yanglema
1778,16629699,radiant-allomancer,"2026-08-03 03:43:17",1106.7,2,radiantallomancer
1779,16641093,"Satish ","2026-08-15 09:49:31",1104.8,2,satishkommanaboina
1780,16657942,"Gokul Prasath","2026-08-04 23:38:18",1104.6,2,beastgokul
1781,16666609,"visit palja.co","2026-08-15 03:34:49",1103.9,2,sselrats
1782,16664565,"Wayne Chou","2026-08-05 12:30:14",1103.5,2,ambientz
1783,16656420,"Aditya Raj #2","2026-08-15 05:54:01",1101.8,2,optimus2005
1784,16635418,ocean240812,"2026-08-07 08:50:56",1101.4,2,ocean240812
1785,16660824,"Stitch Clarity","2026-08-04 15:27:53",1101.3,2,stevenanctil
1786,16670527,"Balram Gupta","2026-08-17 09:08:55",1101.0,2,"akankshaparab,bg28898"
1787,16631261,Monster,"2026-08-04 15:46:32",1100.9,2,tmtngtrng
1788,16664002,"Guilherme Zanini de Sá","2026-08-16 20:30:34",1099.9,2,guilhermezaninides
1789,16730810,mgoto51004,"2026-08-17 09:57:30",1099.7,2,mgoto51004
1790,16662946,uzair,"2026-08-04 18:40:46",1099.5,2,quantumcurator
1791,16659217,Dynamic_fire07,"2026-08-05 18:51:51",1099.0,2,"dynamicfire07,tryingmybest123"
1792,16655530,AlivRick,"2026-08-05 16:18:54",1098.9,2,alivrick
1793,16664761,"Udit Jain #2","2026-08-05 04:19:59",1098.7,1,iamudit
1794,16655493,TheDigitalCK,"2026-08-07 12:31:58",1098.5,2,thedigitalck
1795,16650396,RaymondZhao0304,"2026-08-04 00:39:30",1097.5,2,raymondzhao0304
1796,16661019,lmq,"2026-08-04 14:47:23",1097.2,2,lmminhquang
1797,16661010,"Dante Dyches-Chandler","2026-08-05 04:36:09",1096.5,2,dantedycheschandler
1798,16659715,masb,"2026-08-15 06:54:26",1095.8,2,affansaied
1799,16642207,"Nerijus Areska","2026-08-04 00:01:32",1094.2,2,nerijusareska
1800,16659676,Light,"2026-08-05 03:07:39",1093.9,2,aadarshashrestha007
1801,16656503,"Thiago Munhoz da Nóbrega","2026-08-04 20:47:37",1092.4,2,thiagommtmn
1802,16657094,irynavs,"2026-08-13 13:23:56",1092.0,2,irynavs
1803,16654153,"Mateus Cruz, Msc.","2026-08-03 17:44:02",1091.9,1,matteuscruz
1804,16656170,"Chakrabhuana V  Deva","2026-08-05 06:54:50",1091.7,2,chakrabhuanavdeva
1805,16623236,"Yonatan Nemtsov","2026-08-06 00:28:01",1091.4,2,yonatannemtsov
1806,16663681,"Petar Knezevic","2026-08-15 20:00:08",1090.0,2,petarknezevic1
1807,16655534,"Charles Mills","2026-08-06 16:40:27",1089.4,2,charlesqmills
1808,16725793,Krilin,"2026-08-15 15:26:06",1087.8,1,krilin
1809,16659033,"Farzana Shaju","2026-08-05 07:18:29",1086.8,2,"farzanashaju,shaikhharisjamal"
1810,16717665,"Christoffer Thimsen","2026-08-16 15:51:24",1086.7,2,lowasitgoes
1811,16658616,"Amitesh Chaudhary","2026-08-11 10:04:02",1085.4,2,amiteshchaudhary
1812,16717536,c0nrad,"2026-08-16 20:11:40",1083.7,2,stuartlarsen
1813,16635067,"Berat Egemen Gök","2026-08-17 08:13:09",1083.5,2,berategemengk
1814,16679861,Pandabueno,"2026-08-12 15:51:48",1083.4,2,ronaldomonzn
1815,16659761,cheng-han,"2026-08-06 08:16:10",1082.9,2,neoshie
1816,16660376,"Ahmed Sedky 0100","2026-08-06 20:56:37",1082.3,1,ahmedsedky0100
1817,16630964,LEEKANG,"2026-08-03 14:10:21",1082.0,2,poby7722
1818,16662910,"shoryakumar mishra","2026-08-05 16:05:32",1081.9,2,shoryakumarmishra
1819,16658801,"Thuc Nguyen Dang 111","2026-08-06 09:42:04",1081.2,2,thucnguyendang111
1820,16657449,"Тимофей Мартыщенко","2026-08-05 17:20:55",1080.5,2,timmass2
1821,16625921,JinchengZhang1,"2026-08-09 03:45:30",1078.7,2,jinchengzhang1
1822,16661229,Gena,"2026-08-04 15:18:42",1078.6,2,gdonchyts
1823,16658213,"Ahmet Abdullah Gültekin","2026-08-17 00:20:04",1078.5,2,abdullahgultekin
1824,16664291,"William Dennis","2026-08-11 07:57:27",1076.0,2,williamdennis
1825,16660853,"lxh unbound","2026-08-05 00:02:02",1075.7,2,lxhunbound
1826,16621709,smlcr,"2026-08-04 19:35:19",1075.7,2,simulacri
1827,16696099,moss,"2026-08-17 11:59:25",1075.6,2,kenyashimizu
1828,16669282,sky233,"2026-08-06 17:06:04",1075.6,2,sky233
1829,16658173,Tamizharuvi,"2026-08-13 12:40:22",1074.8,2,tamizh1
1830,16637241,M4nd4l0r14n,"2026-08-04 11:53:31",1074.1,2,thiagobcunha
1831,16623732,A.S.TENSHU,"2026-08-15 12:50:31",1071.7,2,kirvk013
1832,16660819,nya654nya,"2026-08-07 04:47:33",1070.6,2,nya654nya
1833,16655712,"Smart Manoj","2026-08-04 01:55:13",1069.7,2,smartmanoj
1834,16623603,"Renji Starfall","2026-08-05 16:43:52",1069.7,2,renjistarfall
1835,16678965,MrGS,"2026-08-09 01:18:09",1068.9,2,gabrielsderhll
1836,16654196,"Aryaman Chokhani","2026-08-17 07:00:09",1068.9,4,"aryamanchokhani,pranrocky"
1837,16644774,lungjyuanz,"2026-08-07 01:03:20",1068.1,2,lungjyuanz
1838,16662496,KhalidKhan,"2026-08-05 05:31:07",1068.0,2,feedfeed
1839,16634752,"Praise the SHOVEL","2026-08-03 16:16:28",1067.9,2,barnobarno
1840,16657671,CyberRacoon,"2026-08-17 08:42:28",1067.7,2,racoontw
1841,16716522,"Lavanya Bacche","2026-08-17 08:43:40",1067.6,1,lavanyabacche
1842,16622487,"Sam kramer_1028","2026-08-17 10:12:39",1067.2,2,samkramer1028
1843,16676054,"Vladislav Konstantinov","2026-08-08 09:33:35",1066.4,2,vladkonstantinov
1844,16654006,"Harish Dhanarajan","2026-08-03 17:23:50",1066.1,1,harishdhanarajan
1845,16622760,yunus_bayram_kagle,"2026-08-04 07:49:00",1066.0,2,yunusbayramkagle
1846,16632055,Bugra0,"2026-08-03 22:44:42",1064.2,2,bugra0
1847,16665764,"izh yng","2026-08-06 13:02:07",1063.9,2,izhyng
1848,16623691,KevlarZanderChi,"2026-08-04 08:58:58",1063.7,2,kevlarzanderchi
1849,16656308,"Srishanth Sriramula","2026-08-08 09:02:13",1063.4,2,srishanthsriramula
1850,16632097,PavelLiashkov,"2026-08-05 11:59:30",1063.3,2,bigbag1983
1851,16658852,"Chhaya Awasthi","2026-08-04 09:37:05",1063.2,2,chhayaawasthi
1852,16629983,Amundsen,"2026-08-05 06:51:46",1062.4,2,amundsen
1853,16627023,"Noah Farr","2026-08-05 08:02:35",1061.7,2,noahfarr
1854,16640388,SANNNNN,"2026-08-03 18:41:38",1061.2,2,zuhairsan
1855,16635238,"Tai Tien Ta","2026-08-04 02:30:44",1059.6,2,tittin
1856,16665838,wenbodai,"2026-08-06 08:15:25",1058.5,2,wenbodai
1857,16644390,"Manan Gupta","2026-08-05 17:08:32",1057.3,2,obirdy
1858,16725410,LE4VES,"2026-08-17 09:25:11",1057.1,2,le4ves
1859,16660152,LIH.YUN,"2026-08-04 14:11:44",1056.7,2,fxlcee
1860,16660601,"Rabbiya affan","2026-08-17 11:58:05",1055.8,2,rabbiyaaffan
1861,16632138,kaggle_bbgg,"2026-08-05 11:59:35",1054.2,2,kagglebbgg
1862,16672264,iiTz_AK,"2026-08-15 12:18:44",1053.6,2,iitzak
1863,16650701,"Oliver Wang","2026-08-03 16:17:36",1053.1,2,oliverwang15
1864,16657294,"Ragul M","2026-08-04 07:08:51",1053.1,2,ragul7002
1865,16654548,trynaCode,"2026-08-06 16:35:17",1052.1,2,siddarthnayak50
1866,16665399,"Shivam Shrivastava","2026-08-13 15:32:37",1051.9,2,shivamshrivastava180
1867,16657817,"rohith sai midigudla","2026-08-05 12:36:40",1050.8,2,rohithsaimidigudla
1868,16656444,"christopher athans crow","2026-08-05 00:08:13",1050.4,2,cchrisaa
1869,16643095,ckyasb,"2026-08-05 14:39:42",1049.1,2,ckyasb
1870,16652560,"Ahmed Samir","2026-08-03 12:15:01",1049.0,2,ahmedsamir1598
1871,16657395,"Uchechukwu Ajuzieogu","2026-08-04 08:04:14",1047.5,1,uchechukwuajuzieogu
1872,16666900,sooflee,"2026-08-12 14:19:50",1047.2,2,sooflee
1873,16656171,ishu,"2026-08-04 03:27:45",1046.4,2,ishhverma
1874,16652451,JackGong,"2026-08-03 11:32:11",1045.9,1,jackgong
1875,16633096,anvai_agents,"2026-08-04 17:59:27",1045.0,2,"anandgaikwad7781,vaidehidhamnikar"
1876,16663096,Agola_dasacic,"2026-08-04 20:07:50",1044.9,2,mnu303
1877,16646970,juewang1p,"2026-08-13 03:18:21",1042.7,2,juewang1p
1878,16661670,sansm1,"2026-08-04 16:54:59",1042.3,2,sansm1
1879,16655632,"Dmitry Kozlov","2026-08-04 03:24:59",1041.8,1,dkozlov
1880,16632686,strike,"2026-08-06 06:21:38",1041.4,2,nicolia
1881,16670099,"Jon Snyder","2026-08-06 00:27:21",1041.2,2,snyderj1515
1882,16663273,"Mason Frias","2026-08-06 22:57:08",1039.5,2,masonfrias
1883,16624026,"Russell Kirk","2026-08-03 23:47:30",1039.3,2,russcore
1884,16661376,"YERMES AMINE","2026-08-04 14:13:45",1039.1,1,yermes
1885,16631978,"batuhan kalem","2026-08-02 22:12:00",1038.7,2,batuhankalem
1886,16687649,"Ahmed Berat Özer","2026-08-09 18:31:30",1038.7,2,ahmedberatozer
1887,16657077,_LT_zyc,"2026-08-05 01:01:42",1038.0,1,zyczyc
1888,16640619,"Sơn Nguyễn","2026-08-05 13:42:53",1038.0,2,sonnguyen10
1889,16632262,Milkomeda,"2026-08-03 05:09:15",1037.9,2,milkomeda74583
1890,16665196,"Pratham Jain","2026-08-05 05:49:17",1036.5,1,kindasomethin
1891,16666946,pwxc00,"2026-08-13 09:11:12",1036.3,2,alert04
1892,16637797,"Xiangchen Li","2026-08-04 09:47:59",1035.9,2,xiangchenli07
1893,16682336,"Çınar Efe Yetişen (Student)","2026-08-17 10:58:54",1034.9,2,narefeyetienstudent
1894,16658562,mashBrian254,"2026-08-04 10:48:33",1034.4,2,mash1990
1895,16639570,"Vishesh Banna","2026-08-04 05:37:32",1034.4,1,visheshbanna
1896,16635159,Abdulsamad,"2026-08-06 11:48:04",1033.7,2,abdulsamadjod1234
1897,16652339,"Mohamed Amine Rebhi","2026-08-03 16:03:07",1033.6,2,mohamedaminerebhi
1898,16639155,"Arturo Gutiérrez Aguilar","2026-08-04 16:08:19",1033.6,2,jarturo
1899,16633190,Gigrise,"2026-08-03 19:44:20",1033.6,2,gigrais
1900,16660318,"Aiman Al-Shalfi","2026-08-05 11:59:43",1033.0,2,aimanalshalfi
1901,16632240,Deepseek的恩情还不完,"2026-08-02 17:23:11",1031.7,2,"iwanys,pedianeko,realybin"
1902,16640472,"Vsevolod Rakita","2026-08-13 11:30:29",1030.8,2,vsevolodrakita
1903,16651613,"Devin Zhou","2026-08-05 02:27:36",1029.8,2,devinzhou
1904,16637519,Temprao,"2026-08-03 12:16:43",1028.9,1,maruimono928
1905,16626462,mango,"2026-08-04 01:06:57",1028.6,2,mango789
1906,16661532,"Fedor Baart","2026-08-05 12:34:21",1028.4,1,fedorbaart
1907,16633808,mmath2,"2026-08-07 10:52:38",1028.4,2,mmath2
1908,16653093,"willam wu","2026-08-03 15:03:01",1028.3,1,biaaib
1909,16659565,Tekin24,"2026-08-13 21:25:21",1028.0,2,tekin24
1910,16634213,kkunizaw,"2026-08-03 20:47:58",1027.0,2,kkunizaw
1911,16655596,Bela,"2026-08-04 01:18:06",1024.5,1,istribaik
1912,16625082,真的懒,"2026-08-03 09:47:50",1024.0,2,gtccc9
1913,16728708,"Rishi Jain","2026-08-16 16:10:33",1023.1,2,rishijain07
1914,16653311,"Stanislav Tsepa","2026-08-17 11:41:44",1022.9,2,mrtsepa
1915,16654271,"Sophie and Yanna","2026-08-16 19:02:51",1021.6,2,"morty3500,sophanie"
1916,16623298,Mikhail_Komkin,"2026-08-02 20:14:28",1021.5,2,mikhailkomkin
1917,16658261,"Manan Khanna","2026-08-04 07:41:27",1021.4,1,manankhanna0
1918,16656337,"Prashant Kikani","2026-08-04 04:03:37",1020.7,1,prashantkikani
1919,16688884,"As Wasti","2026-08-14 01:34:26",1020.5,2,aswasti
1920,16655603,"Veeranuch Leelalai","2026-08-11 12:55:29",1019.8,2,veeranuchleelalai
1921,16644566,"Guangjian Dong","2026-08-02 23:59:18",1019.0,1,guangjiandong
1922,16721639,"Ankit Sain","2026-08-15 13:32:20",1017.6,2,thisankitsain
1923,16651180,yangyefd,"2026-08-03 08:42:57",1015.6,1,yangyefd
1924,16669227,"Tom Dufresne","2026-08-07 11:17:39",1014.5,2,tadufre
1925,16690050,PersistentLife,"2026-08-08 17:16:17",1014.1,2,persistentlife
1926,16654946,AliLucky,"2026-08-05 15:07:59",1013.2,2,alilucky
1927,16672672,Koiiiiiopen,"2026-08-08 06:25:21",1013.0,2,koiiiiiopen
1928,16628727,dominyellow,"2026-08-04 11:44:21",1012.9,2,dominyellow
1929,16641489,suminshim,"2026-08-03 06:24:39",1012.0,2,suminshim
1930,16622835,"Max Manushin","2026-08-06 00:01:08",1011.1,2,innerf1re
1931,16629308,Sutee,"2026-08-16 13:53:54",1011.0,2,lszlst
1932,16639241,"Alissa King","2026-08-04 05:05:30",1011.0,2,alissaking
1933,16639471,CaminoLSY,"2026-08-05 01:22:09",1010.7,2,lsy37521
1934,16659435,Zerabyte_X,"2026-08-04 09:52:16",1010.1,1,zerabytex
1935,16644185,"Mimic Mohsin","2026-08-02 18:38:46",1007.8,1,mimicmohsin
1936,16644882,"SAMOILOV MIKHAIL","2026-08-03 02:10:04",1007.5,1,samoilovmikhail
1937,16654235,"Mwanza Wambua","2026-08-06 10:16:13",1007.0,2,mwanzawambua
1938,16633083,bsenst,"2026-08-07 12:38:47",1006.8,2,bnzn261029
1939,16655588,"The Devil's World 678","2026-08-07 10:39:23",1006.8,2,thedevilsworld678
1940,16661772,R3ddrag0n,"2026-08-17 08:19:37",1006.5,2,r3ddrag0n
1941,16664221,Anish,"2026-08-14 00:53:48",1005.7,2,anishmunje
1942,16641751,Hikari_30,"2026-08-03 04:54:23",1004.2,2,hikari30
1943,16658349,lingxiaojun,"2026-08-17 01:34:33",1003.7,2,lingxiaojun
1944,16624651,"Zihao Zeng","2026-08-03 00:46:30",1003.2,2,zihaozeng0021
1945,16655396,Tesla1AC,"2026-08-08 08:18:09",1003.0,2,mathornton
1946,16625339,kazusw,"2026-08-12 08:06:16",1002.7,2,kazusw
1947,16651257,PursueML,"2026-08-03 09:34:56",1002.5,2,pursueml
1948,16697185,"Prince Special","2026-08-17 06:14:06",1002.1,2,temitayogbolahan
1949,16663407,Denis,"2026-08-11 17:42:21",1001.8,2,matsiusheuski
1950,16686483,"all in kaggle","2026-08-13 14:32:40",1001.4,2,leonstew
1951,16665919,"Labmem Tang","2026-08-15 07:10:35",1000.3,2,labmemtang
1952,16707639,Fujinawa,"2026-08-16 00:45:58",999.3,2,wasshoiwasshoi
1953,16623020,Muhandro,"2026-08-02 21:16:30",999.0,2,muhandro
1954,16709136,ryanocm,"2026-08-13 15:08:49",998.8,2,ryanong
1955,16675452,Vladislav,"2026-08-12 13:58:35",998.7,2,simmeringoverstep
1956,16680239,"Marinto Richee J","2026-08-12 08:21:02",997.0,2,marintoricheej
1957,16698596,ymok,"2026-08-11 11:54:02",996.7,1,iromao
1958,16630760,dkzmn,"2026-08-17 11:48:10",995.2,2,dmkzmn
1959,16661353,mithi,"2026-08-11 20:04:07",995.1,2,singhaleo
1960,16639473,"Jeff Borschowa","2026-08-02 00:39:11",994.8,2,jeffborschowa
1961,16668633,peien5,"2026-08-06 14:44:47",993.0,2,peien5
1962,16635680,starclan,"2026-08-14 17:50:55",992.4,2,starclan
1963,16639567,YassY_The_AlchemYst,"2026-08-11 15:07:03",992.0,2,yassineelhallaoui
1964,16662222,MinerUNLEASHED,"2026-08-16 18:48:32",991.9,2,minerunleashed
1965,16643319,Jules,"2026-08-02 16:31:37",991.2,2,julesvanligtenberg
1966,16664762,"John Marinton","2026-08-17 11:51:49",990.5,2,marintonjohn
1967,16640811,cyberia,"2026-08-02 09:12:23",989.9,1,cyberia
1968,16707303,meTeam,"2026-08-17 00:58:25",989.2,2,aaronzribi
1969,16655187,cmxu,"2026-08-05 05:31:07",988.7,2,cmxu77
1970,16677752,"Senya Ka","2026-08-08 19:16:00",988.2,2,m1greatcool
1971,16630111,jannchie,"2026-08-04 19:09:17",987.1,2,jannchie
1972,16622312,"Malak Reda","2026-08-03 09:02:41",986.6,2,malak457
1973,16667516,Rosastella,"2026-08-05 16:00:48",986.4,2,rosastella
1974,16621831,"Tsung-Yeh, Hsieh","2026-08-10 06:49:43",986.2,2,"tsungyehhsieh,xinyuloong"
1975,16658048,"Joel jaison 391","2026-08-05 02:31:57",986.1,2,joeljaison391
1976,16632788,"Bright O.H.","2026-08-10 05:40:01",985.2,2,brightoh
1977,16623400,Less,"2026-08-02 01:32:24",984.0,1,jiaoyouzhang
1978,16662904,Bharathms1902,"2026-08-08 11:41:54",983.8,2,bharathms1902
1979,16726173,"Aman Bihari","2026-08-17 05:08:15",982.7,2,amanbihari
1980,16643692,Samsay24,"2026-08-02 17:22:45",980.8,1,samsay23
1981,16632536,"Aleksander Sachuk","2026-08-02 21:33:27",980.5,2,alexsssachuk
1982,16716558,"Evan Tobias","2026-08-16 00:08:40",979.9,2,evantobias
1983,16659996,Schwifty,"2026-08-12 20:01:01",979.1,2,schwiftyc137
1984,16707453,"Kaan Dınız","2026-08-16 18:18:27",979.0,2,kaandnz
1985,16674543,"Sujal Agarwal2301","2026-08-09 13:37:43",978.9,2,sujalagarwal2301
1986,16623448,HoJoonYun,"2026-08-09 13:43:43",978.8,2,hojoonyun
1987,16661685,"Lê Ngọc Lâm","2026-08-13 15:29:40",978.4,2,lengoclam
1988,16700265,Reesav,"2026-08-10 14:15:06",977.4,2,reez08
1989,16691481,"Aditi Salvi","2026-08-16 11:07:00",976.7,2,aditisalvi04
1990,16665293,"ADITYA BEECHA","2026-08-10 05:16:38",975.7,2,bechaaditya
1991,16623746,Juyong,"2026-08-14 04:56:15",974.7,2,kimdoong
1992,16634691,"Shaurya Mittal","2026-08-17 06:19:28",974.2,2,shauryam25
1993,16678370,"Chenhao Wang","2026-08-07 06:37:46",974.1,1,wangles
1994,16699091,Umkaaa,"2026-08-11 08:35:05",972.8,2,umkaaa
1995,16658569,"Danu A.","2026-08-05 13:12:09",972.3,2,eu1234
1996,16623389,"Mominul Islam Hemal","2026-08-02 11:23:03",972.3,2,mominulislamhemal
1997,16654419,kreiack,"2026-08-09 23:47:00",971.0,2,kreiack
1998,16634650,UnfriendlyAI,"2026-08-04 03:50:36",970.8,2,unfriendlyai
1999,16622940,"Enrico Ambrosio","2026-08-06 19:56:30",970.8,2,enricoambrosio
2000,16670424,"Josep Audenis","2026-08-11 17:52:07",970.4,2,josepaudenis
2001,16662984,"Mark Schatza","2026-08-16 15:50:59",969.8,2,markschatza
2002,16670020,nanare,"2026-08-16 23:47:15",969.6,2,nanaresudo
2003,16634022,"Cihan Atak","2026-08-02 16:00:43",969.2,2,cihanatak
2004,16626732,islet,"2026-08-09 08:38:25",967.9,2,kojimar
2005,16696208,"kazwzn S","2026-08-15 11:38:21",967.7,2,kazwzns
2006,16637489,"Gopal Krishna Gundumalla","2026-08-02 12:39:17",967.5,2,gopalkrishnag
2007,16702909,SG4265,"2026-08-13 13:51:05",967.1,2,sg4265
2008,16665133,"Abhishek Dubey","2026-08-10 13:28:57",966.6,2,abhishekdubey911
2009,16646360,"Asrith Singampalli","2026-08-03 08:46:59",965.9,2,asrithsingampalli
2010,16657419,"Saivedant Hava","2026-08-05 06:36:39",965.2,2,saivedanthava
2011,16662166,rex,"2026-08-16 16:31:05",964.7,2,hduynguyen
2012,16718579,"Nazariy Karpov","2026-08-17 00:01:11",964.5,2,nazariykarpov
2013,16656941,"Winter Lamb","2026-08-17 04:52:01",964.2,2,fabiansyahcahyo
2014,16656379,"Jay Gautam","2026-08-12 12:19:40",962.0,2,jaygautam007
2015,16635177,Zacchaeus,"2026-08-07 07:04:15",961.1,2,zacchaeus
2016,16654707,ManasviSharma,"2026-08-14 09:51:34",960.1,2,manasvi821
2017,16671980,601918_กิตติพงศ์,"2026-08-08 08:28:12",959.8,2,bluexg5502
2018,16663187,"Teddy McBride","2026-08-07 03:59:53",959.8,2,tedcr100
2019,16717414,"Akshit Sivaraman","2026-08-13 14:43:40",959.0,2,akshitsivaraman
2020,16632571,"nishchal jain","2026-08-03 07:27:14",958.9,2,nishchaljainds
2021,16640877,Yorix.um,"2026-08-02 13:31:28",958.1,1,yorixum
2022,16654743,"Jaume Batlle i Ferrer","2026-08-17 11:07:56",957.3,2,jaumebatlleiferrer
2023,16667058,"Lê Quốc Duy","2026-08-08 01:03:08",956.8,2,lqucduy
2024,16698281,Neural,"2026-08-17 04:16:19",956.2,2,kevinkoza
2025,16677514,mayoristaNLP,"2026-08-09 16:33:23",955.8,2,mayoristanlp
2026,16670842,Cole,"2026-08-15 19:50:43",955.7,2,colechristensen
2027,16664249,"Rohan Jain","2026-08-17 01:31:17",955.7,2,rohanjain2312
2028,16636105,"Md. Mehedi Hasan","2026-08-01 14:03:03",954.4,2,mehedi052
2029,16639330,"Dead Signal Works","2026-08-02 12:40:32",953.3,2,brooklynhalmstad
2030,16693903,"Alief Randiansyah","2026-08-09 09:37:39",952.8,1,"aliefrandiansyah,salsaaghnia"
2031,16696267,"yu lesui","2026-08-10 05:41:40",951.9,2,yulesui
2032,16703203,"Hamza Shafik ","2026-08-16 23:52:00",950.9,2,hamzashafik12
2033,16642662,CdeTilly,"2026-08-08 08:26:37",950.0,2,cdetilly
2034,16622015,"Ioannis M","2026-08-06 08:12:21",948.9,2,imeintanis
2035,16632266,"(ノ◡ <)","2026-08-17 05:00:19",948.0,2,nawfeelrahman1124444
2036,16623128,AdamJonesJohnson,"2026-08-01 14:14:03",947.5,2,adamjonesjohnson
2037,16706523,"Aussie lover","2026-08-17 09:19:44",947.4,2,aussielover
2038,16634036,"Emanuel Lázaro","2026-08-02 14:55:30",944.4,2,emanuellcs
2039,16668923,"duy tran","2026-08-10 18:38:49",942.9,2,duytran23
2040,16688429,"Omrani Rabah","2026-08-11 22:19:21",942.7,2,omranirabah
2041,16663767,"Tommy Mancino","2026-08-12 19:57:22",942.7,2,tommymancino
2042,16663444,Thomas,"2026-08-11 04:21:42",942.4,2,tartieret
2043,16626217,"Stanislav Chistyakov","2026-08-05 18:52:47",942.3,2,chistyakov
2044,16678666,"Rudranarayan Pradhan","2026-08-09 12:28:32",941.1,2,itzrnp
2045,16674532,"shoaib khan","2026-08-08 01:57:11",939.4,2,manifoldinfo
2046,16658365,"Hoo Woo","2026-08-17 09:25:32",939.3,2,hoowoo
2047,16664246,"Sida Zuo","2026-08-12 08:08:53",938.8,2,sidazuo
2048,16698366,Fateyongheng,"2026-08-13 13:36:10",938.5,2,fateyongheng
2049,16688868,AlbanMaurel7,"2026-08-14 01:34:07",938.4,2,albanmaurel7
2050,16664439,"Tony Thekkedath","2026-08-17 04:42:05",938.0,2,thekke
2051,16638551,SC,"2026-08-01 17:02:17",937.2,1,ryosketchbook2007
2052,16652984,hxaxd,"2026-08-05 15:09:49",936.6,2,hxaxdcs
2053,16726461,mocatti,"2026-08-17 05:46:53",934.3,2,mocatti
2054,16662633,"Shekhar Suman","2026-08-15 19:17:49",931.4,2,shekharvc
2055,16726559,william,"2026-08-17 07:44:16",931.0,2,hiricodev
2056,16672035,diet1236364,"2026-08-09 23:37:45",930.4,2,kosuke123
2057,16663933,AnshV1,"2026-08-06 03:03:35",928.2,2,anshv1
2058,16634876,MakiMakiAi,"2026-08-02 07:52:40",926.6,2,makimakiai
2059,16670365,"Konstantin Alekseev","2026-08-10 10:58:09",926.0,2,alekskst
2060,16703315,"Ryan Triplett","2026-08-17 04:08:41",926.0,2,ryantriplett
2061,16697893,YWehbe,"2026-08-14 15:19:56",925.1,2,youssefwehbe
2062,16692350,"Emerson Suarez","2026-08-16 05:09:13",923.2,2,jericksystem32
2063,16635049,rooklift,"2026-08-16 06:27:36",922.4,2,rooklift
2064,16715255,"xiaocai liu","2026-08-13 09:31:26",921.9,2,xiaocailiu
2065,16666165,ChrisLeiteScha,"2026-08-14 22:14:15",920.8,2,chrisleitescha
2066,16634172,"Mario Cicala","2026-08-02 11:01:58",920.0,2,mariocicala
2067,16663403,"Matthew Huang","2026-08-16 23:25:45",919.4,2,matthewwh
2068,16637340,the_vinci_coder,"2026-08-03 16:27:16",919.4,2,lokijt
2069,16639973,akky,"2026-08-03 15:39:41",917.9,2,tellxxx
2070,16664103,izack2666,"2026-08-07 14:41:10",917.8,2,izack2666
2071,16724895,russ,"2026-08-17 08:32:52",917.4,2,mdevian
2072,16658452,"The Croptimiser","2026-08-06 05:07:52",917.3,1,driessmit1
2073,16639719,JASONSLIMWONG,"2026-08-02 08:11:22",916.8,2,jasonslimwong
2074,16705242,"Chonghao Peng","2026-08-16 09:20:43",916.6,2,chonghaopeng
2075,16712567,PatWid,"2026-08-16 20:00:49",916.5,2,patwid
2076,16641068,"Rahul Ray","2026-08-05 14:27:07",916.3,2,rahulray5
2077,16659972,"Pelamovic ","2026-08-17 11:55:20",915.5,2,pelamovic
2078,16714365,meryol,"2026-08-17 08:45:40",915.0,2,meryol
2079,16670759,"Lemmes Yad","2026-08-09 04:37:37",914.1,2,"austinsemmel,jonallday"
2080,16668998,WarRusher,"2026-08-12 04:25:46",913.6,2,warrusher
2081,16674447,"Nathan Thor","2026-08-11 15:09:57",913.5,2,devofpie
2082,16661467,sh_sub97,"2026-08-12 15:20:25",913.2,2,shsub97
2083,16716081,"dunky su","2026-08-17 07:26:39",912.8,2,dunkysu
2084,16668123,B0RN2BL0W0UT,"2026-08-08 19:10:45",912.3,2,kadenmansur
2085,16659174,Soulwood,"2026-08-12 03:19:57",912.0,2,soulwood
2086,16718202,"Abhi Kumar Agrawal","2026-08-16 10:02:54",911.6,2,abhikumaragrawal
2087,16726093,CocoTeam,"2026-08-16 19:22:01",910.5,2,"albaasca,ceemeese"
2088,16684710,"Pratik Singh","2026-08-11 11:34:48",908.5,2,pratikks11
2089,16680290,prospers,"2026-08-12 10:00:34",906.8,2,prospers
2090,16694269,Aftxb,"2026-08-11 14:58:08",906.2,2,aftxb07
2091,16639810,gytdrop,"2026-08-14 12:47:28",905.9,2,"kartikeyrajbhar,shaikaktharali"
2092,16665816,Vikas1306,"2026-08-10 05:53:19",905.8,2,vikas1306
2093,16669466,"vuppuluri sriramsubhash","2026-08-06 08:42:50",905.2,2,vuppulurisriram
2094,16623616,nasubiman,"2026-08-01 16:20:44",905.0,2,yousukenakamura
2095,16657095,"Prashant Kumar","2026-08-14 07:54:33",904.0,2,praskr
2096,16710389,GuerillaMoon,"2026-08-16 17:12:51",903.1,2,guerillamoon
2097,16666391,"Harshpreet Singh","2026-08-06 10:32:51",902.9,2,harshpreet931
2098,16659465,AravindLochan,"2026-08-17 10:29:21",902.3,2,aravindlochan
2099,16656659,"James Y","2026-08-16 10:36:26",902.1,2,redoctopusk
2100,16688587,yamashu,"2026-08-14 09:55:48",901.7,2,yamashuuu
2101,16632224,yamakawanin,"2026-08-16 13:09:57",900.4,2,yamakawanin
2102,16666341,"Ege Güvener","2026-08-15 22:55:16",900.0,2,egegvener
2103,16667762,KucingGanteng,"2026-08-13 03:51:33",897.5,2,dhiyaussalam
2104,16664360,"Rohan L","2026-08-14 04:08:51",897.3,2,rohanlopes
2105,16667880,BONPU👨‍🌾,"2026-08-12 04:59:48",897.1,2,"shin9915,syamoji141chan"
2106,16623645,"ayutin tin","2026-08-14 07:48:31",896.8,2,ayutintin
2107,16687135,"Kavya Bhandari","2026-08-17 11:32:01",896.7,2,kavyabhandari1998
2108,16727544,"Mostafa H","2026-08-17 10:08:54",896.5,2,mostafahaghiri68
2109,16659749,"Kavsik YVS","2026-08-14 11:07:40",895.8,2,kavsiku0512
2110,16644221,"Guzha Panashe H","2026-08-05 16:55:21",894.1,2,guzhapanasheh
2111,16675661,June_mk,"2026-08-17 03:05:21",893.3,2,jungoto
2112,16655381,"Varshith K","2026-08-17 05:09:43",893.0,2,var3604
2113,16697844,Noobykiller16,"2026-08-15 06:08:27",891.9,2,noobykiller16
2114,16663356,Farm-ops,"2026-08-06 23:27:37",891.7,2,"dakotavannauker,tsho01"
2115,16683764,bf01,"2026-08-16 16:05:58",891.0,2,jalperov
2116,16665301,EricYang03,"2026-08-13 15:49:11",890.9,2,ericyang03
2117,16708369,JairSanchez151270,"2026-08-11 16:30:55",889.3,2,jairsanchez151270
2118,16636725,shichi,"2026-08-11 12:47:35",888.9,2,shichi
2119,16662375,"Yunusa Hussein Adeiza","2026-08-14 22:12:49",888.8,2,yunusahusseinadeiza
2120,16658050,"changwei shi","2026-08-17 10:15:34",888.7,2,changweishi
2121,16692569,"Mark Kirwan","2026-08-10 20:32:44",887.8,2,markkirwan1990
2122,16668021,"bali rasem","2026-08-07 16:15:13",887.6,2,balirasem
2123,16668168,"Ashutosh Ghodasara","2026-08-10 12:23:21",887.5,2,"asce09,attiraina,hashlord"
2124,16663678,"Fabiano Adelino","2026-08-15 11:42:17",887.5,2,fabianoadelino
2125,16710621,(´･_･`),"2026-08-16 07:14:53",887.4,2,tanakh
2126,16709800,nubx,"2026-08-16 01:33:09",887.3,2,manrajjitsidhu
2127,16655062,KKS,"2026-08-08 07:36:03",884.5,2,sachisgod
2128,16671659,Jiang,"2026-08-13 09:12:25",884.5,2,jncq2006
2129,16666452,"victor souza","2026-08-09 17:07:51",884.1,2,victorcaio
2130,16689430,"Terry Luo","2026-08-16 06:38:40",883.8,2,eimhluo1764
2131,16678044,BJFC,"2026-08-16 09:15:05",883.7,2,"harshithharithsa,svsumanth"
2132,16718039,Uman_n3l,"2026-08-17 10:09:48",883.6,2,umann3l
2133,16718539,"Divyansh Agrawal","2026-08-14 06:58:46",883.6,2,spartan1925
2134,16663584,"Deployable LLMs","2026-08-14 23:31:37",883.5,2,"lucasveronese,planetoidleser,sinhakprat"
2135,16634824,yuki16,"2026-08-01 06:41:38",883.5,1,yuki16
2136,16654791,"Dev Rath","2026-08-17 08:37:24",883.1,2,devbratrath
2137,16656013,Asuran,"2026-08-17 07:43:54",882.6,2,zkasuran
2138,16705345,"DEMON JI","2026-08-14 15:02:11",882.5,2,demonji04
2139,16631573,uesi,"2026-08-01 12:04:04",880.2,1,uemura687
2140,16692954,"Adam Nhan","2026-08-16 19:10:48",879.9,2,asnhan
2141,16662050,HandsOffMyBigMelons,"2026-08-13 22:00:12",878.3,2,scrattle
2142,16635668,"Mirza Yasir Abdullah Baig","2026-08-01 10:46:16",877.3,1,myab07
2143,16635872,"Evgeniya Dmitrieva","2026-08-01 11:48:30",877.0,1,evgeniyadm
2144,16662486,"KOTHAPALLI DILEEP","2026-08-10 12:06:14",876.8,2,kothapallidileep
2145,16658272,"Yash Katiyar","2026-08-08 20:17:05",876.5,2,yashkatiyar409
2146,16695822,"Ahmad Elawady","2026-08-17 09:56:51",876.1,2,aielawady
2147,16660548,"Viraj Bakshi","2026-08-08 18:50:11",876.0,2,virajbakshi
2148,16655142,"Stanislav Kuznetsov","2026-08-16 12:13:34",875.6,2,drtduck
2149,16634493,xixi,"2026-08-01 09:51:45",874.2,2,huangcarry26
2150,16674324,"luca fregona","2026-08-08 13:37:49",873.8,2,lucafregona
2151,16627906,"Tergel Munkhbat","2026-08-07 09:29:02",873.1,2,tergelmunkhbat
2152,16632426,Santhana,"2026-08-11 08:48:28",872.5,2,santhanalekshmic
2153,16663614,Nevska,"2026-08-15 01:11:35",872.3,2,nevska
2154,16668868,tawashi,"2026-08-13 06:51:45",871.7,2,tawashi
2155,16704985,"Ethan Marchisano","2026-08-15 01:41:51",869.9,2,ethanmarchisano
2156,16679295,Mk26,"2026-08-08 16:14:21",869.1,2,"manishk26,mans31"
2157,16708189,Facouse,"2026-08-11 16:09:17",868.9,2,facouse
2158,16631090,yoikoarmor,"2026-08-09 07:01:44",868.9,2,yoikoarmor
2159,16713877,FunnyBishop,"2026-08-16 03:19:24",868.5,2,funnybishop
2160,16638667,"Sarvesh Nikas","2026-08-13 06:50:00",867.8,2,sarveshnikas
2161,16688929,"Kangqiao LIU","2026-08-13 03:38:41",867.6,2,kangqiaoliu
2162,16664149,"Bushel Seed","2026-08-12 17:10:56",867.4,2,"dmyung,nicholasmschwartz"
2163,16664205,"shr Wei","2026-08-12 02:09:40",867.3,2,shrwei
2164,16705417,fuxi,"2026-08-16 07:53:46",866.3,2,"padyue,pytorch5009asd"
2165,16658487,radozaprazny,"2026-08-17 02:17:07",865.6,2,radozaprazny
2166,16655339,harmo-miu,"2026-08-16 01:30:58",865.3,2,harmomiu
2167,16631421,cg,"2026-08-17 09:24:14",865.3,2,chaitanyagarg2
2168,16723241,TrinhDung16,"2026-08-15 16:23:32",864.8,2,trinhdung16
2169,16661943,"Cow Wizard","2026-08-14 02:14:58",862.7,2,cowwizard321
2170,16665984,hepialidae,"2026-08-10 16:05:19",862.5,2,hepialidae
2171,16709967,Matsu,"2026-08-12 03:35:07",862.1,2,matsuzawahayato
2172,16683288,HuaLQin,"2026-08-17 04:37:57",861.9,2,hualqin
2173,16687883,CherylStoned,"2026-08-11 22:53:28",861.7,2,cherylstoned
2174,16694779,JacobKooi,"2026-08-10 09:16:35",861.4,2,jacobkooi
2175,16663361,protoLabs.studio,"2026-08-06 18:39:50",860.8,2,protolabsstudio
2176,16656274,googunmo,"2026-08-08 01:13:58",860.8,2,googunmo
2177,16663238,"Francesco Zaccaria","2026-08-17 05:55:04",859.1,2,francescozaccaria
2178,16623555,yindujuxi,"2026-08-01 10:11:35",858.9,2,yindujuxi123
2179,16664241,payoon,"2026-08-07 08:24:05",858.4,2,payoon1234
2180,16720234,Aditya109,"2026-08-17 09:21:31",857.8,2,"aditya109,tathagattyger"
2181,16664683,"Halapeño Farms","2026-08-17 05:43:17",857.7,2,haladaj
2182,16675475,"Andrey Aristov","2026-08-10 22:02:24",857.1,2,andreyaristov
2183,16664024,"Juan David Bolanos","2026-08-13 17:06:00",856.6,2,juandavidbolanos
2184,16636454,epigene,"2026-08-02 10:14:52",856.0,2,nadhu59648
2185,16671622,"Isaac Diaz Lopez","2026-08-17 06:42:01",856.0,2,isaacdiazlopez
2186,16670420,"Mihir Argulkar","2026-08-07 20:03:15",855.2,2,mihirargulkar
2187,16660805,"Ramon van Dijk","2026-08-05 05:48:21",854.0,2,ramonvandijk
2188,16673346,gabrielep09,"2026-08-11 01:52:41",853.5,2,gabrielep09
2189,16663784,Aniketh2k7,"2026-08-10 06:02:02",852.9,2,aniketh2k7
2190,16677774,"Abdulatif Mahgoub","2026-08-15 20:07:46",852.9,2,abdulatifmahgoub
2191,16665120,nobody,"2026-08-13 14:48:45",852.0,2,rajesh1729
2192,16664828,Leon,"2026-08-09 09:00:09",851.3,2,leonmyl
2193,16633923,JackyFan123,"2026-08-01 15:22:04",850.4,2,jackyfan123
2194,16657904,xfhdh1,"2026-08-08 16:06:45",849.9,2,xfhdh1
2195,16637898,"Marek Nurzynski","2026-08-01 16:06:46",849.0,1,marek3000
2196,16669561,"Nikunj Pahwa","2026-08-15 20:04:36",848.8,2,nikunjpahwa
2197,16663166,Rey4Dan,"2026-08-17 09:51:28",848.7,2,rey4dan
2198,16635004,"jacob OKOTH O","2026-08-02 05:57:05",848.6,1,jacobokotho
2199,16665517,"RUEI-HSIANG. CHANG","2026-08-17 07:47:15",848.2,2,rueihsiangchang
2200,16623886,onepunch999,"2026-08-01 07:30:37",847.8,2,onepunch999
2201,16657610,"H Bharath","2026-08-09 19:10:38",847.7,2,hbharath
2202,16630741,mrk,"2026-08-05 09:49:44",846.9,2,matsubaratakuji
2203,16656072,Vespidae,"2026-08-14 03:30:03",846.3,2,ianapis
2204,16664219,JosephGuhlin,"2026-08-10 08:46:16",845.9,2,jguhlin
2205,16653222,StevenYuan7788,"2026-08-14 16:21:06",845.4,2,stevenyuan7788
2206,16672103,"fred mahinay","2026-08-14 10:59:45",845.0,2,fredmahinay
2207,16685069,derek_kuang0213,"2026-08-14 01:05:09",844.8,2,derekkuang0213
2208,16634582,"Tarun Chaudhary","2026-08-12 06:36:33",844.6,2,tarunchdev
2209,16632950,"Adil Khabibullin","2026-08-04 15:54:11",844.6,2,adilkhabibullin
2210,16663659,"Omer Rehman","2026-08-17 01:51:42",844.3,2,omerrehman97
2211,16666784,"Michał Łapiński","2026-08-17 10:37:33",844.3,2,michaapiski
2212,16687808,GorillaGhost,"2026-08-13 23:23:10",843.9,2,gorillaghost
2213,16624277,"D S S Kumar","2026-08-10 03:22:55",843.7,2,satrusskumar
2214,16633175,"Umut Kıvanç Sipahioğlu","2026-08-04 15:51:56",843.6,2,umutkvansipahiolu
2215,16727536,lelelove1225,"2026-08-17 09:13:15",843.3,2,lelelove1225
2216,16655195,Pirhosseinlou,"2026-08-17 12:07:14",842.4,2,pirhosseinlou
2217,16630501,"Haris Ahmed","2026-08-14 10:08:51",841.9,2,harisahmedgenai
2218,16665942,"Satvik R Shetty","2026-08-09 03:59:52",841.7,2,satvikrshetty
2219,16665395,"bachi idriss","2026-08-10 15:23:30",841.7,2,bachiidriss
2220,16623697,yuto083,"2026-08-17 09:08:19",841.3,2,yuto0712
2221,16665342,Prothos,"2026-08-11 10:23:22",841.2,2,vjuenemann
2222,16660477,SeaGoat,"2026-08-15 03:31:49",840.2,2,vbandaru
2223,16716991,XristosFilip,"2026-08-15 02:57:26",840.0,2,xristosfilip
2224,16630519,"Mehmet Özer","2026-08-01 16:51:55",839.6,2,ozermehmet
2225,16641230,"An V1","2026-08-16 18:09:20",839.5,2,barakuga
2226,16655744,"Ademola Arigbabuwo","2026-08-11 00:30:09",839.5,2,princedemo
2227,16667874,Vidushiii,"2026-08-10 12:25:42",839.3,2,vidushianand09
2228,16671217,"Akshay V","2026-08-14 14:40:23",838.8,2,akshayv1001
2229,16635670,"Mr.S hanakosan","2026-08-09 00:31:34",838.7,2,earlgreytea15
2230,16659920,vkhydras,"2026-08-16 22:42:12",838.5,2,vickimar
2231,16639492,"Vishnu R Mohan","2026-08-08 20:36:19",838.5,2,vishnurmohan
2232,16656514,"A Poor Vul","2026-08-16 11:03:46",838.1,2,praveensahukari
2233,16631215,"Hira Norm","2026-08-08 07:32:06",837.5,2,hiranorm
2234,16659974,"anthony sinchi","2026-08-17 07:42:57",837.0,2,anthonysinchi
2235,16658224,"Daniel Gallardo Gómez","2026-08-07 08:17:24",836.7,2,danielgallardogmez
2236,16628951,"Hiro Nomo","2026-08-10 08:47:25",835.8,2,morinokuma3
2237,16658264,XiweiZhou,"2026-08-16 06:11:00",835.6,2,xiweizhou
2238,16726617,"Chase Lebarv","2026-08-17 02:01:23",835.5,2,chaselebarv
2239,16684957,"Lucas Ferreira","2026-08-11 18:20:43",835.0,2,lucasdeoferreira
2240,16656501,"Thái Phạm Công","2026-08-05 03:59:47",834.2,2,thaipc
2241,16657570,"Guruprasad Parasnis","2026-08-10 12:04:57",833.5,2,guruprasadparasnis
2242,16624645,"Closed Loop","2026-08-17 00:34:05",833.3,2,hobbisttech
2243,16635796,MugaBros,"2026-08-04 05:27:02",833.3,2,"drrocktotpalkonwarh,monjyotid"
2244,16702270,"Jonas Jaku","2026-08-12 09:44:36",833.2,2,jonasjaku
2245,16668720,"etienne duplessix","2026-08-10 22:48:53",832.8,2,etienneduplessix
2246,16708296,LUCKY2,"2026-08-17 05:37:57",831.8,2,carolezountangni
2247,16623540,TheDuck,"2026-08-15 00:53:50",830.9,2,jaxroth
2248,16642846,"Leonid Zaporozhets","2026-08-02 20:03:13",830.1,2,leonidzaporozhets
2249,16675888,"Rob Gonzalez","2026-08-08 14:58:43",829.8,2,robg475
2250,16658602,aldoktvns,"2026-08-04 15:51:08",829.0,2,alrette
2251,16633928,ghostiee11,"2026-08-01 01:33:25",828.8,1,ghostiee11
2252,16656162,Marisyn,"2026-08-06 11:13:09",828.8,1,marisyn
2253,16661754,edwinis,"2026-08-16 06:55:11",828.4,2,edwinis
2254,16661585,"Fully Liquidated","2026-08-16 14:43:07",827.3,2,kriskilgroe
2255,16679079,"cedric stephan ","2026-08-15 21:44:19",827.3,2,cedricstephan
2256,16633269,op_star_platinum,"2026-08-09 17:52:52",827.2,2,opstarplatinum
2257,16655340,LGarcia10,"2026-08-11 21:12:20",827.0,2,leonardogarcia10
2258,16705907,Adrià,"2026-08-17 05:44:23",826.1,2,adriamb3
2259,16719006,bouiboui,"2026-08-17 01:19:29",825.8,2,bouiboui
2260,16668361,NinhNguyen,"2026-08-17 10:26:52",825.5,2,ninhnt110695
2261,16705348,"Howard lin","2026-08-15 07:43:15",824.6,2,howardlin007
2262,16698308,Yuan800,"2026-08-14 04:20:06",824.1,2,yuan800
2263,16664457,yaohongfu,"2026-08-10 12:30:43",822.0,2,yhfwww
2264,16664709,kai,"2026-08-14 05:31:40",821.7,2,sungwo101
2265,16695662,"Ollie Lowe2","2026-08-16 16:47:01",821.5,2,ollielowe2
2266,16657397,"QSS Technosoft AI Team","2026-08-05 07:47:00",821.4,2,"kunalthedev,nishantkumarabes,prathamydvv,prishagdev,shreyakchakraborty"
2267,16729564,"Eirik Tveiten","2026-08-17 11:26:18",821.2,2,eiriktveiten
2268,16719065,"Aldo Rizona","2026-08-17 10:50:51",821.0,2,aldorizona
2269,16654456,"Tristan Peng","2026-08-09 17:00:48",820.9,2,tristanpeng
2270,16664159,"james nazareth","2026-08-10 18:34:07",820.1,1,jamesnazareth
2271,16666204,"David Nana Kofi Ofosu-Arko","2026-08-05 11:04:42",820.0,2,davidnanak
2272,16622454,automatylicza,"2026-08-17 12:01:28",818.6,2,automatylicza
2273,16691580,"Toni Blanco","2026-08-11 13:10:45",818.4,2,toniblanco
2274,16673477,ArtFix,"2026-08-11 00:51:09",818.0,2,artfix
2275,16697461,Agricroporation,"2026-08-13 11:00:51",816.8,2,"algionightly,kroissant7,officialabhinavsingh"
2276,16686715,"Adrien Secondaire","2026-08-08 15:54:58",816.5,2,adriensecondaire
2277,16666054,Ani,"2026-08-17 10:32:15",815.8,2,anirudhk333
2278,16654855,"Pedro Rezende Gomes","2026-08-06 00:41:30",814.9,2,pedrorzgomes
2279,16653122,Wei_Chance,"2026-08-16 14:34:21",814.8,2,bystanderq
2280,16685938,"Gautier Fauchart","2026-08-12 05:57:21",814.7,2,gautierfauchart
2281,16716300,"Julian Kerignard","2026-08-14 14:50:36",813.5,2,juliankerignard
2282,16665692,Straw_hats,"2026-08-12 13:33:26",813.4,2,charanno
2283,16650160,nori8774,"2026-08-10 06:26:21",813.2,2,norimasayamamoto
2284,16655013,"Adrian Martinez 1111","2026-08-12 00:52:14",813.0,2,adrianmartinez1111
2285,16658252,"Krishnan CS","2026-08-11 12:10:24",812.6,2,krishnanchathadi
2286,16664154,dwdwdwsdedwd,"2026-08-11 06:29:24",812.2,2,dwdwdwsdedwd
2287,16664760,SN,"2026-08-10 10:48:44",811.8,2,spirosnianiaras
2288,16728069,Taisei7,"2026-08-17 11:13:00",811.8,2,taisei7
2289,16658430,bruyantq,"2026-08-16 17:32:51",811.6,2,bruyantq
2290,16623644,Accer_sz,"2026-08-02 00:27:32",811.4,2,accersz
2291,16670834,romin_123,"2026-08-14 01:25:19",811.1,2,romin123
2292,16686972,"Ankit Maurya","2026-08-15 16:16:10",810.9,2,"ankitmaurya16,rudraprasadsah"
2293,16662213,"Yang Zong-Yu phD","2026-08-16 17:40:48",810.7,2,yangzongyuphd
2294,16658043,"Tran Huy Hoang1312","2026-08-05 01:58:39",809.9,2,tranhuyhoang1312
2295,16631353,"Shivam Shinde","2026-08-01 15:29:24",809.5,2,shindeshivam
2296,16662128,BenPalmer59,"2026-08-11 19:16:24",809.0,2,benpalmer59
2297,16668354,"ashraf saiyed","2026-08-13 13:44:31",809.0,2,ashrafsaiyed58
2298,16655199,"Alexander Ulrich","2026-08-12 19:44:20",808.9,2,alexanderulrich01
2299,16666195,"Yihan Guo","2026-08-14 15:50:13",808.8,2,yihanguo
2300,16702796,Yavuz.YILMAZ,"2026-08-17 09:51:34",808.4,2,yvztpe
2301,16655128,"Somasundar V","2026-08-15 04:56:22",808.0,2,somasundarv
2302,16660310,KOLONEX.NET,"2026-08-10 12:40:46",807.8,2,danielandresmiranda
2303,16668357,"B.Pardha Manoj Reddy","2026-08-11 17:25:44",806.7,2,pardhamanojreddy
2304,16667258,"Firman Imam","2026-08-09 02:36:56",806.5,2,piririp
2305,16694110,"Team Amboss","2026-08-17 11:09:41",806.2,2,alexphilippi
2306,16648215,"Terrence Chuwe","2026-08-03 13:32:15",805.8,2,terrencechuwe
2307,16660491,"Ryan Hancock","2026-08-08 09:56:54",805.7,2,rychanfox
2308,16680342,Game_khó_vkl,"2026-08-13 19:28:01",805.7,2,maruusha
2309,16658660,"Leo Lai","2026-08-13 08:14:45",803.7,2,junweilai
2310,16730028,"Ken Qian","2026-08-17 03:10:15",802.8,2,kenqian
2311,16667959,Cadence,"2026-08-08 15:24:45",802.8,2,flynnfei
2312,16656460,dlutwzh,"2026-08-08 06:48:33",802.5,2,dlutwzh
2313,16729165,コーラ,"2026-08-17 01:38:09",801.9,2,cola0912
2314,16691451,Nakano,"2026-08-16 22:31:23",801.4,2,spicatom0914
2315,16688108,Special_octo20,"2026-08-15 15:57:57",800.9,2,specialocto20
2316,16633772,ayuma,"2026-08-03 06:01:01",800.6,2,onthoze
2317,16664112,"Ethan Hung","2026-08-08 21:44:57",799.4,2,chinesegorilla99
2318,16678609,quantcrypto3,"2026-08-12 20:44:31",799.1,2,quantcrypto3
2319,16657172,Honkazu,"2026-08-13 15:34:20",798.9,2,janposlusny
2320,16718838,"josh mathers","2026-08-14 09:26:33",798.5,2,joshmathers
2321,16624253,"Ho Dinh Trieu","2026-08-16 12:28:03",798.1,2,hodinhtrieu
2322,16690988,"Aditya Bharadwaj","2026-08-17 03:40:03",798.0,2,adityabharadwaj26
2323,16622367,mg,"2026-08-12 17:25:44",797.4,2,"egorkashpar,sashaboriskin,smooky"
2324,16723620,3정훈,"2026-08-15 13:21:38",797.0,2,az05192000gmailcom
2325,16656312,"retiring to farm","2026-08-17 07:46:41",796.4,2,"avnermlim,belati"
2326,16660600,"Beria Kalpelbe","2026-08-07 13:46:47",796.4,2,beriakalpelbe
2327,16668269,"Rashi Jain07","2026-08-05 17:46:37",796.0,1,rashijain07
2328,16661225,"Menelik Zafir","2026-08-14 13:29:00",796.0,2,monibeefudgekins
2329,16645297,Mark_RowSet,"2026-08-09 05:25:39",795.5,2,markrowset
2330,16664804,ryanovovo,"2026-08-05 18:02:38",795.5,2,ryanovovo
2331,16658665,ChandramouliNagasundaram,"2026-08-12 19:59:50",795.3,2,mouliindian
2332,16659125,"Meet Parekh","2026-08-15 06:40:42",795.1,2,meetparekh1
2333,16622993,"Yaroslav Tanko","2026-08-10 21:28:46",795.0,2,yaroslavtanko
2334,16679887,ScriptRed,"2026-08-09 00:36:30",794.7,2,scriptred
2335,16624888,okome_niigata,"2026-08-06 06:47:17",794.2,2,okomeniigata
2336,16629873,UncleWKTK,"2026-08-17 03:11:57",794.1,2,unclewktk
2337,16677701,"Coşkun Bağrıaçık","2026-08-10 00:02:25",793.8,2,cbagriacik
2338,16663736,"Life Is Roblox","2026-08-12 23:43:24",793.7,2,alexlisenko
2339,16706456,"Michael van Mill","2026-08-12 09:58:40",793.7,2,michaelvanmill
2340,16686787,"Lars Kammeijer","2026-08-07 21:31:11",793.5,2,larskammeijer
2341,16717614,Dhanyashree1028,"2026-08-16 15:00:37",793.1,2,dhanyashree1028
2342,16656912,"Sami Ali","2026-08-07 00:48:33",793.1,2,mrsamiali
2343,16666084,"Andaç Demirdelen","2026-08-09 19:18:08",792.7,2,andacdemirdelen
2344,16660470,"Oğuz Kaan Mavice","2026-08-16 00:05:52",792.4,2,oguzkaanmavice
2345,16632994,primal,"2026-08-12 16:02:29",792.4,2,primalhost
2346,16630559,khan,"2026-08-02 12:18:56",792.0,2,khansolov
2347,16692401,"Abdurehman Iqbal","2026-08-14 09:13:08",791.6,2,abdurehmaniqbal
2348,16692857,AbeLincoln1865,"2026-08-11 00:10:16",791.3,2,abelincoln1865
2349,16699292,"Siddharth Kumar Gopal","2026-08-14 16:35:03",790.1,2,siddharthkumargopal
2350,16660345,"Aadhithya Ramesh","2026-08-06 08:49:10",790.0,2,aadhithyaramesh
2351,16658655,HbjaHbja,"2026-08-12 12:18:51",788.9,2,hbjahbja
2352,16663998,"Harith Al-Ani","2026-08-17 09:33:15",788.3,2,abo3losh
2353,16623480,xmaster6y,"2026-08-09 10:30:01",788.1,2,xmaster6y
2354,16655629,Mai_Konare,"2026-08-17 06:20:49",787.4,2,maikonare
2355,16697261,nbauerle,"2026-08-14 15:10:38",787.3,2,nbauerle
2356,16698034,Anatoliy_Fomin,"2026-08-12 12:57:18",786.8,2,anatoliyfomin
2357,16712870,"Jose Gibson","2026-08-13 20:09:11",786.6,2,josegibson
2358,16629844,IsaacJinyu,"2026-08-01 15:39:55",786.4,2,isaacjinyu
2359,16689033,arman1o1,"2026-08-16 12:20:02",786.4,2,arman1o1
2360,16669392,cobrapigeon,"2026-08-13 13:22:01",785.6,2,cobrapigeon
2361,16702993,PLM,"2026-08-17 12:05:51",784.5,2,"ileabogdan,popu23,razvaniga,rvaurs"
2362,16640816,pawaraman,"2026-08-02 19:46:52",784.1,2,pawaraman
2363,16678288,"Speedrun retirement","2026-08-16 19:22:25",784.0,2,"josephkimanikamau,nanducode"
2364,16712751,haruo_tensai,"2026-08-16 23:03:40",784.0,2,haruotensai
2365,16661650,"Docker container","2026-08-15 18:52:39",783.9,2,yossefaymanzedan
2366,16705176,"Ruslan Raupov","2026-08-17 09:43:46",783.8,2,ruslanraupoff
2367,16671646,Luche,"2026-08-08 04:23:32",783.8,2,henrylucky
2368,16705523,"Brian Chua","2026-08-17 06:54:29",783.7,2,chuazhengweibrian
2369,16636954,"Jeff Horon","2026-08-17 11:40:03",783.7,2,jeffhoron
2370,16667514,"Kakarott 10","2026-08-06 09:05:43",783.6,2,kakarott10
2371,16728109,"Sidharth Hulyalkar","2026-08-17 04:23:35",783.3,1,sidharthhulyalkar21
2372,16654640,"Halil Akbas","2026-08-17 11:52:35",783.1,2,halilbrahimakbas
2373,16709872,"Tim McGarvey","2026-08-17 00:09:53",782.8,2,timmcgarvey
2374,16686222,"Nika Chaduneli","2026-08-10 01:21:09",782.6,2,nikachaduneli
2375,16692994,turneja,"2026-08-08 23:50:13",782.5,2,turneja
2376,16666648,"Sriram Reddy19","2026-08-06 08:40:07",781.9,2,sriramreddy19
2377,16701728,sigmaborov,"2026-08-12 18:10:41",781.9,2,sigmaborov
2378,16625050,`,"2026-08-03 05:53:43",781.8,2,ktverdov
2379,16716365,Murphy,"2026-08-17 03:19:25",781.8,2,taeyounglimdt
2380,16663909,HDPark,"2026-08-17 04:48:41",781.5,2,hdpark
2381,16689266,"Oleksandr Dudnev","2026-08-14 09:45:57",780.5,2,dantist
2382,16729800,"Alchemical Retard.","2026-08-17 11:50:57",780.5,2,alchemicalretard
2383,16719081,数学の山田,"2026-08-17 07:47:40",779.4,2,b612sum1
2384,16724842,"Mikaela Gkolemi","2026-08-16 22:01:43",779.3,2,mikaelagkolemi
2385,16658937,SebastianQbiak,"2026-08-05 06:20:18",778.7,2,sebastianqbiak
2386,16657576,"SUBHASH B","2026-08-16 15:04:26",778.3,2,subhashb21022
2387,16729372,"Gaspard Plt","2026-08-17 11:44:26",777.5,1,gaspardplt
2388,16725913,StarStone_233,"2026-08-16 07:22:12",776.5,2,starstone233
2389,16683282,ayushk_empire,"2026-08-14 11:50:15",776.4,2,ayushkempire
2390,16709295,"Isaac Owomugisha","2026-08-12 22:31:51",776.0,2,cmplxxyttmt
2391,16675708,"Mahder Tesfaye Abebe","2026-08-08 08:46:36",775.5,2,mahdertesfayeabebe
2392,16661529,"AL Najafi","2026-08-08 03:39:39",775.2,2,alnajafi
2393,16661898,Farfadet,"2026-08-12 06:04:18",774.4,2,farfadet
2394,16670313,HamzZZzzZZa,"2026-08-06 22:01:28",773.1,2,memesalot
2395,16677366,Gmmastermind,"2026-08-07 01:19:13",772.9,2,gmmastermind
2396,16727241,Yogesh2850,"2026-08-17 09:55:08",772.8,2,yogesh2850
2397,16669930,"Ilya Klimanov","2026-08-14 22:42:40",772.5,2,ilyaklimanov
2398,16696916,Sundar,"2026-08-11 13:04:59",772.2,2,vsundar17697
2399,16667994,"Zhian Wei","2026-08-11 13:35:21",772.0,2,zh1anwe1
2400,16667630,Sparsh389,"2026-08-06 15:46:09",772.0,2,sparsh389
2401,16671237,"Jose Alejandro Rivera Jaramillo","2026-08-07 18:13:13",771.3,2,alejandroriveraj
2402,16665759,"Shawn Zhang","2026-08-15 12:01:39",770.4,2,shawnzhang0318
2403,16677105,"Chaitanya Yadav","2026-08-16 10:36:07",770.3,2,xhaitanya
2404,16655521,"Hemadri Rajyaguru","2026-08-04 02:12:55",770.3,2,hemadrirajyaguru
2405,16655044,"Darius Kolycius","2026-08-04 09:49:01",770.1,2,dariuskolycius
2406,16665994,Rakhansyah,"2026-08-17 12:05:10",770.0,2,rakhansyah
2407,16653828,Boltuzamaki,"2026-08-08 21:17:44",769.8,2,boltuzamaki
2408,16664359,"Apil Khadka","2026-08-15 13:10:18",769.6,2,apilkhadka
2409,16664790,"soumic 1088","2026-08-07 14:02:49",769.4,2,soumic1088
2410,16665042,Neo_0x3f,"2026-08-10 21:36:56",769.2,2,neo0x3f
2411,16664884,Abhijeetgg,"2026-08-12 08:53:50",768.6,2,abhijeetgg
2412,16724522,"stathis maurog","2026-08-17 11:03:36",768.2,2,stathismaurog
2413,16698822,JJN8825,"2026-08-17 09:16:41",768.1,2,jjn8825
2414,16671438,"Aot Chanthorn","2026-08-15 16:16:25",767.5,2,aotchanthorn
2415,16655140,Efthimios,"2026-08-11 15:30:43",767.3,2,efthimiosfousekis
2416,16699140,St.Valentine,"2026-08-17 01:30:00",767.3,2,stvalentin3
2417,16651593,"huanxian chen","2026-08-11 11:13:05",766.2,2,huanxiachen
2418,16646318,Kaminoko,"2026-08-07 08:17:28",765.3,2,chrisopherjoshy
2419,16654746,"Michael Mullen","2026-08-06 11:08:31",765.3,2,mmullen200
2420,16669489,"Yichi Zhang","2026-08-12 18:32:59",765.2,2,yichizhang12
2421,16634128,ZechHuang,"2026-08-17 11:28:03",764.9,2,zechhuang
2422,16715473,cmrfrd,"2026-08-14 04:58:15",764.9,2,thecmrfrd
2423,16677178,"YOUSSEF FAID","2026-08-11 21:10:38",764.2,2,yousseffaid
2424,16655423,"Roland Luethy","2026-08-17 01:34:48",764.1,2,rluethy
2425,16665990,daffaharil,"2026-08-11 07:56:55",763.9,2,"daffaharil,farhansiddiq"
2426,16689569,JovanaLab,"2026-08-17 10:05:15",763.8,1,"choonesenlu,joxitsai"
2427,16672493,ChloeeeeY,"2026-08-12 09:45:23",763.5,2,chloeeeey
2428,16659093,YangGod,"2026-08-15 10:28:39",762.5,2,yanggod
2429,16715024,"Ömer Özbek","2026-08-16 09:54:44",762.0,2,omerozb
2430,16694610,Kshitiz2002,"2026-08-11 15:44:41",761.7,2,kshitiz2002
2431,16688568,Sophie555,"2026-08-16 14:26:29",761.5,2,sophie555
2432,16668298,"Riki Garcia","2026-08-16 00:20:26",761.5,2,rikigarcia
2433,16698007,"Juanma Serrano","2026-08-16 06:47:05",761.5,2,juanmaserrano
2434,16689398,Reesh,"2026-08-11 08:55:10",761.0,2,rishileung
2435,16647324,GG-bond,"2026-08-17 11:05:43",760.3,2,wyhwyh123
2436,16664003,"Nakul Rajpal","2026-08-05 06:29:24",760.1,2,nakulrajpal
2437,16661210,vizyourdata,"2026-08-07 11:05:08",759.6,2,vizyourdata
2438,16695633,"Kiran Kumar","2026-08-15 07:10:06",759.6,2,iamrkk
2439,16699082,Sakthei,"2026-08-17 09:48:30",759.1,2,sakthei
2440,16670356,"Dziriyin wa9il","2026-08-13 15:30:27",758.2,2,"akumanomu,alioualaeddine"
2441,16663343,"Abdullah M. Haque","2026-08-13 14:26:00",757.2,2,abdullahmhaque
2442,16658019,ไอติวบ้านปังมาเอาแช้มมมม,"2026-08-08 18:43:05",756.7,2,tewnabhat
2443,16655449,tcvieira,"2026-08-06 18:20:34",756.6,2,tcvieira
2444,16651661,"Quyền Thịnh","2026-08-07 06:27:45",756.3,2,quynthnh
2445,16668056,"Quantum Farm","2026-08-11 11:54:58",756.1,2,"anselem7,divineokwueze,nnanyereuzoma"
2446,16703310,"israel ntumba","2026-08-14 01:18:18",755.0,2,israelntumba
2447,16713249,"vedant patnala","2026-08-15 21:46:50",753.2,2,vedantpatnala
2448,16682876,"Kartik Garg","2026-08-09 05:21:34",753.2,2,kartikgarg97
2449,16711567,"Finn Brooks","2026-08-15 04:40:11",752.2,2,finnbr
2450,16668439,Lugas024,"2026-08-08 05:33:51",752.2,2,lugas024
2451,16670698,"Tamerlan Dadashov","2026-08-09 10:36:12",752.1,2,tamerlandadashov
2452,16669666,RhoenSprudel,"2026-08-16 09:52:16",751.6,2,rhoensprudel
2453,16671421,"Gryffin Wang","2026-08-08 23:08:40",751.5,2,gryffindoraf
2454,16694064,RRK0123,"2026-08-17 05:30:52",750.4,2,rrk0123
2455,16691518,"Sander Ee","2026-08-09 12:03:09",749.0,2,sanderee
2456,16687390,"Mark Calvert","2026-08-08 09:51:55",748.4,2,markycalvert
2457,16668737,"Abish Pius","2026-08-14 15:50:26",747.8,2,abishpius
2458,16731924,CuddleYokai,"2026-08-17 11:05:30",747.7,2,cuddleyokai
2459,16711868,"Mark Cooper","2026-08-16 13:09:02",747.5,2,markjcooper
2460,16655578,"Ahmed Merie","2026-08-13 00:11:40",746.7,2,aa7767
2461,16659367,"Tayyab Aamir","2026-08-06 10:59:49",746.5,2,duketi
2462,16699689,"David Sedláček","2026-08-10 08:38:38",746.3,2,sibicek
2463,16654099,"Bhupin Thapa magar","2026-08-10 09:22:06",746.2,2,vupeenthapamagar
2464,16716941,林木子吖,"2026-08-13 13:28:57",745.7,2,linmuzi0108
2465,16659828,"Lebansty Valan","2026-08-12 15:35:01",745.5,2,lebanstyvalan
2466,16716263,"Ugnė Miklovaitė","2026-08-17 07:56:38",744.7,2,ugnmiklovait
2467,16658042,"Giampietro Pregnolato","2026-08-13 09:17:36",744.5,2,giampietropregnolato
2468,16663884,DevilQ,"2026-08-17 05:04:08",743.8,2,"parhamesm,samuelescarfone12"
2469,16635848,KartoplyanePure,"2026-08-16 23:07:04",743.5,2,"danylotovp,wizardmp"
2470,16678157,"Ayush Kumawat","2026-08-14 13:10:02",743.3,2,ayushkumawat21
2471,16681660,"Parham Ghazanfari","2026-08-07 20:18:18",743.2,1,parhamghazanfari
2472,16632021,istinetz,"2026-08-17 10:35:53",742.8,2,istinetz
2473,16725010,jenninglim,"2026-08-16 16:17:23",742.7,2,jenningl
2474,16669393,"ÖMER FARUK YILMAZ","2026-08-07 19:54:59",742.4,2,ofyzero
2475,16704569,"Lorenzo Grattarola","2026-08-16 22:24:15",741.9,2,lorenzograttarola
2476,16655039,"Andrew Yip","2026-08-06 20:14:49",741.8,2,yipcma
2477,16675832,"Dean Shalev","2026-08-09 04:12:47",741.5,2,deanshalev
2478,16708824,"Tanaka Chiromo","2026-08-16 18:41:55",740.8,2,tanakachiromo
2479,16664134,"Pelayo Fernández","2026-08-07 10:36:48",740.6,2,pelayofdez
2480,16671420,"Chengchen Duan","2026-08-12 11:40:06",740.5,2,chengchenduan
2481,16641130,LitvinKA,"2026-08-04 18:09:01",740.4,2,litvinka
2482,16668648,"Mason R. Brito","2026-08-13 20:23:39",740.2,2,masonrbrito
2483,16654193,fvong,"2026-08-17 07:01:14",739.9,2,fvong35963
2484,16654328,"QQ Farm","2026-08-17 00:27:45",739.5,2,"huiiyu,titirmt"
2485,16622338,github/shepsci/kaggle-skill,"2026-08-10 20:07:51",739.2,2,shepscientific
2486,16675831,"Thayaparan Kumarakuru","2026-08-15 13:53:06",739.1,2,"kavishkasubashana,mrkala,thayaparankumarakuru"
2487,16684674,"Ch Muhammad Umer ","2026-08-11 08:11:36",739.1,2,chmuhammadumer
2488,16717787,Bull,"2026-08-17 11:46:11",738.9,2,welshonionman
2489,16668022,"Lady and tech","2026-08-16 00:41:57",738.8,2,ladyandtech
2490,16724002,Yahia717,"2026-08-16 19:04:06",738.7,2,yahia717
2491,16659890,"Cu Spoon","2026-08-12 13:51:59",738.7,2,cuspoon
2492,16717952,Aydar,"2026-08-17 09:40:56",738.2,2,aydara
2493,16707078,"Loïc & Zach","2026-08-14 09:31:34",737.3,2,"locmmeteau,zachariedubus"
2494,16652635,panacea9320,"2026-08-05 10:45:06",737.2,2,panacea9320
2495,16660005,DreamX5678,"2026-08-06 07:55:06",737.0,2,dreamx5678
2496,16701034,notnorm,"2026-08-11 10:31:23",736.5,1,notnorm
2497,16730922,"Shengyuan Yin","2026-08-17 06:17:27",736.4,1,flaming0
2498,16724795,yangqi1234,"2026-08-17 11:47:58",736.1,2,yangqi1234
2499,16657798,"Ian Kim","2026-08-06 05:07:10",735.8,2,ianpkim
2500,16640701,momoon,"2026-08-16 14:59:17",735.6,2,nomuraryota
2501,16639867,vibecoder,"2026-08-08 05:34:55",735.6,2,kunal808
2502,16676085,"Giordano Dolenz","2026-08-17 11:55:39",735.4,2,giordanodolenz
2503,16668817,"Sean ODonnell","2026-08-08 03:27:47",734.3,2,sjean11
2504,16633379,"Artem Prokhorov","2026-07-31 20:53:32",734.0,1,catfield123
2505,16696421,"Koyashiki Mao","2026-08-11 06:40:19",733.6,2,koyashikimao
2506,16691512,"Hongxin Su","2026-08-09 10:31:45",733.1,1,hongxinsu
2507,16624303,seven,"2026-08-17 01:59:22",733.0,1,morikawatakeshi
2508,16687714,nabilux,"2026-08-09 13:27:11",731.4,2,eminesnabil
2509,16658686,"Alpesh Kumar","2026-08-08 06:12:31",730.5,2,alpeshkumar
2510,16724355,hansama.qht,"2026-08-17 09:34:41",730.4,2,hansamaqht
2511,16638031,vlad101,"2026-08-07 14:01:49",730.3,2,vlad101
2512,16664041,"an Expired Engineer","2026-08-17 12:02:21",730.2,2,sanggusti
2513,16636808,"Kaito Ichikawa","2026-08-12 15:55:51",729.8,2,kaitoichikawa
2514,16634316,"Cao Tùng Lâm","2026-08-03 20:45:50",729.0,2,liamislazy
2515,16662421,"Aparna Mantha","2026-08-06 17:23:34",727.9,2,aparnam91
2516,16674841,"Syna Bedi","2026-08-15 09:57:28",727.8,2,synabedi
2517,16697526,"Jurgen Sinjari","2026-08-10 21:21:26",727.5,2,jurgensinjari
2518,16669165,"IT Neko","2026-08-14 13:17:33",727.3,2,"nirvaanaa,zhexuanyecust"
2519,16714208,TirumalaMarri,"2026-08-17 05:09:39",727.0,2,mtreddy
2520,16724533,"Yusei Ito","2026-08-17 01:15:02",726.8,2,yuseiito
2521,16697941,"Raphael Coelho","2026-08-16 15:24:28",726.7,2,raphaelrrcoelho
2522,16666147,"Khalid Bin Hethlain","2026-08-17 11:32:02",726.6,2,khalidbinhethlain
2523,16702118,"cemal özdeniz","2026-08-10 20:27:17",726.1,2,cemalzdeniz
2524,16664267,"Alan T. Andrea","2026-08-09 03:22:40",725.9,2,alantandrea
2525,16645431,Amin,"2026-08-08 22:05:02",725.7,2,aminvafaei
2526,16664313,CompilingCoder,"2026-08-06 09:38:17",724.5,2,compilingcoder
2527,16660295,Pentos,"2026-08-10 00:06:56",723.3,2,nishiumi
2528,16621523,"Victor Orihuel","2026-08-17 02:23:17",723.1,2,victororihuel
2529,16654761,"Mohammed Mukthar","2026-08-05 02:06:15",722.7,2,mohammedmukthar9
2530,16707767,"Lai Eu Wen","2026-08-16 16:47:50",722.4,2,laieuwen
2531,16720316,"Hưng Trần","2026-08-16 19:43:50",721.6,2,hungtrabiz
2532,16718445,"Hamza Elmorjani","2026-08-15 12:16:55",721.3,2,hamzaelmorjani03
2533,16669597,农业农村部,"2026-08-10 19:11:08",721.1,2,"bingzhenghan,hrwan1"
2534,16667500,jiannebab,"2026-08-14 14:29:12",720.7,2,jiannebab
2535,16654943,"Alexis Selorm Gbeckor - Kove","2026-08-10 11:44:58",720.4,2,advancedbeginner
2536,16641348,wata,"2026-08-03 11:29:04",720.1,2,iwatahiroki
2537,16669595,evanca,"2026-08-08 12:27:56",720.0,2,evanca
2538,16655272,"Artur Sakhiullin","2026-08-09 14:27:52",719.9,2,artursakhiullin
2539,16670070,"Kirill Molostov","2026-08-12 14:58:51",719.8,2,kirillmolostov
2540,16665084,"Wei Han","2026-08-11 04:48:21",719.7,2,weihan87
2541,16661142,"Phú Nhân Nguyễn","2026-08-15 09:53:23",719.3,2,phnhnnguyn
2542,16666571,"Zhengxu Yu","2026-08-13 22:55:42",719.2,2,zhengxuyu
2543,16663656,АндрійКавецький,"2026-08-14 20:00:12",719.1,2,andriykavetsky
2544,16625047,BOBQWERA,"2026-08-02 06:34:18",719.0,2,bobqwera
2545,16665622,one,"2026-08-11 04:10:11",718.9,2,richardsplayground
2546,16671680,"Joe Hall","2026-08-10 19:02:30",718.3,2,halljr
2547,16690736,omarkami007,"2026-08-11 18:40:45",718.3,2,omarkami007
2548,16621811,"Shaun Andrade","2026-08-01 00:44:42",718.1,2,shaunandrade
2549,16631400,JZ,"2026-08-10 09:11:28",717.9,2,zhoujiachen
2550,16665154,"Omkar Pawar","2026-08-12 17:57:02",717.8,2,omkarrr7
2551,16628456,kiro,"2026-08-10 16:20:52",717.8,2,kirosamurai
2552,16634204,"m-toshi desu","2026-08-01 06:20:37",717.6,2,mtoshidesu
2553,16669396,Fleo98,"2026-08-10 15:43:34",717.2,2,fleo98
2554,16691164,"Krishna Saathwik","2026-08-13 13:50:40",717.1,2,krishnasaathwik
2555,16656690,"Sushant Kumar (xWF)","2026-08-06 04:44:38",717.0,2,sushantkumarxwf
2556,16691552,"Koshtubh Singh Parihar","2026-08-09 03:19:39",717.0,2,koshtubhsinghparihar
2557,16652173,"Shardul Gharat","2026-08-06 10:07:36",716.8,2,shardulgharat
2558,16632510,shi_koyo,"2026-08-04 08:58:56",716.4,2,shikoyo
2559,16663922,MoongladeAI,"2026-08-17 02:39:13",715.5,2,moongladeai
2560,16689919,"Koren Ben Ezra","2026-08-08 17:49:55",715.4,2,korenbenezra
2561,16659341,Aryan88097,"2026-08-05 17:26:57",715.4,2,aryan88097
2562,16677231,"Ahmed Bootaan","2026-08-06 18:08:52",715.0,2,ahmedbootaan
2563,16644303,"kevin zhou","2026-08-07 19:02:37",714.7,2,kevinzhou66
2564,16670210,"Ali Alghaithi","2026-08-10 21:14:48",714.3,2,alioman
2565,16664072,"victor aguilera","2026-08-17 02:21:45",714.3,2,viaguilera
2566,16726080,"Arda Yasar","2026-08-17 00:29:58",713.3,2,ardayasar
2567,16667565,BeeDeeR,"2026-08-13 12:44:34",713.2,2,beedeer
2568,16676360,"Chris Kang","2026-08-17 10:07:49",713.2,2,rukawa917
2569,16730105,"Leonardo Palis","2026-08-17 03:35:05",712.7,2,leonardopalis
2570,16655027,"Artem Zenkevich","2026-08-16 13:09:58",712.5,2,artemzen
2571,16726873,@F,"2026-08-16 01:43:22",712.2,1,atefbouzid
2572,16700546,"Nightshade Family","2026-08-16 08:34:40",711.4,2,"gihanchamod17,vishmithasamarakoon"
2573,16675897,"KANG ZHIPENG","2026-08-17 09:29:06",711.2,2,kangzhipeng
2574,16673923,"Gabriele Giacometti","2026-08-10 11:38:05",711.1,2,gabrielegiacometti
2575,16690338,dvv_ram,"2026-08-13 00:11:18",710.6,2,ddvram
2576,16657871,Lucienne,"2026-08-05 03:13:59",710.6,2,yangnianan
2577,16687548,"Shubham Tibrewal","2026-08-15 13:11:41",710.3,2,researchai2026
2578,16691938,"PRASHANT SUTHAR11","2026-08-10 09:46:05",709.4,2,prashantsuthar11
2579,16687159,Max64738CB,"2026-08-16 09:04:19",709.1,2,max64738cb
2580,16639223,"SIDHAARTH SHREE","2026-08-04 22:49:19",709.1,2,sidhaarthshree
2581,16642994,"Danila Galkin","2026-08-13 19:22:17",709.0,2,danilagalkin
2582,16689391,"Tejas Rajput","2026-08-08 17:21:18",709.0,2,tejasrajput123
2583,16667818,AjayVarma555,"2026-08-09 15:14:45",708.5,2,ajayvarma555
2584,16654351,"Manish Kumar","2026-08-04 07:45:22",707.1,2,manishkumarphd2000
2585,16668819,"ahmedou sidi med","2026-08-17 00:34:28",706.9,2,ahmedousidimed
2586,16670933,Pat,"2026-08-06 10:26:21",706.9,2,junseia
2587,16697704,"Leonid Matetskiy","2026-08-09 21:39:06",706.7,2,leonidmatetskiy
2588,16660540,Minikotey,"2026-08-16 15:34:40",706.7,2,juliapatarishina
2589,16704864,ksj00610,"2026-08-12 08:47:16",706.6,2,ksj00610
2590,16663708,"Imran Ahamed","2026-08-10 02:51:39",706.5,2,immu4989
2591,16725335,"Chris #2","2026-08-17 09:57:49",706.3,2,kagglecompetechris
2592,16659412,yesterdays_rebel,"2026-08-13 12:14:41",706.1,2,irfanparaniya
2593,16704589,"Lobato MBA IA Big Data","2026-08-16 02:57:58",706.0,2,lobatombaiabigdata
2594,16712902,"Ethan Benjamin Cole","2026-08-13 12:19:26",705.9,2,ethanbenjamincole
2595,16670879,djschmit,"2026-08-08 08:57:03",705.3,2,djschmit
2596,16707034,"Muhammed Ali Kul","2026-08-14 14:02:49",704.8,2,muhammedalikul
2597,16728492,ほのぼの牧場,"2026-08-17 12:01:32",704.8,2,masatoshitaniguchi
2598,16677303,"Chase Martyn","2026-08-17 03:30:34",704.2,2,chasemartyn
2599,16655595,ashsah,"2026-08-15 14:36:25",704.2,2,ashsah
2600,16627581,AidenSong123,"2026-08-11 01:11:45",703.9,2,aidensong123
2601,16655663,"Farmland Destroyer","2026-08-15 12:31:49",703.7,2,minghaopang
2602,16661564,yang20251228,"2026-08-09 07:57:54",703.2,2,yang20251228
2603,16702481,"Scott G","2026-08-13 15:19:02",703.1,2,verifiedscott
2604,16663437,inversion,"2026-08-04 20:44:41",702.2,1,inversion
2605,16682915,"igeo kK","2026-08-09 18:41:17",701.6,2,igeokk
2606,16697681,"Mahfujur Rahman Rakib","2026-08-10 05:14:21",701.5,2,mahfujurrahmanrakib
2607,16686613,Zubatch,"2026-08-15 20:11:39",701.4,2,zubatch
2608,16621153,"Addison Howard (ineligible)","2026-08-05 14:42:38",701.4,2,addisonhoward
2609,16693988,"Pranav Gupta","2026-08-16 07:16:00",700.8,2,kumbhakarann
2610,16658009,"Lando Wang","2026-08-05 02:18:17",700.6,2,landowang
2611,16659418,"Fonge Bertin","2026-08-06 09:26:33",700.5,2,fongebertin
2612,16728076,uuu,"2026-08-17 09:53:43",700.5,2,vovafinogenov
2613,16713771,bndang,"2026-08-17 05:22:42",699.5,2,bndang
2614,16630837,"Vishal Sharma","2026-08-05 18:24:44",699.5,2,vishal40182
2615,16655571,yuken,"2026-08-07 13:27:53",698.7,2,yukenai
2616,16692896,"Guy Lev","2026-08-17 09:19:56",698.6,2,sarthobi
2617,16657105,"Mathijs Deelen","2026-08-05 01:16:34",698.6,2,mathijsdeelen
2618,16658738,Aman,"2026-08-05 11:12:10",698.5,2,amank95amank95
2619,16714100,SuperMercat,"2026-08-14 09:52:49",697.9,2,supermercat
2620,16657016,"MD. AS-AID RAHMAN","2026-08-05 14:05:32",697.8,2,mdasaidrahman
2621,16706413,"Song Research","2026-08-14 05:29:43",696.6,2,sangbong91
2622,16660251,Yagawa,"2026-08-16 12:12:49",696.2,2,yagawa
2623,16657265,"Hemant Kumar","2026-08-05 15:17:20",695.8,2,hemantrajputt
2624,16657657,ArnabKarmakar,"2026-08-14 00:05:11",695.3,2,arnabkarmakar
2625,16673712,"Alejandro Betato","2026-08-16 10:48:24",695.1,2,alejandrobetato
2626,16672858,Lyesterday,"2026-08-06 08:45:47",694.9,2,ilyas93
2627,16710521,"Natpaphon Nukhunthod","2026-08-17 03:37:15",694.7,2,natpaphonnukhunthod
2628,16724747,"Md.Mahfujul Karim","2026-08-15 10:24:47",694.5,2,mdmahfujulkarim
2629,16675074,ahiokk,"2026-08-07 07:58:44",694.2,2,ahiokk
2630,16730030,"Jared Wilder","2026-08-17 09:36:41",693.6,2,jaredwilder
2631,16658106,"Devam juthani","2026-08-05 08:18:14",693.6,2,devamjuthani
2632,16722366,"Aki Lit","2026-08-14 23:24:20",693.5,2,akilit
2633,16665462,ZSZ,"2026-08-12 13:55:00",693.1,2,zsuzsanna2
2634,16637776,MarvelousXun,"2026-08-03 09:33:38",693.1,2,marvelousxun
2635,16719696,"Spencer Farrand","2026-08-17 00:43:01",693.0,2,spencerfarrand
2636,16692680,"Marc-Luca ","2026-08-11 12:02:15",692.8,2,marcluca
2637,16697800,DR_Mkelvo,"2026-08-09 20:42:15",692.7,1,drmkelvo
2638,16724819,Dwij12,"2026-08-16 13:47:20",692.0,2,dwij12
2639,16710512,FishWotou,"2026-08-16 12:29:31",692.0,2,fishwotou
2640,16633950,"Matt Motoki","2026-08-13 20:40:03",691.9,2,mmotoki
2641,16659951,"CHRISTOPHER CRILLY","2026-08-11 11:47:43",691.0,2,christophercrilly
2642,16639408,Invictus,"2026-08-11 22:44:04",691.0,2,nicho256
2643,16700885,"Malala Ramaha","2026-08-15 14:12:18",690.9,2,malalaramaha
2644,16623112,Tians12,"2026-08-09 19:10:24",690.9,2,tiansang12
2645,16665894,"Pedro Wu","2026-08-13 07:36:34",690.8,2,pedropei
2646,16660670,"Chirag Bhatnagar","2026-08-08 15:49:27",690.7,2,chiragbhatn
2647,16627796,tizawa3,"2026-08-17 10:57:04",690.7,2,tizawa
2648,16668175,el_dedalus,"2026-08-06 14:48:01",690.7,2,eldedalus
2649,16708907,"[Deleted] 84526ff4-3aed-4b4b-a45f-a4486f01cb7b","2026-08-13 20:01:55",690.7,2,del=34c747d6ee8d2bd7
2650,16635746,"jeon hyeon woo","2026-08-13 15:32:43",690.5,2,jeonhyeonwoo
2651,16657794,"Aromal vK","2026-08-06 15:35:11",690.3,2,aromalvk
2652,16673333,"Dimas Renggana","2026-08-06 23:40:39",690.3,2,dimasrenggana
2653,16707561,"Nick Rom111","2026-08-17 11:33:33",690.1,2,nickrom111
2654,16665476,"Zhanghao Chen69","2026-08-15 06:04:23",690.1,2,zhanghaochen69
2655,16720143,"AMAN PANDEY","2026-08-16 13:57:00",689.8,2,amanapofficial
2656,16627751,lzeee,"2026-08-10 14:06:38",689.7,2,shzgong
2657,16675066,Opticulture,"2026-08-16 12:19:48",689.3,2,"bajibaburowthu,ponnuripavankumar,radhakrishnadoredla,veereshkumar1219"
2658,16667143,"Noct-Tech zombie","2026-08-06 13:46:51",689.2,2,jo3thaboss
2659,16715711,"Shawon Biswas","2026-08-17 11:13:26",689.2,2,shawonbiswas11
2660,16671364,"Mike Riggs","2026-08-09 03:22:55",689.0,2,riggsasi
2661,16658409,AlexMasip,"2026-08-11 09:32:25",688.9,2,alexmasip
2662,16655527,"Saurabh Kumar","2026-08-06 08:14:52",688.9,2,sk25oct
2663,16681464,Amyel21,"2026-08-17 10:53:02",688.7,2,amyel21
2664,16670544,"William Rients","2026-08-06 00:01:02",688.3,2,williamrients
2665,16708625,"Lê Văn Pháp","2026-08-16 13:17:30",688.0,2,"linhsarah,lvnphp"
2666,16725947,SamarthRawat18,"2026-08-16 19:18:48",687.6,2,samarthrawat18
2667,16658151,"Nguyễn Phúc Gia Bảo","2026-08-06 15:15:07",686.8,2,kevincrazy678
2668,16639705,"Yuta Tomimasu","2026-08-07 13:02:39",686.7,2,yutatomimasu
2669,16663766,"Anup Gautam","2026-08-08 01:29:10",685.8,2,anupanda
2670,16660364,dadandsats,"2026-08-14 11:41:04",685.5,2,continuingdev
2671,16725938,"Ben Cheng","2026-08-16 10:36:39",685.4,2,benczb
2672,16632504,"[Deleted] c2f6c5d5-ecb1-4f92-95d7-7c9f0fd3474f","2026-07-31 16:04:32",685.3,1,ryota517
2673,16662618,"Soledad Santiago","2026-08-15 23:34:59",685.3,2,soledadsantiago
2674,16703129,"Pratik Vadher","2026-08-10 21:08:27",684.1,1,pratikvadher
2675,16624941,"KO Ho Tin","2026-08-10 03:33:47",683.3,2,b14ckc4tmr
2676,16666483,"Salih Erdem Kaymak","2026-08-08 17:32:38",683.1,2,saliherdemkaymak
2677,16673191,juliye,"2026-08-10 03:49:13",683.1,2,juliye
2678,16662103,"Saravana Thiagarajan K","2026-08-05 21:43:42",683.1,2,saravanatk1984
2679,16679018,"Kushpreet Singh","2026-08-15 14:11:14",682.9,2,kush639
2680,16622938,"Farmville Redux","2026-08-03 18:58:04",682.9,2,daveconnor
2681,16702359,"Ethan Pl","2026-08-11 19:43:21",682.7,2,ethanpl
2682,16725996,MatheusPSorancoDeCarvalho,"2026-08-15 17:01:41",682.6,1,matheussoranco
2683,16715225,"Someswararao Tellakula","2026-08-17 01:15:37",681.9,2,someshtellakula
2684,16660850,"Khoa Le","2026-08-05 13:23:55",681.8,2,bryanle2025
2685,16667839,Viet-Tien,"2026-08-10 18:50:30",681.7,2,tiena2cva
2686,16724904,"Carlos Eduardo De Paula Arantes","2026-08-15 15:48:43",681.6,2,carloseduardo1753
2687,16723528,"Singaraj B","2026-08-17 11:29:15",681.3,2,singarajb
2688,16662120,"Harpal Gujral","2026-08-11 15:30:46",680.7,2,harpalgujral
2689,16696983,"JKM Ventures","2026-08-17 07:10:15",680.7,2,jeffreydrew
2690,16699711,"maxscender ","2026-08-13 14:03:35",680.4,2,maxscender
2691,16676155,"Adam Carnaffan","2026-08-07 16:48:03",680.3,2,adamcarnaffan
2692,16658779,"Richard G Atkinson","2026-08-05 00:29:59",680.2,2,richardgatkinson
2693,16724233,"Rafal Porwol","2026-08-16 19:42:44",680.0,2,rafalporwol
2694,16690940,NKryst,"2026-08-14 21:07:48",679.7,2,nkryst
2695,16712746,itsraininnnn,"2026-08-12 16:38:56",679.5,1,itsraininnnn
2696,16656009,"Steven Liu","2026-08-13 02:52:02",678.6,2,thornkey
2697,16685982,Snorf,"2026-08-09 15:06:58",678.2,2,snorfyang
2698,16677518,"Khor Yin Loon","2026-08-14 16:26:02",677.6,2,khoryinloon
2699,16675585,"Jacob Joy","2026-08-11 12:13:06",677.5,2,jac0b1
2700,16687448,"Israel Burns","2026-08-12 08:41:38",677.4,2,israelburns
2701,16659446,zhaozy233,"2026-08-15 16:51:36",677.3,2,zhaozy233
2702,16701258,ln,"2026-08-13 18:31:43",677.2,2,nazarov
2703,16660360,"Joey Gonzales","2026-08-05 00:00:47",676.9,2,joeygonzales
2704,16699756,"zhang xin","2026-08-16 16:57:46",676.8,2,zhangxin300
2705,16658477,"chathura prasadh9817","2026-08-06 07:18:04",676.5,2,chathuraprasadh9817
2706,16711812,"zhan renyi","2026-08-12 11:34:48",676.4,1,zhanrenyi
2707,16680297,"Ajay Singh","2026-08-08 04:33:24",675.8,2,ajaysinghg
2708,16684886,HTHub,"2026-08-08 00:12:47",675.7,2,adegokesaidi
2709,16667730,"Surya Vijjeswarapu","2026-08-17 08:59:30",675.6,2,suryavijjeswarapu
2710,16621354,pengshy,"2026-08-06 04:54:01",675.4,2,dm15336142
2711,16656883,KK,"2026-08-05 10:27:15",675.4,2,kkonzyb
2712,16678602,"hassan manour","2026-08-07 12:52:23",675.2,1,hassanmanour
2713,16667794,knadithyavr,"2026-08-13 12:24:05",675.0,2,knadithyavr
2714,16637031,"and more","2026-08-06 01:35:25",674.9,2,kym2022
2715,16666597,Ramkumar4240,"2026-08-10 12:19:20",674.8,2,ramkumar4240
2716,16659663,Chintakrinda_Naveen,"2026-08-17 10:14:58",674.8,2,naveen998
2717,16692995,RafaMartinaitis,"2026-08-16 01:17:48",674.3,2,rafaelmartinaitis
2718,16664119,FSzekut,"2026-08-07 00:03:04",674.2,2,fszekut
2719,16724351,"Luxshan Thavarasa","2026-08-15 17:11:08",673.9,2,luxluxshan
2720,16663963,M0h4m3d-Byte,"2026-08-14 19:32:06",673.8,2,dev3mohamed
2721,16700484,白井孝太郎,"2026-08-15 01:08:02",673.8,2,kotaroshirai
2722,16674540,"Pratik Priyanshu","2026-08-07 18:28:12",673.7,2,pratikpriyanshu5
2723,16662313,"Maximus Sambucetti","2026-08-09 15:36:46",673.5,2,maximussambucetti
2724,16669479,"Shifa Salsabiila","2026-08-09 02:56:11",673.5,1,shifasalsabiila
2725,16661066,"André Kuster","2026-08-06 00:54:20",673.2,2,andrkuster
2726,16658962,"Fabian Friedland","2026-08-06 15:58:37",673.2,2,fabotelli
2727,16635145,"Isaac Menard","2026-08-05 21:11:36",672.9,2,isaacmenard
2728,16664348,"Rocket Zech","2026-08-17 08:18:47",672.5,2,isaactunglaw
2729,16717817,"Nick Stoddart","2026-08-14 05:15:23",672.3,2,nickstoddart
2730,16658677,大山,"2026-08-17 07:50:15",672.2,2,mapodoufu
2731,16669028,"Atishay Kasliwal","2026-08-11 17:54:59",672.2,2,atishaykasliwal
2732,16691670,wangbin.dev,"2026-08-16 17:07:44",672.2,2,wangbindev
2733,16660419,"Kai-Shih Chiu","2026-08-06 12:54:22",672.1,2,kaishihchiu
2734,16676320,"Khôi Trần","2026-08-16 06:25:01",671.8,2,khoitrn
2735,16656871,"Pedro Henrique","2026-08-07 03:37:29",671.4,2,pedrohets
2736,16701795,Proshian,"2026-08-11 00:01:04",671.2,2,proshian
2737,16681149,Lee14k,"2026-08-13 01:24:31",671.2,2,lee14k
2738,16723737,HaruhiroKazami,"2026-08-17 04:51:50",671.0,2,haruhirokazami
2739,16679364,VicD,"2026-08-14 20:16:52",670.8,2,durandv
2740,16718565,Frankyface,"2026-08-13 18:54:37",670.6,1,frankyface
2741,16669545,"Rishabh Gupta","2026-08-06 18:19:04",670.2,2,rishabhguptajs
2742,16653303,F4,"2026-08-06 01:43:09",670.1,2,"chen2yoimiya,huaidezhang,wahuwahuwahu,zrurfa"
2743,16664142,"The Studio 1","2026-08-16 23:04:06",669.6,2,landonsheatsley
2744,16659645,Drakus_Julia,"2026-08-09 02:15:20",669.5,2,drakus74
2745,16659181,Hongjie04,"2026-08-05 04:07:04",669.2,2,hongjie04
2746,16654890,"Josh Hipps","2026-08-06 14:16:49",668.9,2,joshuahipps
2747,16669843,"hikaru kitagawa","2026-08-15 16:02:59",668.9,2,hikarukitagawa
2748,16635065,T88,"2026-08-06 00:56:10",668.6,2,t88take
2749,16665311,"huayang sun","2026-08-11 05:10:13",668.3,2,okami001
2750,16695567,tera358,"2026-08-16 21:41:41",667.9,2,tera358
2751,16665191,JoJa,"2026-08-16 16:00:38",667.7,2,"mojyou,noahzx"
2752,16677360,"Jatin Chawla","2026-08-08 13:45:06",667.4,2,jatin221
2753,16655899,"Dominic Tedrow","2026-08-17 06:13:22",667.4,2,dominictedrow
2754,16706455,"John Andrei Martinez","2026-08-17 05:02:09",667.4,2,johnandreimartinez
2755,16675461,mins0_0,"2026-08-15 11:16:12",667.4,2,mins00
2756,16655426,engin_zhou,"2026-08-05 15:21:18",667.2,2,enginzhou
2757,16649344,BeyondAnalytics,"2026-08-16 12:48:17",667.1,2,radumarinion
2758,16664415,"Imerson Krysthio","2026-08-12 05:37:03",666.8,2,imersonk
2759,16661784,"XU XUXIANG","2026-08-09 14:29:23",666.7,2,xuxuxiang
2760,16675457,"Ramana Prabhu Sana","2026-08-17 03:12:26",666.2,2,ramanaprabhusana
2761,16662057,DeokJin,"2026-08-05 04:01:38",666.2,2,deokjin
2762,16656107,Aotokitsuruya,"2026-08-16 11:18:10",666.1,2,elct9620
2763,16639507,Homii_N,"2026-08-11 00:09:57",666.1,2,homeshwarrao
2764,16668089,Goller,"2026-08-10 13:46:37",665.8,2,goller
2765,16631772,yuki,"2026-08-03 17:39:58",665.6,2,yururoi
2766,16630903,"Hrushikesh Pawar","2026-08-09 14:44:37",665.3,2,hrushikeshpawar
2767,16654596,"khusham sheth","2026-08-13 05:28:55",665.0,2,khushamsheth
2768,16723125,"Shubham Dhapola","2026-08-16 13:35:23",664.6,2,shubhamdhapola24
2769,16690152,"The Ceris","2026-08-16 11:49:31",663.9,2,amedeopachera
2770,16717742,"Ghawwjsb Vsjsjsbs","2026-08-13 22:32:49",663.9,2,ghawwjsbvsjsjsbs
2771,16704613,alexbstl,"2026-08-13 01:22:27",663.5,2,alexbstl
2772,16688175,aarav221w,"2026-08-16 20:31:21",663.4,2,aarav221w
2773,16669461,"suzy su","2026-08-16 12:44:00",663.3,2,suzysu997
2774,16655075,"Félix Rodríguez Roble","2026-08-04 09:16:25",663.3,2,flixrodrguezroble
2775,16673359,hasshi7965,"2026-08-17 10:21:22",662.7,2,hasshi7965
2776,16664370,"Joel Arias","2026-08-06 17:29:01",662.7,1,j4rias
2777,16696526,"Reda HEDDAD","2026-08-10 20:42:47",662.6,2,redaheddad
2778,16686912,@mldsdev,"2026-08-13 02:07:44",662.4,2,lan1mel
2779,16666371,jiten_topiwala,"2026-08-08 16:51:13",662.2,2,jitentopiwala
2780,16667025,"Anjitha Mekkayil Anand ","2026-08-17 07:13:35",662.0,2,anjithamekkayilanand
2781,16657553,graceyunliu,"2026-08-09 16:55:44",660.9,2,graceyunliu
2782,16661318,"Zeel Kadvani","2026-08-06 09:31:18",659.6,2,zeelkadvani
2783,16692637,"Blox Amaze","2026-08-09 09:47:42",659.3,2,bloxamaze
2784,16623302,"Raffi Ardhi Naufal","2026-07-31 18:31:57",659.2,1,raffiardhi
2785,16726211,RepeatAfterMe,"2026-08-17 08:21:41",659.1,2,bekirsciftler
2786,16666066,Khush3e,"2026-08-12 04:50:39",658.3,2,khush3e
2787,16685652,LeonDuue,"2026-08-14 08:25:42",658.3,2,leonduue
2788,16700661,"Aakash Kavuru","2026-08-12 05:13:05",657.9,2,aakashkavuru
2789,16661432,"Ange Adantchede","2026-08-13 00:08:35",657.8,2,angeadantchede
2790,16660214,ytddsyt1214,"2026-08-09 12:32:06",657.6,2,ytddsyt1214
2791,16623316,"Ondrew Zudin","2026-08-06 23:08:41",657.5,2,ondrewzudin
2792,16640845,"tang yangzhou","2026-08-04 21:36:09",656.5,1,tangyangzhou
2793,16683918,Thuytien,"2026-08-07 17:20:33",656.3,2,thuytien200529
2794,16666055,Axit,"2026-08-06 10:16:15",655.9,2,axitslab
2795,16658074,"Qui Ngx","2026-08-05 05:57:15",655.9,2,quingx
2796,16732048,jiangletian,"2026-08-17 11:35:56",655.8,2,jiangletian
2797,16633934,Alexy,"2026-08-16 20:55:26",655.7,2,alexycactus
2798,16671648,AnZ,"2026-08-09 07:21:22",653.7,2,minhbui1997
2799,16686150,"Aek KunKub","2026-08-14 05:21:43",652.7,2,aekkunkub
2800,16661832,"Roberto Garcia","2026-08-08 15:09:39",652.5,2,robertogarciada
2801,16679671,Ash0666,"2026-08-09 19:28:52",652.2,2,ash0666
2802,16660173,"PAULO HENRIQUE DE LIMA","2026-08-06 02:42:20",651.3,1,paulohenriquedelima
2803,16705661,"Toshiki Touda","2026-08-13 06:51:05",651.2,2,toshikitouda
2804,16728571,hasibirok0,"2026-08-17 00:06:34",651.1,1,hasibirok0
2805,16726941,CJ103CJ,"2026-08-16 04:07:39",651.0,2,cj103cj
2806,16661099,TheSven,"2026-08-06 17:05:25",650.8,2,thesven
2807,16657807,"Ragav Rida","2026-08-07 16:22:34",650.7,2,ragavrida
2808,16676534,AlphaBound,"2026-08-17 09:03:53",650.7,2,somsubhrometya
2809,16705183,"Tong Jiakai","2026-08-14 08:23:26",650.5,2,tongjiakai
2810,16651623,"Sarvesh Talele","2026-08-14 06:43:54",650.4,2,sarveshtalele
2811,16658820,"Jonathan Ashenaf1","2026-08-11 16:59:20",650.3,2,jonathanashenaf1
2812,16715251,SoraGinko,"2026-08-16 23:53:33",650.0,2,terrywuu
2813,16680108,dentalsoup,"2026-08-07 09:03:47",649.7,2,afinemonkey
2814,16664605,"Nathaniel Shou","2026-08-05 17:51:47",649.7,2,nathanielshou
2815,16670274,"dankwa wadie","2026-08-09 19:27:31",649.5,2,dankwawadie
2816,16669118,"yunus yavuz","2026-08-05 21:51:21",649.3,2,yunusyvz
2817,16722995,July,"2026-08-16 06:17:37",649.2,2,julyzseven
2818,16656709,"Anh-Vu Mai-Nguyen","2026-08-14 14:16:33",649.1,2,mainguyenanhvu
2819,16705149,"Allen Chun","2026-08-15 04:59:05",648.8,2,allenchun
2820,16638645,ChrisDavis,"2026-08-03 23:29:34",648.6,2,alpacas
2821,16641171,"Sadettin Şamil Verdil","2026-08-17 09:53:15",648.5,2,sadettinamilverdil
2822,16730104,BartHeart,"2026-08-17 04:53:42",648.1,2,bartheart
2823,16658973,"not today","2026-08-05 05:57:14",646.1,2,cemhan44
2824,16729280,"Ryoya Tsuruoka","2026-08-17 11:41:19",645.6,2,"irohasorange,mrooto,rahaia"
2825,16657400,indrapurnama,"2026-08-08 05:42:05",645.5,2,indr0008
2826,16651167,ArmanVardanyan07,"2026-08-03 22:43:13",645.4,2,armanvardanyan07
2827,16656317,"Manu Rahi","2026-08-06 16:43:55",645.3,2,manurathi
2828,16663677,"Aghazie David","2026-08-07 00:32:14",644.8,2,aghaziedavid
2829,16717756,Dominick,"2026-08-17 03:52:49",644.8,2,kcinimod
2830,16697223,"Azizii Gill","2026-08-17 08:20:36",644.4,2,aziziigill
2831,16693738,"Sonu Jha","2026-08-14 20:32:37",644.0,2,sonujha090
2832,16716697,"Habil Tobi","2026-08-17 11:09:43",643.8,2,habiltobi
2833,16677585,Pan,"2026-08-07 13:54:22",643.1,2,mehdiacho
2834,16712329,"Andrej Carpenter","2026-08-16 13:11:50",642.9,2,andrejcarpenter
2835,16672078,vietlinhh02,"2026-08-08 07:46:53",642.4,2,vietlinhh02
2836,16691271,"Ashler Herrick","2026-08-09 14:54:33",642.3,1,ashlerjohnherrick
2837,16666988,"Sarthak Vedant Mohanty","2026-08-08 00:10:11",642.0,2,sarthakvedantmohanty
2838,16670708,"Mohammad Usman Sajid","2026-08-11 16:33:51",641.7,2,mohammadusmansajid
2839,16666833,DenisKoronchik,"2026-08-11 14:58:04",640.8,2,deniskoronchik
2840,16709885,"Manuel Pérez","2026-08-14 01:54:02",640.6,2,manuelperezzz
2841,16722028,"Aw Ming Xuan","2026-08-16 09:24:48",640.3,2,awmingxuan
2842,16685582,Wasaanyi,"2026-08-13 17:20:01",640.3,2,"cnakakeeto,wasaanyi"
2843,16693137,"Ich Benavides","2026-08-16 02:25:36",640.1,2,jabeichbenavides123
2844,16726011,"Dawid Fleischer","2026-08-17 10:13:34",640.1,2,dawidfleischer
2845,16660955,"Nihal l.suvarna","2026-08-10 14:10:54",640.0,2,nihallsuvarna
2846,16639244,"Romone Dunlop","2026-08-11 10:19:49",639.8,2,romonedunlop
2847,16727009,B05801037,"2026-08-17 12:06:36",639.7,2,peteropop
2848,16714592,"Carey Casile","2026-08-14 18:34:16",639.3,2,ccasile
2849,16722252,pwdh2026,"2026-08-14 22:16:22",639.3,2,pwdh2026
2850,16675997,"Rintaro Moriwaki","2026-08-06 15:52:11",638.9,2,rintaromoriwaki
2851,16654332,"Borys Tymchenko","2026-08-16 17:15:12",638.8,2,spsancti
2852,16668678,"Madhur Sabherwal","2026-08-14 02:47:14",638.6,2,madhur321
2853,16678644,"Kanik Aggarwal","2026-08-13 19:01:16",638.6,2,roronoazoro200
2854,16695695,"Siva Kumar","2026-08-17 10:11:16",638.4,2,sivapnlr80
2855,16688366,yokoikazumasa,"2026-08-08 19:25:58",638.0,1,yokoikazumasa
2856,16696163,"Romain Durand","2026-08-10 11:12:17",637.8,2,romaindurand1607
2857,16685618,"Krupa Vardhan","2026-08-08 07:33:05",637.7,2,krupavardhan
2858,16644508,"Vandana Pathania","2026-08-11 20:54:51",637.7,2,vandanapathania
2859,16709494,"Aditya Dushara","2026-08-16 21:02:31",637.5,2,adityadushara
2860,16673266,Preet,"2026-08-14 05:57:17",637.4,2,hpkaur34
2861,16669470,"ASDM HUB","2026-08-12 20:13:20",636.3,2,jesushechavarria
2862,16630249,"Aymar Avohoueme","2026-08-01 20:38:57",636.1,2,aymaravohoueme
2863,16668612,"raffael prem","2026-08-06 08:02:13",635.5,2,raffaelprem
2864,16668562,"Anthony LOISEAU","2026-08-06 16:07:52",635.5,2,anthonyloiseau
2865,16635233,"Szymon Kłapiński","2026-08-03 10:04:12",634.8,2,szymonkapiski
2866,16659813,"Uday Kumar R","2026-08-13 09:47:39",634.1,2,udaykumarramineni
2867,16664096,"Charles Coonce","2026-08-13 02:13:06",633.2,2,charlescoonce
2868,16697730,JCN2365,"2026-08-13 18:06:35",633.2,2,jcn2365
2869,16729152,Antoine,"2026-08-17 10:12:04",633.1,2,a11t01n3
2870,16674076,rigsutra,"2026-08-13 19:31:53",632.7,2,rigsutra
2871,16675264,"Alon Bar Koter","2026-08-06 16:16:43",632.5,2,alonbarkoter
2872,16686109,"Triple Tensor","2026-08-17 08:24:26",632.5,2,"adinathjagtap777,pds178,prajwalzolage05"
2873,16655424,Fayche,"2026-08-10 16:50:28",632.2,2,fayche
2874,16672463,"Muzammil Baloch","2026-08-07 12:45:39",632.1,2,muzammilbaloch
2875,16664841,vohi01,"2026-08-17 10:04:04",631.7,2,vohi01
2876,16662751,ZeD,"2026-08-06 10:11:24",631.5,2,hussamcheema
2877,16716335,JamesJJJJJ,"2026-08-13 16:44:16",631.3,2,jamesjjjjj
2878,16714363,guohaowen,"2026-08-13 14:25:48",631.2,2,guohaowen1910
2879,16697346,"sayyid mogaka","2026-08-10 21:37:36",631.1,2,sayyidmogaka
2880,16678250,"RMS Danaraj","2026-08-17 01:17:48",631.1,2,salorajan
2881,16682815,"Saiyam Bharara","2026-08-16 21:33:29",630.7,2,saiyambharara
2882,16686149,"Luc Mantoux","2026-08-09 20:25:33",630.7,2,lucmantoux
2883,16688646,lakranitesh,"2026-08-08 12:49:18",630.5,2,lakranitesh
2884,16632253,nasuuuuun,"2026-08-04 13:30:11",630.2,2,hikarumatsuzaki
2885,16666328,"Dornus !","2026-08-05 21:53:19",629.5,2,dornus
2886,16693207,"Vamshi Guntupalli","2026-08-11 22:40:36",629.5,2,vamshiguntupalli
2887,16670779,"Aditya Dube","2026-08-06 01:41:24",629.5,2,dubeaditya
2888,16657601,Simon,"2026-08-05 15:59:44",629.3,2,benten10
2889,16672657,"Lochan Naik","2026-08-07 08:41:44",629.1,2,lochannaik
2890,16687538,aefinityaiinc,"2026-08-08 21:06:43",629.1,2,aefinityaiinc
2891,16659210,HASHP100D,"2026-08-08 15:22:24",629.0,2,hashp100d
2892,16728955,"Chris Murphy","2026-08-17 09:57:13",629.0,2,mur418
2893,16660119,"Dhruva Das","2026-08-05 17:05:52",629.0,2,dhruva77
2894,16724847,"guangchen lu","2026-08-17 03:27:45",628.8,2,guangchenlu
2895,16719857,"Howey do it","2026-08-14 23:06:06",628.8,2,ronincoppins
2896,16701779,"Chaoqi Luo","2026-08-15 16:42:19",628.4,2,chaoqiluo7
2897,16661927,JHCodeQuest,"2026-08-06 23:31:22",628.3,2,josephkhassan
2898,16687604,Harrislrobinson,"2026-08-11 00:25:10",628.3,2,harrislrobinson
2899,16685349,Onelux,"2026-08-13 12:58:31",628.2,2,leehomhuang
2900,16691007,"Nhật Khoa Phạm","2026-08-14 16:15:43",628.1,2,pnk123456
2901,16670504,Shirabe,"2026-08-10 20:34:44",628.0,2,carlmakt
2902,16656913,"Inna Davidov","2026-08-13 12:33:00",627.6,2,innadav
2903,16634790,"Steven Lui","2026-08-03 12:22:08",627.4,2,stevenlui
2904,16665257,"Ken Li","2026-08-09 12:59:32",627.0,2,kenliwt
2905,16661596,t@got@go,"2026-08-10 06:24:24",626.4,2,kamdaanahessod
2906,16657681,"Prince Raj","2026-08-11 22:49:02",626.3,2,princerajmdb
2907,16679958,Bum_Fy_Mz,"2026-08-13 20:31:44",626.2,2,bumfymz
2908,16628897,"Kyoungwon Jeong","2026-08-17 03:43:53",625.9,1,kyoungwonjeong
2909,16661449,"Samarjeet Singh","2026-08-14 01:57:32",625.9,2,samarjeet010
2910,16705363,"Matt Hall","2026-08-16 01:44:32",625.7,2,matthall0
2911,16662201,"Saumitra Verma","2026-08-04 18:28:36",625.5,2,saumitraverma
2912,16662060,"Richard Valino","2026-08-06 16:03:36",625.0,2,richardvalino
2913,16696020,"Hugo Voisin","2026-08-11 16:08:06",624.8,2,hugovoisin
2914,16720760,ysteh05,"2026-08-15 05:14:53",624.5,2,ysteh05
2915,16659896,TedT,"2026-08-11 19:36:14",624.2,2,fdsaur
2916,16726913,"T T‗Worker","2026-08-16 12:54:47",624.1,2,ttworker
2917,16640504,"Recep Öztürk","2026-08-13 04:10:55",623.8,2,rcpztrrk1
2918,16665046,"Srish Jana","2026-08-06 18:12:59",623.6,2,srishjana
2919,16658775,"Vincent Pan","2026-08-11 10:46:57",623.2,2,"judithhong,vincentpan2005"
2920,16633069,"Nur Srijan","2026-08-06 12:55:34",623.0,2,nursrijan
2921,16670218,"What is Coding?","2026-08-07 01:47:17",623.0,2,matthewshvarts
2922,16730375,Floth,"2026-08-17 07:40:17",622.3,2,suwat513
2923,16712921,"Come Back","2026-08-13 11:14:28",622.1,1,amirhosseinltf
2924,16633577,Boxy,"2026-08-15 18:55:40",622.0,2,boxyml
2925,16665364,"Shien Zhang","2026-08-06 06:50:46",622.0,1,shienzhang
2926,16645426,Jun_value,"2026-08-11 00:52:19",621.7,2,junvalue
2927,16730180,zshandy,"2026-08-17 08:23:14",621.6,2,zshandy
2928,16630335,"Solve Langseth","2026-08-05 06:48:57",621.5,2,solvelangseth
2929,16664116,"Bogdan Sburlea","2026-08-12 14:46:21",621.5,2,bogdan1405
2930,16658627,"Osman Can ÇETLENBİK","2026-08-05 15:25:30",621.5,2,osmancancet
2931,16655072,Sonuaswar1,"2026-08-04 07:33:47",621.1,2,sonuaswar1
2932,16687330,"Mehmet Ensar Çetin","2026-08-15 07:39:29",620.7,2,mehmetensaretin
2933,16676663,"This cat is called Fumi","2026-08-11 18:21:43",620.5,2,qwer556617123
2934,16722561,Asia214,"2026-08-16 15:39:39",620.5,2,asia214
2935,16672095,"Friaseus ","2026-08-17 09:04:13",620.4,2,friaseus
2936,16674943,feyZERO,"2026-08-16 10:48:50",620.1,2,faezamora
2937,16700785,"VIVEK JAMI","2026-08-10 14:01:44",619.8,2,vivekjami
2938,16644577,"Arthur Merritt","2026-08-04 07:11:11",619.8,2,jarthuph
2939,16701761,BalaVignesh,"2026-08-11 17:04:37",619.7,2,balavignesh
2940,16701250,T00bii,"2026-08-11 16:11:06",619.6,1,t00bii
2941,16632423,goh,"2026-08-16 11:20:53",619.6,2,bungohatayama
2942,16621499,"Alexandr Utkov","2026-08-01 00:21:43",619.3,2,alexandrutkov
2943,16669699,nikesh23,"2026-08-08 01:52:56",619.2,2,nikesh23
2944,16698292,"Dallas Manning","2026-08-12 22:51:38",619.2,2,dallasmanning
2945,16717794,souldrive,"2026-08-17 00:03:36",618.9,2,souldrive
2946,16717716,"Диас Издибаев","2026-08-15 05:32:14",618.8,2,diasiz1
2947,16663188,"Ethan Feng","2026-08-05 22:09:38",618.6,2,xenon111231
2948,16705415,"Mauro Najera","2026-08-11 05:30:13",618.5,2,mauronajera
2949,16662043,"Hengcong Zhu","2026-08-05 14:46:24",618.4,2,hengcongzhu
2950,16689908,Hyun777,"2026-08-14 01:11:17",618.4,2,hyun777
2951,16676259,Th_Gbay,"2026-08-14 19:00:13",618.2,2,thgbay
2952,16725955,"Aditya Pandey","2026-08-17 00:10:10",618.2,2,adipandey777
2953,16674174,"Ramesh Arvind","2026-08-09 09:48:49",618.1,2,rameshln
2954,16661934,"Viacheslav Kasatkin","2026-08-10 10:48:25",617.9,2,viacheslavkasatkin
2955,16658925,CYBWithFlourish,"2026-08-06 15:56:28",617.7,2,cybwithflourish
2956,16664266,"Ian Chung","2026-08-07 23:32:55",617.6,2,iannnnn012345
2957,16664913,"ABHISHEK KUMAR","2026-08-17 04:20:56",617.5,2,abhishek6545
2958,16659025,"Mohammed Naseef","2026-08-05 09:01:20",617.4,2,mohammednaseef
2959,16692644,"Achille Gohin","2026-08-10 00:26:26",616.7,2,achillegohin
2960,16716012,LaiCxm,"2026-08-17 06:53:17",616.7,2,laicxm
2961,16691807,lbs-vadar,"2026-08-14 15:00:35",616.7,2,lbsvadar
2962,16717448,getalife();,"2026-08-15 19:53:27",616.7,2,"byteknight28,dhairyapandya24,rounakagrwl"
2963,16709824,pizzahut,"2026-08-17 06:40:51",616.6,2,csalazoltntams
2964,16659183,"Leonard Yaw Mensah","2026-08-05 02:22:25",616.6,2,leonardyawmensah
2965,16709463,MKhlystun,"2026-08-12 12:41:42",616.5,2,mkhlystun
2966,16673214,Boiga7,"2026-08-06 14:03:53",616.4,2,lewiselliot
2967,16673324,Amaranta,"2026-08-17 00:45:29",616.4,2,ulyanovantonamaranta
2968,16706993,Celibistrial,"2026-08-13 22:38:42",616.4,1,celibistrial
2969,16685722,"Jiahan Cao","2026-08-12 09:01:22",615.6,2,jiahancao
2970,16661460,Lucky,"2026-08-09 13:17:39",615.1,2,tmiya0107
2971,16693033,AgriBot,"2026-08-13 23:53:10",615.0,2,prcieuxcomlan
2972,16648589,"Yilan Zhu","2026-08-05 11:23:23",614.5,2,yilanzhu
2973,16664731,UT,"2026-08-16 06:34:02",614.3,2,"sabapunch,wasshan"
2974,16662875,Jimmy,"2026-08-17 06:15:23",614.0,2,jiyo4476
2975,16688134,"Marc Dakuginow","2026-08-13 01:40:44",613.5,2,marcdakuginow
2976,16684024,"Work From Home 3.0","2026-08-14 12:33:30",613.5,2,"direct1,maxtankialok,n00bcak"
2977,16630779,Jimmer,"2026-08-14 10:18:29",613.4,2,przemysawonr
2978,16685028,"serene ng","2026-08-13 14:53:37",613.1,2,sereneng
2979,16698103,JJ,"2026-08-10 02:21:50",612.6,2,jianjinchen
2980,16661507,Siddharth1984,"2026-08-06 13:39:22",612.4,2,siddharth1984
2981,16664502,"Alejandro Morales","2026-08-10 01:05:59",612.4,2,langley96
2982,16656410,Sam,"2026-08-14 01:58:04",612.2,2,beartrader
2983,16682707,"AJAY KUMAR","2026-08-07 19:13:08",611.8,2,worldsslayer
2984,16680562,devsloppy,"2026-08-10 20:02:19",611.8,2,twu1738
2985,16628487,"Koichi HIRAOKA","2026-08-01 08:42:40",611.6,2,koichihiraoka
2986,16668532,"Nir Aberman","2026-08-17 04:06:23",611.1,2,niraberman
2987,16667872,"Pralay Ghosh","2026-08-15 22:46:43",611.0,2,pralayghosh83
2988,16668154,JuanEspana,"2026-08-09 11:38:32",610.9,2,juanespana
2989,16647607,pumpkin,"2026-08-07 13:57:58",610.8,2,gealachpumpkin
2990,16664140,Sxwat,"2026-08-07 08:57:23",610.7,2,aybatov
2991,16685014,"Vishal Kishore","2026-08-10 08:54:53",610.7,2,kishorevishal
2992,16675952,"Stephan Hahn","2026-08-09 12:57:14",610.6,2,stephanhahn16
2993,16686655,"Emir Baki Demirci","2026-08-14 22:43:55",610.4,2,emirbakidemirci
2994,16658718,"Duong Bao Duy","2026-08-11 19:13:05",610.1,2,duongbaoduy
2995,16670065,"Artyom Sayapin","2026-08-13 23:21:36",610.1,2,spielmeister
2996,16687942,"Arya Arun","2026-08-16 08:52:26",609.9,2,aryaarun07
2997,16641009,"Marius Kirschner","2026-08-03 08:41:47",609.8,2,mariuskirschner
2998,16674308,"Ayush Roy","2026-08-06 20:28:57",609.3,2,ayushroy39
2999,16654970,"Maycon Coutinho","2026-08-10 15:26:47",609.1,2,coutinhomaycon
3000,16730761,ElephtAI,"2026-08-17 09:25:15",609.0,1,yuchengj
3001,16661397,"T. Scharf","2026-08-05 02:54:36",608.6,2,scharf
3002,16701454,"André-Marie BEHANZIN","2026-08-17 10:36:34",608.5,2,andremariebehanzin
3003,16631919,"Ghinwa Allaoui","2026-08-04 16:27:17",608.5,1,ghinwaallaoui
3004,16642036,enddl22,"2026-08-12 02:55:36",608.5,2,enddl22
3005,16662741,"Abhiraj Govind","2026-08-04 18:01:16",608.3,1,abhirajgovind
3006,16630163,"SEREENA JERRY","2026-08-06 08:59:17",607.8,2,serenajerry
3007,16701046,"Thanakorn Kaewwiang","2026-08-14 17:13:39",607.6,2,deweytng
3008,16632100,"Mohit Shirke","2026-08-07 17:55:11",607.6,2,orcivion
3009,16718338,"Oladimeji Adeyemi","2026-08-15 08:31:35",606.9,2,adeyemioladimeji
3010,16709487,Kohei,"2026-08-17 00:09:40",606.7,2,kshintani
3011,16659294,"Muhammad Rafzan","2026-08-08 10:56:32",606.7,2,revianalfariz
3012,16721940,DarkLayer,"2026-08-17 06:42:50",606.6,2,nnpaopao
3013,16666716,"Fanis Alexakis","2026-08-17 11:59:15",606.1,2,fanisalexakis
3014,16702820,"Plorek ","2026-08-17 11:40:32",606.1,2,plorek
3015,16694171,"guanran wang","2026-08-11 05:57:12",606.0,2,guanranwang
3016,16719364,Yeh!AIGame,"2026-08-17 11:23:43",605.5,2,"luluyeh,yehshibang"
3017,16731186,Naru041104,"2026-08-17 09:16:43",605.5,2,naru041104
3018,16662722,"Ajeet Jain","2026-08-07 06:32:10",605.3,2,jainajeet29
3019,16637894,"Leonardo Domingues","2026-08-13 13:08:30",605.2,2,leonardodomingues
3020,16654485,"Mahbub Alam","2026-08-04 02:08:23",605.2,2,mahbubalam214
3021,16658031,BSam79,"2026-08-17 03:29:57",604.8,2,bsam79
3022,16654267,maniginam,"2026-08-17 02:00:06",604.8,2,maniginam
3023,16665471,"Dennis Navamani","2026-08-16 13:41:37",604.7,2,dennisnavamani
3024,16658909,junesdata,"2026-08-06 15:14:26",604.6,2,junesdata
3025,16725483,PQ_Marz,"2026-08-15 16:25:50",604.4,2,pqmarz
3026,16668324,"Alden Jenish S","2026-08-06 14:02:09",603.6,2,aldenjenishs
3027,16666614,"Arjun Annamalai","2026-08-11 06:33:31",603.5,2,arjunannamalai
3028,16702509,KošičanSVK,"2026-08-13 18:37:40",603.5,2,ryanstoner
3029,16661858,"Lukas Lee e","2026-08-14 15:56:44",603.2,2,lukasleee
3030,16689372,"Kiran Yerpude","2026-08-12 05:39:43",602.9,2,kiranyerpude
3031,16661402,"Abin Biju","2026-08-11 18:00:35",602.4,2,abinbiju1
3032,16658160,yunquer,"2026-08-17 07:18:53",602.2,2,yunquer
3033,16715769,Ethereallll1,"2026-08-14 15:21:12",601.4,2,ethereallll1
3034,16661443,"STEPHEN ASANTE OPOKU","2026-08-04 16:45:41",601.3,1,stephenasanteopoku
3035,16656470,Glimmeron,"2026-08-12 02:01:48",600.8,2,rishabhraushan
3036,16685570,"Micah Fernando","2026-08-07 19:46:31",600.2,2,micahfernando
3037,16665511,phoenix_merk,"2026-08-05 09:46:25",600.2,2,phoenixmerk
3038,16660594,XIAODOUZI,"2026-08-17 12:06:50",600.0,2,xiaodouzi666
3039,16630251,"Handry Novianto","2026-08-17 12:06:32",600.0,2,handrynovianto
3040,16659874,"ding yumeng","2026-08-10 11:53:41",599.9,2,dingyumeng
3041,16637649,cameronezrajones579,"2026-08-15 15:49:12",599.6,2,cameronezrajones579
3042,16656797,"رحيم محمد","2026-08-04 20:05:45",599.5,2,darkmaxedwe
3043,16663999,"Colton Martin","2026-08-13 20:54:07",599.2,2,coltonmartinnn
3044,16660089,ChristosGrigoras,"2026-08-07 22:41:49",599.2,2,cgrigoras
3045,16632368,"Yuelin Bai","2026-08-03 08:15:12",599.0,2,paralym
3046,16668589,"Gleb Naumkin","2026-08-05 22:46:26",599.0,1,glebnaumkin
3047,16666637,"Uttam Limbani","2026-08-07 13:41:14",598.9,2,uttamlimbani
3048,16662995,"carlos mario de oro aguado","2026-08-06 21:08:28",598.8,2,cdeoroaguado
3049,16683309,"Zealous Sebastian","2026-08-09 12:45:32",598.2,2,zealoussebastian
3050,16721079,ariavitt,"2026-08-17 09:26:32",597.8,2,polinababiichuk
3051,16660081,fakyyy,"2026-08-09 11:19:15",597.5,2,manideepreddyakula
3052,16635509,simmons1025,"2026-08-11 09:28:42",597.4,2,simmons1025
3053,16665080,"RAVI KUMAR696996","2026-08-05 06:14:29",597.0,2,ravikumar696996
3054,16656792,"Gnanaprakash R","2026-08-11 02:33:51",596.5,2,gnanaprakashr
3055,16624506,zhongtian,"2026-08-10 03:54:37",596.5,2,kmtbang
3056,16692168,"Kinshuk Aggarwal","2026-08-09 04:23:32",596.4,1,kinshukaggarwal
3057,16682984,"Rishikesh Bharat Koli","2026-08-08 04:18:06",596.4,2,rishikeshbharatkoli
3058,16673034,"Milos Vlainic","2026-08-17 08:18:10",595.9,2,wlakinsson
3059,16660462,"Vishwanath N Iyer","2026-08-07 07:22:17",595.6,2,vishwanathniyer
3060,16631480,"Kumar Abhijeet","2026-07-31 13:29:40",595.3,1,krabhijeet
3061,16656689,"Vansh Gupta","2026-08-11 08:56:56",595.1,2,vanshrl9ine
3062,16675477,"Joanne Yun","2026-08-07 13:40:53",595.1,2,joannejyun
3063,16679144,つるげーねふ,"2026-08-16 23:26:18",595.0,2,atom7666
3064,16702281,"Dhruv Patel #2","2026-08-10 21:25:08",594.0,2,dhruvpatel1972
3065,16655069,"Jason Harrison","2026-08-05 20:56:59",594.0,2,jasonharrisonco
3066,16722109,Navneet,"2026-08-14 14:02:35",593.6,2,zxcdfg
3067,16625611,"Karl Smile","2026-08-13 12:07:03",593.6,2,karlsmile
3068,16664706,olivbhxf,"2026-08-06 07:10:34",593.2,2,olivbhxf
3069,16645870,"Barathan Aslan","2026-08-03 08:21:55",592.6,2,barathanaslan
3070,16635055,CHCHENTW,"2026-08-14 11:47:49",592.2,2,chchentw
3071,16672370,"Yash Barhanpurkar","2026-08-16 12:00:56",591.7,2,yashbarhanpurkar
3072,16657664,"Nguyễn Anh Kiệt 28","2026-08-06 04:17:40",591.2,2,nguynanhkit28
3073,16678613,iBooNDK,"2026-08-09 19:03:37",590.7,2,iboondk
3074,16683934,"Teja Madala","2026-08-10 14:46:07",590.7,2,tejamadala
3075,16726684,"William Lee","2026-08-17 03:14:18",590.5,2,notyouravgwilly
3076,16718295,doinggyu,"2026-08-14 15:20:39",590.4,1,doinggyu
3077,16630784,"🚜 Sub-Par Seedlings","2026-08-11 08:39:26",590.4,2,"dwellement0baser,michaellist,oneupkiwi,wilhelmberghammer"
3078,16645302,LuCcc,"2026-08-03 09:45:35",590.2,2,luuuuccccc
3079,16688662,"Faz Forward","2026-08-08 09:03:10",590.1,2,fazforward
3080,16731270,"Arthurs Torres24","2026-08-17 10:29:24",590.1,2,arthurstorres24
3081,16659505,"Duleeka Mevan","2026-08-06 09:32:46",590.0,2,duleekamevan
3082,16631981,"Karen Letir","2026-08-10 09:21:51",589.7,2,karenletir
3083,16722902,"Grigorii IU","2026-08-16 20:52:14",588.7,1,grigorii220
3084,16665865,"Agrippa Beaulieu","2026-08-08 19:09:28",588.6,2,agrippabeaulieu
3085,16709880,"Javier Pérez Robles","2026-08-15 02:21:07",588.3,2,javierprezrobles
3086,16675493,"Ryotaro Minato","2026-08-16 09:38:33",588.3,2,ryotarominato
3087,16640399,Hubbahub,"2026-08-04 20:40:39",588.1,2,hubbahub
3088,16682303,"Kapadiya Nirav Kumar","2026-08-14 07:42:12",588.0,2,kapadiyaniravkumar
3089,16693342,takemo,"2026-08-15 09:38:12",588.0,2,takemoriyuto
3090,16664211,"Ben Wilson","2026-08-06 23:57:29",587.9,2,crispyryse
3091,16687294,"Madiyar Khamzanov","2026-08-16 18:29:09",587.8,2,mkhamzanov
3092,16696231,"Oleg Smirnov","2026-08-09 19:22:20",587.0,2,smirnolegov
3093,16682632,Sebastiaan,"2026-08-11 11:42:56",586.7,2,sebastiaanreinders
3094,16691628,"Gavin Walsh (N1DGE11)","2026-08-08 16:07:24",586.5,2,gavinwalshn1dge11
3095,16658115,SantaClaws,"2026-08-10 14:50:31",586.2,2,vovikdrg
3096,16674599,"Luka Duvanov","2026-08-11 12:18:07",586.2,1,nekkon
3097,16623263,ASHML,"2026-07-30 23:28:50",586.1,2,ashml
3098,16662647,"Ruben Maya","2026-08-13 16:53:50",586.0,2,rubenmaya
3099,16655600,"VYSHAKH G NAIR","2026-08-04 21:31:24",585.8,2,vyshakhgnair
3100,16658895,kunihiro,"2026-08-17 03:05:05",585.5,2,kunihiro
3101,16670719,SimoImane,"2026-08-05 23:36:09",585.2,2,simoimane
3102,16632105,"shreyas sangalad","2026-08-02 12:01:08",585.2,2,spoortisangalad
3103,16659309,irisV11,"2026-08-17 08:43:13",585.0,2,irisv11
3104,16636973,"Ali Ali G","2026-08-03 18:36:40",584.7,2,alialig
3105,16626272,"ömer kiraz","2026-08-17 11:37:14",584.7,2,merkiraz
3106,16623646,"Minal kharat123","2026-08-06 15:42:39",584.4,2,minalkharat123
3107,16664608,sid,"2026-08-07 18:18:04",584.0,2,sidshastri04
3108,16627009,c0sm1c,"2026-08-01 11:06:14",583.9,1,tanghao111
3109,16678773,"Steve Probst","2026-08-17 05:11:42",583.8,2,steveprobst
3110,16668108,"Suresh Chandra Mangena","2026-08-11 09:32:31",583.7,2,sureshchandramangena
3111,16692138,"Bishwa Thakur","2026-08-11 09:20:46",583.7,2,bishwathakur
3112,16699707,"Afana Khalit putra","2026-08-11 08:57:25",583.7,2,afanakhalitputra
3113,16726155,miyawakiayaka,"2026-08-15 18:50:10",583.5,2,kanatakon
3114,16663210,"Marco Nasuelli","2026-08-08 19:19:54",583.0,2,marconasuelli
3115,16668688,"Nezihe Sözen","2026-08-07 10:47:51",582.9,2,nezihesozen
3116,16664252,"Huy Hoang","2026-08-15 03:59:40",582.8,2,themeend
3117,16627324,"Attack on Kaggle","2026-08-06 13:27:22",582.6,2,user19394494
3118,16636333,xiaoyang66,"2026-08-17 08:59:47",582.3,2,kennethhao8
3119,16674605,Versilogic,"2026-08-16 07:54:48",582.2,2,versilogic
3120,16666071,"Arda Yıldız","2026-08-08 12:04:11",581.9,2,xreina8
3121,16693045,"Huseyin Battal","2026-08-09 05:41:25",581.9,2,huseyinbattal
3122,16712007,"Dipin Kothavoor","2026-08-16 09:43:25",581.4,2,dipinkothavoor
3123,16686645,Ornaat,"2026-08-14 14:10:51",581.4,2,ornaat
3124,16722819,Anna,"2026-08-16 16:29:27",581.2,2,annatmp
3125,16695400,"Karam Khasawneh","2026-08-10 20:29:16",580.4,2,karamkhasawneh
3126,16728137,mchicen,"2026-08-16 15:43:27",580.4,2,"iyaiji,mchicen"
3127,16716531,tebenia,"2026-08-16 08:06:58",580.3,2,tebenia
3128,16672473,goldfish,"2026-08-13 03:34:21",580.1,2,dolgfish
3129,16668071,"Ali Eren Oğuztaş","2026-08-13 00:04:23",580.1,2,alierenouzta
3130,16638883,LeiYang,"2026-08-03 15:04:07",579.9,2,leiyangcq
3131,16663368,"Laurence Dale","2026-08-12 18:00:07",579.8,2,laurencedale
3132,16627463,dnish,"2026-08-05 07:37:16",579.8,2,dnishio
3133,16693797,"Riyaz Ur Rehman","2026-08-17 02:21:15",579.6,2,riyazurrehman
3134,16689183,Hawksartelier,"2026-08-13 17:42:23",579.4,2,satyapb2002
3135,16657401,korpo,"2026-08-13 15:50:18",579.3,2,krisko
3136,16687716,"Joshua Fernando","2026-08-16 15:49:19",579.2,2,joshuafernandoj
3137,16663618,Anthaus,"2026-08-09 17:06:35",579.1,2,anthaus
3138,16681778,kzeus@003,"2026-08-12 05:12:15",579.1,2,kzeus003
3139,16662938,CarlitrosParra,"2026-08-05 21:34:52",579.0,2,carlitrosparra
3140,16661682,"Rishi Gupta","2026-08-05 07:46:38",578.5,2,rishigupta07
3141,16693003,ShirrleyChen,"2026-08-15 12:54:58",578.3,2,shirrleychen
3142,16623006,"Aaradhy Singhvi","2026-08-11 23:29:04",578.2,2,aaradhysinghvi
3143,16670634,"Narayan Sharan","2026-08-07 21:13:42",578.2,2,narayansharan
3144,16657929,Robert-zwr,"2026-08-05 11:15:48",578.0,1,robertzwr
3145,16656431,"Venetta Smithen","2026-08-17 00:25:47",578.0,2,venettasmithen
3146,16675684,washamba_bots,"2026-08-17 01:41:32",577.9,2,"billygmwangi,futurecentaur,peterkibetspidey,stephanenjoki"
3147,16661105,"Vignesh Murugan","2026-08-04 19:57:46",577.9,2,vigneshv1cky
3148,16638823,YDDDDDD999,"2026-08-02 14:01:40",577.8,2,ydddddd999
3149,16682869,"Sepideh Rahmati","2026-08-12 08:10:46",577.8,2,sepidehrahmati
3150,16686902,"Aaditya Jain","2026-08-10 08:59:33",577.6,1,aadityajain2312
3151,16659261,PromptEngineer48,"2026-08-04 16:44:46",576.9,2,promptengineer48
3152,16661950,moonmelonpizza,"2026-08-09 12:25:23",576.9,2,moonmelonpizza
3153,16661646,"Sergey Shcherbakov","2026-08-12 21:58:30",576.7,2,sergey140146659
3154,16669397,"Abed Kibbe","2026-08-16 18:37:00",576.6,2,abedkibbe
3155,16654974,"ACd Rooy","2026-08-11 06:35:28",576.3,2,acdrooy
3156,16665374,UmangDobhal03,"2026-08-06 03:46:29",576.2,2,umangdobhal03
3157,16631547,"Chong Xuan Ng","2026-08-08 15:38:52",575.9,2,chongxuanng
3158,16687648,"RSJ CorneR","2026-08-08 10:57:54",575.5,2,rsjcorner
3159,16668137,"Thomas De Sousa","2026-08-06 06:34:48",575.3,2,thomasdesousa
3160,16721814,"DOAMBA Jean Edouard Odilon","2026-08-17 10:46:50",575.1,2,doamba
3161,16652904,TonightIsOver,"2026-08-16 13:44:48",574.7,2,tonightisover
3162,16649077,"Yifan Yang 135","2026-08-11 06:22:40",574.4,2,yifanyang135
3163,16729515,"Emmanuel Tolani","2026-08-17 05:56:29",574.3,2,emmanueltolani
3164,16693522,shadycoderalltime,"2026-08-09 06:09:31",574.1,2,shadycoderalltime
3165,16629002,Alpro,"2026-08-12 15:15:28",573.4,2,"dogaakal,egekemalkaraca"
3166,16657528,"Symekah Shadrack Basweti","2026-08-05 10:17:09",573.3,2,symekah99
3167,16676025,"Csaba József","2026-08-10 20:10:18",572.8,2,"jcsaba,peterkiss4"
3168,16706277,"ratat Zheng","2026-08-12 10:25:38",572.8,2,ratatzheng
3169,16692263,"ADITYA CHAVAN","2026-08-09 17:44:15",572.6,2,adityasnr7
3170,16623271,"William Morley","2026-07-31 10:09:16",572.5,2,williamkmorley
3171,16674504,"Arunabh Gupta","2026-08-17 11:16:34",572.5,2,"arunabhsgupt4,eggsysy"
3172,16654885,"Jason Kong","2026-08-04 06:52:19",572.5,2,jasonkongie
3173,16704597,"Wallace Switzer","2026-08-12 01:09:49",572.1,2,wallaceswitzer
3174,16676803,"Josue Villao","2026-08-14 05:20:13",571.9,2,josuevillao
3175,16668606,"Hasith Kulathilaka","2026-08-10 08:57:08",571.8,2,hasithkulathilaka
3176,16656948,"alexander kern","2026-08-16 13:36:19",571.6,2,alexanderkern
3177,16711317,"yf D","2026-08-13 06:28:06",570.9,2,dengvitruviano
3178,16700080,Kaushik,"2026-08-10 11:11:18",570.8,2,kgarumugam
3179,16671602,"Nithin Nambi","2026-08-07 00:09:31",570.5,2,nitthewit
3180,16687602,"jithin manoj","2026-08-12 13:00:23",570.3,2,jithingmanoj
3181,16621437,AdamBelniak,"2026-08-03 18:15:21",570.1,2,adamos581
3182,16646286,"C Aravindhan","2026-08-04 05:03:22",570.1,2,caravindhan
3183,16690698,posty_melek,"2026-08-15 05:06:40",570.0,2,srisaraswati
3184,16662715,"Great Okwuma","2026-08-17 00:10:46",570.0,2,greatokwuma2
3185,16680799,zixma13,"2026-08-10 11:25:29",569.8,2,zixma13
3186,16719257,"Alexander Morozov","2026-08-14 23:53:53",569.7,2,scanhex
3187,16707037,"Cedoque BAGBONON","2026-08-14 23:47:08",569.7,2,cedbag
3188,16661930,zzangsunghyeon,"2026-08-08 16:22:21",569.6,2,zzangsunghyeon
3189,16695102,whitelok,"2026-08-11 12:54:41",569.5,2,whitelok
3190,16679771,Coolgolf,"2026-08-10 16:12:33",569.4,2,coolgolf
3191,16632157,"福原 大知","2026-08-03 06:46:04",569.3,2,fxxyfox
3192,16665281,"[Deleted] 899172b8-e148-4564-ba8c-c46356105ab8","2026-08-05 09:55:11",569.2,2,del=cd7e9a4014b872ef
3193,16656641,AndrewEly8,"2026-08-05 00:56:32",568.8,2,andrewely8
3194,16672105,"Natural Stupidity","2026-08-10 19:39:53",568.8,2,"parthb21,sujaygolla"
3195,16654984,"Guseinov Elvin","2026-08-08 21:44:00",568.7,2,guseinovelvin
3196,16658476,"goksel yesiller","2026-08-04 11:07:53",568.5,2,gokselyesiller
3197,16649421,Eltormtace,"2026-08-14 04:35:15",568.4,2,eltormtace
3198,16679098,"KIRTAN RUPESHBHAI BHOJANI","2026-08-06 23:51:52",568.0,2,kitran17
3199,16663327,Gnr8tr,"2026-08-13 14:16:44",568.0,2,wilburjpereira
3200,16661287,"Jacob Hanlon","2026-08-11 13:59:58",567.9,2,jacobhanlon
3201,16685800,"Sumit Ridhal","2026-08-17 04:27:31",567.8,2,sumitridhal
3202,16729859,wintermute,"2026-08-17 10:55:14",567.4,1,siraev
3203,16661576,"Yash Jumde","2026-08-15 20:09:59",567.1,2,yashjumde
3204,16699207,"Bipin Rimal","2026-08-10 07:45:21",566.9,2,bipinrimal314
3205,16726854,"Tâm La Thành","2026-08-17 10:16:38",566.8,2,tmlathnh
3206,16728229,twomoon,"2026-08-17 07:24:47",566.3,2,twomoon036
3207,16625216,"Emre Can","2026-08-01 17:05:51",566.3,2,seicatsu
3208,16675060,"Xinger Gao","2026-08-08 10:09:13",566.0,2,xingergao
3209,16640516,"Alfandi Hassan","2026-08-08 03:41:33",565.9,2,alfandihassan
3210,16659681,"Aditya Seth","2026-08-12 06:48:20",565.1,2,adityaseth777
3211,16663040,"BARBARA GASKINS","2026-08-12 01:08:47",565.1,2,barbaragaskins
3212,16659286,shane18,"2026-08-15 04:32:45",564.4,2,shane18
3213,16706985,Valmrnch,"2026-08-15 06:01:39",564.0,2,valmrnch
3214,16728845,"Mohamed Kaleel","2026-08-16 21:44:09",563.9,2,mdkaleel
3215,16623824,zhangende02,"2026-08-01 01:15:21",563.7,2,zhangende02
3216,16717018,"Urvashi Bansal","2026-08-17 09:12:29",563.6,2,urvashibansal123
3217,16621367,Numari,"2026-07-31 16:30:01",563.5,2,numaritaisei
3218,16697448,"Mykola Mazniuk","2026-08-15 17:57:39",563.2,1,mykolamazniuk
3219,16692450,duckypants,"2026-08-10 20:38:05",562.9,2,duckypants
3220,16665949,Rbda,"2026-08-06 14:18:03",562.2,2,brazvan
3221,16664619,"Trupen Patel","2026-08-16 06:00:56",562.1,2,trupenpatel
3222,16664251,zzy123123,"2026-08-08 09:22:51",562.1,2,zzy123123
3223,16669643,"Athenix Kaggriculture","2026-08-08 02:23:22",562.1,2,sdafdsfsdfgdsg
3224,16678154,"Hashim Far","2026-08-08 04:20:32",561.8,2,hashimfar
3225,16728549,Karatelb,"2026-08-16 17:45:59",561.7,2,karatelb
3226,16687237,Khalibryler,"2026-08-11 09:17:03",561.5,2,khalibryler
3227,16668813,zhaowang,"2026-08-06 05:19:52",561.5,2,zhaowangwang
3228,16660060,AnkitGoyal,"2026-08-05 15:33:29",561.4,2,goyalankit
3229,16717245,bernard558,"2026-08-14 14:29:33",561.3,2,bernard558
3230,16638651,Emre,"2026-08-05 23:40:59",561.2,2,emre690
3231,16662790,"Derek Earnhart","2026-08-04 18:04:01",561.1,1,derekearnhart
3232,16707159,"Toua Innocent TIA","2026-08-11 21:03:21",561.0,2,centino
3233,16720049,"aditya emmadishetty","2026-08-14 13:20:54",561.0,2,adityaemmadishetty
3234,16655881,"Zhuoran Zhao","2026-08-07 16:50:04",560.7,2,yearcakes
3235,16672798,yaphanqiii,"2026-08-15 13:08:59",559.9,2,yaphanqiii
3236,16731996,"CHEN CHLOE HAIMO","2026-08-17 10:08:57",559.7,1,chenchloehaimo
3237,16644410,"Swaroop Kallakuri","2026-08-04 15:40:29",559.7,2,ksjpswaroop
3238,16657887,"Yermak Petro","2026-08-17 10:00:11",559.6,2,yermakpetro
3239,16667078,dprinzensteiner,"2026-08-05 14:06:26",559.4,2,dprinzensteiner
3240,16661073,PyJa,"2026-08-04 15:16:55",559.1,1,pixiux
3241,16723490,"Panashe Arthur Mhonde","2026-08-17 07:29:21",559.0,2,panashearthurmhonde
3242,16662167,"Tara Singh Kharwad","2026-08-05 17:13:10",558.8,2,tarasi7261
3243,16657312,"baolood herid","2026-08-06 13:13:48",558.7,2,baoloodherid
3244,16665184,woorym,"2026-08-10 03:04:12",558.7,2,woorym
3245,16717051,"Chirag Hosdurga","2026-08-13 13:38:41",558.1,2,chiraghosdurga
3246,16696703,"Aleksei Churashev","2026-08-09 21:51:09",557.9,1,alekseic
3247,16729522,all-coder,"2026-08-16 17:55:08",557.9,2,allcoder
3248,16716002,"Preethi Gnanaprakasam","2026-08-14 09:10:46",557.9,2,preethignanaprakasam
3249,16715205,GCarnovale,"2026-08-15 23:52:34",557.8,2,gcarno
3250,16699586,"Linda Liu","2026-08-16 04:34:13",557.6,2,lpoint
3251,16663622,sammuq1,"2026-08-10 23:56:19",557.4,2,sammuq1
3252,16663594,"NGU BLACK SANTA","2026-08-05 15:23:10",557.4,2,ngublacksanta
3253,16668095,Menna_Allah_Samy12,"2026-08-15 15:04:56",557.4,2,mennaallahsamy12
3254,16684250,"Alexander Sokolov","2026-08-16 20:36:55",557.3,2,cheeec0
3255,16623932,"Axel Ahmer","2026-08-17 11:15:12",557.2,2,blondie1
3256,16694330,"Jack Way","2026-08-10 11:48:42",557.2,2,jackway05
3257,16653534,"Mohamed Amine Ettaki","2026-08-16 14:25:49",557.1,2,amine159
3258,16630520,dimitris_x94,"2026-08-15 19:34:19",557.1,2,dimitrisx94
3259,16681924,WEcoS,"2026-08-10 04:32:03",556.9,2,aungkhainghtun
3260,16725065,"Maxim Smirnov","2026-08-15 13:21:05",556.9,2,smirnoffmg
3261,16655080,"Mohamed Judi","2026-08-15 18:43:47",556.5,2,mhjudi
3262,16662985,DanTheDataScienceMan,"2026-08-05 17:40:06",556.5,1,danthedatascienceman
3263,16663707,DotBix,"2026-08-12 21:45:54",556.0,2,dotbix
3264,16659520,"Play Code","2026-08-05 14:28:00",556.0,2,codenya
3265,16687925,BillDoser,"2026-08-08 23:54:31",555.9,2,billdoser
3266,16690793,"MOHAMMAD ALRASHED","2026-08-08 18:33:34",555.8,2,mohammadalrashed
3267,16659919,"SILVISTON EMMANUEL","2026-08-06 06:51:55",555.8,2,silvistonemmanuel
3268,16663267,"Sravya Isukapatla","2026-08-11 10:14:54",555.7,2,sravyaisukapatla
3269,16683390,Christopher34,"2026-08-08 00:20:59",555.7,2,christopher34
3270,16652661,"Petru-Mihai Craciun","2026-08-05 14:55:07",555.6,2,petrumihaicraciun
3271,16683837,"Blessed Ngorima","2026-08-17 10:31:34",555.4,1,blessedngorima
3272,16684031,"Phillip Kamundia","2026-08-14 20:35:15",555.3,2,phillipkamundia
3273,16666566,"Rairo Mukamuri","2026-08-16 12:58:02",555.3,1,thetraveller
3274,16697736,"Daniel Correa","2026-08-10 01:04:52",555.3,2,dcorrea1
3275,16623198,"Chris D'Mello (ineligible)","2026-07-31 17:32:46",555.1,1,cdmello
3276,16668711,"David Leati","2026-08-10 16:50:59",555.1,1,davidleati
3277,16656627,"Soykot Podder","2026-08-14 05:39:06",555.0,2,diptopodder
3278,16654394,sserges,"2026-08-08 20:46:14",554.5,2,sserges
3279,16670155,Kiznaiver,"2026-08-11 22:25:12",554.2,2,kiznaiver
3280,16668698,Addie,"2026-08-08 05:21:08",554.0,1,addie999
3281,16661648,"Vân Nguyễn","2026-08-17 11:14:43",553.8,2,vunnguyen
3282,16700596,"Markel Iru","2026-08-13 15:52:53",553.6,2,markeliru
3283,16661233,"Uriel Johnson","2026-08-05 08:45:24",553.6,2,urieljohnson
3284,16665436,Aeternum,"2026-08-15 18:31:32",553.3,2,"donbinoy2004,surajkumarks"
3285,16657201,ShayML,"2026-08-08 09:02:05",553.3,2,shayml
3286,16639577,Haitaks,"2026-08-16 09:42:16",553.0,2,haitaks
3287,16695692,Saadii2279,"2026-08-11 16:44:39",553.0,2,saadii2279
3288,16661539,"Ilia Mironov","2026-08-09 13:51:47",553.0,1,millcool
3289,16675686,"PRERIT MAURYA","2026-08-14 06:37:51",552.4,2,preritmaurya
3290,16671940,LJazya,"2026-08-07 04:38:23",552.1,2,jihanelek
3291,16625434,"Chirapathleo Saelim","2026-08-14 14:40:05",551.8,2,chirapathleosaelim
3292,16660090,"Kaggriculture @ Farmageddon","2026-08-16 14:59:47",551.7,2,gary08phillios
3293,16654312,Xmeeeee,"2026-08-05 00:11:29",551.6,2,xmeeeee
3294,16732041,"Vallapu Nandini","2026-08-17 10:22:47",550.4,1,nandinivallapu
3295,16653809,acbabc123,"2026-08-04 13:53:53",550.3,2,acbabc123
3296,16701367,CryptoQuant1992,"2026-08-11 13:04:12",550.2,2,cryptoquant1992
3297,16622809,"German Vdovin","2026-08-03 00:38:01",549.7,2,ertrerhtytmnbdsefdw
3298,16682906,Masiki,"2026-08-12 13:34:10",549.4,2,blackseed
3299,16678246,"Mark Holloway","2026-08-13 08:48:08",549.4,2,markholloway
3300,16696993,healer2408,"2026-08-15 07:10:57",548.9,2,healer2408
3301,16660484,"Waiswa Geoffrey","2026-08-17 11:23:13",548.6,2,waiswageoffrey
3302,16713723,"Jyot Buch","2026-08-12 23:09:41",548.4,2,jyotbuch
3303,16632566,maco-macoo,"2026-08-16 15:51:48",548.0,2,macomacoo
3304,16623503,"D Mohith","2026-08-01 01:06:22",547.4,2,dmohith
3305,16666652,"Mohamed Fanni","2026-08-17 00:51:38",547.4,2,"arachid,mohamedfanni,soukaynamokhtari"
3306,16621402,Maxim,"2026-08-13 07:01:03",546.9,2,ektarr
3307,16699633,Nafmo,"2026-08-11 17:10:53",546.8,2,nafmo2
3308,16632201,neurlog,"2026-08-17 04:34:22",546.8,2,neurlog
3309,16726687,"Rohin Kethipally","2026-08-16 18:17:08",546.6,2,rohinkethipally
3310,16718517,"Jessica Yin","2026-08-17 00:10:31",546.5,2,jeqyin
3311,16656568,"FARIATHTHEEN F","2026-08-04 11:44:49",546.4,2,fariaththeenf
3312,16692246,"Pamod Jayaneth","2026-08-17 08:46:11",546.0,2,pamodjayaneth
3313,16634060,"Chí Thành Đỗ","2026-08-02 05:11:58",545.3,2,chithanhdeptrai
3314,16705510,"Palak Choudhary","2026-08-11 07:12:44",544.9,2,palak2564
3315,16670986,"Anas Erami","2026-08-08 01:38:43",544.9,2,anaserami
3316,16676482,GitLyf,"2026-08-16 12:47:59",544.7,2,"jaideva30,rohithkrishnaak"
3317,16706790,"Stas Chereshkevich","2026-08-14 15:01:57",544.6,1,staschereshkevich
3318,16657502,Jasmeen,"2026-08-16 08:59:05",544.5,2,jasmeen0207
3319,16655820,"Cory Tortorici","2026-08-08 15:20:42",544.5,2,corytortorici
3320,16669117,"Shrikant Lambe","2026-08-10 23:31:50",544.3,2,shrikantlambe
3321,16666099,"Marcben James Samuel","2026-08-17 09:14:34",544.0,2,marcbenjamessamuel
3322,16726044,"Lena Traczuk","2026-08-17 09:29:28",543.9,1,lenatraczuk
3323,16701871,"Raj Nandan","2026-08-10 15:13:30",543.4,1,imrajnandan
3324,16715358,wuy1hao,"2026-08-17 06:43:35",543.1,2,wuy1hao
3325,16668810,ZZZZGOD,"2026-08-07 19:11:09",542.7,2,zzzzgod
3326,16711918,"Pavel Filin","2026-08-13 05:23:28",542.3,2,pavelfilin
3327,16705276,layr0,"2026-08-14 00:53:11",541.9,2,layr0dotdev
3328,16723988,yuyinghuang,"2026-08-16 23:39:14",541.9,2,yuyinghuang
3329,16661360,"Jasper Jiss","2026-08-13 18:45:37",541.8,2,jasperjiss
3330,16690221,"HISOKY DEV","2026-08-10 09:42:03",541.7,2,omarfahid
3331,16704437,babybuffalo,"2026-08-16 13:00:37",541.5,2,babybuffalo
3332,16654401,ChronoForensics,"2026-08-08 17:26:11",541.5,2,ryanwollmuth
3333,16675468,"atakan akgün","2026-08-13 15:32:32",540.9,2,atakanakg
3334,16627313,"Zafer Liu","2026-08-03 05:13:39",540.8,2,zaferliu
3335,16638967,"Jenny Luo","2026-08-01 23:55:07",540.2,2,"jennyluo96,kyeoh92"
3336,16730449,"Shinichiro Yoshida","2026-08-17 04:10:26",540.0,2,sysd00
3337,16713218,"Julien Baumgartner","2026-08-14 08:36:27",539.3,2,julienbaumgartner
3338,16661323,mzyktkhs,"2026-08-10 13:21:59",539.1,2,mzyktkhs
3339,16660485,"Colin Gaffney","2026-08-09 12:54:31",539.1,2,colingaffney1
3340,16658520,drownedsnake,"2026-08-05 01:03:22",539.1,2,makerplay
3341,16651872,Evgen21,"2026-08-05 14:03:50",538.9,2,evgen21
3342,16674266,HamYad,"2026-08-06 18:19:46",538.6,2,hamyadlab
3343,16698141,Zippo,"2026-08-16 05:44:18",538.6,2,gagemerrick
3344,16655555,Bharath2411,"2026-08-10 18:27:54",538.4,2,bharath2411
3345,16661154,"gronky goobers","2026-08-15 14:39:05",538.0,2,"viktoriusontop,yoshisurjuise"
3346,16624824,GoofyGenius,"2026-08-04 09:36:00",537.7,2,goofygenius
3347,16714162,MarvinTMB,"2026-08-14 03:11:33",537.4,2,marvintmb
3348,16632855,Shreyash_Automation,"2026-08-05 06:33:43",537.4,2,shreyashautomation
3349,16659414,TTGP_TEAM,"2026-08-06 15:33:09",537.3,2,phttrntrnggia
3350,16726285,Dhananjay,"2026-08-15 18:48:20",536.8,2,dhananjaylakkawar
3351,16702713,"Rob Sartin","2026-08-16 15:26:28",536.6,2,robsartin
3352,16625808,"Etsushi Yamamoto","2026-08-09 16:50:41",536.5,2,etsushiyamamoto
3353,16692128,gibocx,"2026-08-10 18:10:34",536.2,2,gibocx
3354,16640814,"Kritika Adhikari","2026-08-07 09:25:26",536.1,2,kritikaadhikari
3355,16687959,"Destin Nedjou","2026-08-10 08:52:43",536.1,2,destinnedjou
3356,16657383,"Shih Hua Chou","2026-08-05 06:08:49",535.7,2,shihhuachou
3357,16659658,"Tim Wong","2026-08-06 02:02:30",535.4,2,wai0186
3358,16664352,"Shreyash Asati","2026-08-06 10:40:56",535.3,1,shreyashasati
3359,16681655,"Tae seong Gim","2026-08-14 14:14:10",535.2,2,taeseonggim
3360,16707437,"Ivan Plekhanov","2026-08-11 12:03:11",535.0,1,nnob0dy
3361,16655783,KonaKonaz,"2026-08-04 09:36:57",535.0,2,konakonaz
3362,16663871,"Iyed Djebbi","2026-08-07 09:25:07",534.9,2,iyeddjebbi
3363,16695095,"Jayanth Chowdary","2026-08-16 14:14:21",534.8,2,jayanthchowdary24
3364,16633097,"Matheus Bonjour Laviola da Silva","2026-08-02 11:08:21",534.7,2,matheusbonjour
3365,16698287,"Ethan J. Schauder","2026-08-12 18:21:50",534.6,2,ethanjschauder
3366,16692678,Nerozud,"2026-08-13 21:52:16",534.6,2,"lorerubiano22,nerozud"
3367,16629201,"GUILLERMO REY PANIAGUA","2026-08-01 16:41:58",534.4,2,guillermoreypaniagua
3368,16667722,Radhouen911,"2026-08-06 21:37:37",534.2,2,radhouen911
3369,16716636,"Mahamane Lawaly","2026-08-13 10:22:51",534.1,1,mahamanelawaly
3370,16664004,"Me, Myself, and I","2026-08-11 03:57:46",533.9,2,notlunarxd
3371,16721688,"Hi Im Ryo","2026-08-16 11:35:51",533.4,2,loto610
3372,16699045,"Abu Kayyisah Basyid","2026-08-17 09:38:58",533.3,2,abukayyisahbasyid
3373,16725564,"Kole Duncan Robertson","2026-08-17 03:54:58",532.9,2,kduncanrobertson
3374,16688383,plong2101,"2026-08-13 12:26:16",532.2,2,plong2101
3375,16660330,wangyikai,"2026-08-09 07:59:45",532.1,2,wangyik
3376,16621572,"Abdulazeez AbdulMumeen","2026-08-05 10:59:27",531.4,2,ayobeen
3377,16644053,Rafiozoo,"2026-08-03 19:26:40",531.3,2,rafiozoo
3378,16681637,nasu01,"2026-08-07 10:14:10",530.9,2,nasu01
3379,16639679,"Felix Allistar","2026-08-15 13:49:15",530.9,2,felixallistar
3380,16676254,"Lazy Lagoon","2026-08-16 13:51:59",530.4,2,"mokshoswal137,taniyasankhe"
3381,16630896,OpenBuilder,"2026-08-08 12:09:06",529.6,2,weijunguo
3382,16691761,"Evie Barker","2026-08-15 13:40:05",529.5,2,eviebarker
3383,16675462,bkcoban,"2026-08-07 18:22:48",529.2,2,bkcoban
3384,16692618,"Ali Zakaee","2026-08-09 10:13:02",529.2,1,itheequalizer
3385,16677524,"Phúc Phạm","2026-08-07 20:16:24",529.1,2,phucpham77
3386,16661966,Rocket,"2026-08-16 19:31:39",529.0,2,"aarchie4,nick16541,siddharthdongardive"
3387,16698029,"Meet Vachhani","2026-08-10 18:34:55",528.6,2,meetvachhani7
3388,16712488,"Vansh Bhura","2026-08-12 14:23:18",528.5,2,vanshbhura
3389,16692185,"Xu Suyi","2026-08-14 15:14:51",528.5,2,xuyuhaosuyi
3390,16640965,jidaoluckey,"2026-08-08 07:10:45",528.2,2,jidaoluckey
3391,16706184,"Lingaraju Saikumar","2026-08-16 11:51:34",528.2,2,lingarajusaikumar
3392,16696593,bplyc15,"2026-08-09 16:49:24",527.9,2,bplyc15
3393,16658521,"Vishal Dhariwal","2026-08-08 11:43:36",527.8,2,user412
3394,16707331,"Simon Ziegs","2026-08-11 22:00:24",527.5,2,simonziegs
3395,16654347,"aarav maheshwari1","2026-08-05 01:48:28",527.5,2,aaravmaheshwari1
3396,16675916,Lorenzo176ITA,"2026-08-14 11:02:15",527.4,2,"alessiopap,lorenzo176ita"
3397,16671665,"Kobata Sota","2026-08-06 07:17:03",527.0,1,kobatasota
3398,16671911,"Dwi Eflatino","2026-08-16 10:44:17",527.0,2,eflatino
3399,16675631,"Aswini Gowda","2026-08-10 05:37:33",526.9,2,aswinigowda
3400,16661786,Nagaraju,"2026-08-10 01:53:04",526.8,2,orugantn
3401,16705318,arminhej96,"2026-08-17 10:18:36",526.5,2,arminhej96
3402,16628268,toxic_2499,"2026-08-08 09:07:32",526.2,2,toxic2499
3403,16708409,toshiconner,"2026-08-12 06:30:06",526.2,2,toshiconner
3404,16678819,"Digant Kathiriya","2026-08-07 02:07:51",526.1,2,digantkathiriya
3405,16653078,pk210495,"2026-08-09 09:13:32",525.6,2,pk210495
3406,16659080,VENKY,"2026-08-07 17:22:03",525.4,2,venkateshthatha
3407,16669170,AsadUsmanFAST,"2026-08-05 22:37:33",525.0,2,asadusmanfast
3408,16725957,"Ayman Tarig Mohammedosman Elgadi","2026-08-16 20:11:13",524.9,2,aymantarig17
3409,16661194,"Sandeep Vanapalli","2026-08-04 15:37:06",524.5,2,mrleaf
3410,16657520,"Joel De la Cruz Fuertes","2026-08-12 16:33:48",524.5,2,joeldcf
3411,16668093,Sai_Dattu,"2026-08-07 07:35:01",524.4,2,saidattu2003
3412,16709809,RiyaSoni20,"2026-08-17 02:03:49",524.4,1,"riyasoni20,rudraamin06"
3413,16666709,JSQL,"2026-08-14 18:39:15",524.3,2,jeffreyschott
3414,16639916,BloomBerry,"2026-08-12 12:38:31",523.8,2,kagglepalandata
3415,16623385,"ISAKA Tsuyoshi","2026-07-31 00:31:34",523.3,2,isakatsuyoshi
3416,16669434,"Saugat Kannojia","2026-08-07 11:45:47",523.3,2,saugatkannojia
3417,16625149,Rubylicious,"2026-07-31 07:53:00",522.9,2,labibahalya
3418,16677166,Spectrobot,"2026-08-08 11:11:46",522.9,2,spectrobot
3419,16728414,"Pedro Caycho","2026-08-16 12:40:26",522.7,1,pjcc1123
3420,16660923,naganikshith,"2026-08-06 08:01:09",522.6,2,naganikshith
3421,16630020,"Piotr Gabrys","2026-08-09 16:53:59",521.9,2,piotrekga
3422,16684776,"D Rithika","2026-08-10 18:36:30",521.8,2,drithika
3423,16658051,SethuMadhavan004,"2026-08-09 09:38:27",521.5,2,sethumadhavan004
3424,16666132,andres555,"2026-08-07 12:13:30",521.4,2,andres555
3425,16666878,aaronykchen,"2026-08-16 14:15:44",521.3,2,aaronyukuchen
3426,16665040,"Arnav Yashlaha","2026-08-05 05:44:26",521.3,2,arnavyashlaha
3427,16654175,abhiv142,"2026-08-11 13:22:03",521.3,2,abhiv142
3428,16715456,"wilson LUNG","2026-08-16 15:41:22",521.1,2,wilsonlung
3429,16623712,Dapp,"2026-08-03 23:09:19",521.0,2,lgloria
3430,16696939,"Keaton Zang","2026-08-10 21:24:20",520.9,1,keatonzang
3431,16660343,"Mert Olgun899","2026-08-05 13:05:07",520.3,2,mertolgun899
3432,16641513,"Sameer Chakravedi","2026-08-15 16:06:11",520.2,2,sameerchakravedi
3433,16712259,geqiulin,"2026-08-13 04:46:11",520.2,2,geqiulin
3434,16726882,"Albert Yu","2026-08-17 00:01:53",520.2,2,yukinying
3435,16729081,"Venkata Y","2026-08-17 02:47:47",519.3,2,venkatayerrapothu
3436,16726765,"Ali Al-Killidar","2026-08-16 09:47:37",519.2,1,alialkillidar
3437,16730707,"James Michael","2026-08-17 08:04:44",518.9,2,ingenio
3438,16665228,Jason_Qian,"2026-08-05 16:00:43",518.8,2,jasonqia
3439,16632119,nickyl,"2026-08-13 15:36:31",518.8,2,nickyjliang
3440,16664129,"Mr M 8641","2026-08-06 18:57:45",518.5,2,mrm8641
3441,16696271,"Neeta Sanjay Gajabi","2026-08-09 14:48:42",518.3,2,neeta2574
3442,16622842,Will,"2026-07-30 19:31:55",518.2,1,wguesdon
3443,16728238,ubcict232,"2026-08-16 13:09:30",518.0,2,ubcict232
3444,16633507,"Ivan Vorfolomeev","2026-08-01 00:49:06",517.9,2,ivanvorfolomeev
3445,16692480,"Khalis Murfid","2026-08-16 15:23:58",517.4,1,khalismurfid
3446,16686093,"Muhammad Usman Butt","2026-08-07 22:00:04",517.2,2,debugdemon
3447,16623515,fishcat,"2026-07-31 13:04:39",517.2,2,fishcat37
3448,16641501,Sonal,"2026-08-08 22:07:46",516.9,2,sonalm13
3449,16670600,"Leon Lum","2026-08-16 11:21:41",516.9,2,leonlum
3450,16717420,"Muhammad Yasir Sarwar","2026-08-13 14:40:09",516.5,2,muhammadyasirsarwar
3451,16638953,"Joe Young","2026-08-03 19:23:13",515.6,2,jsphyg
3452,16664327,"Maged Hegazy","2026-08-06 13:13:28",515.6,2,magedhegazy
3453,16683316,moonriver0922,"2026-08-11 07:04:11",515.1,2,moonriver0922
3454,16669330,"Panagiotis Charalabopoulos","2026-08-16 19:16:47",515.0,2,panagiotischaral
3455,16691524,"Martim Nascimento","2026-08-09 18:54:31",514.5,2,martimnascimento
3456,16656156,"Kshitij aucharmal","2026-08-06 04:35:27",514.3,2,narutoaucharmal
3457,16631609,dlougen,"2026-08-04 16:40:03",513.9,2,dlougen
3458,16624414,"Chaitanya Jamble","2026-07-31 05:42:10",513.9,1,chaitanyajamble
3459,16723411,CaZen,"2026-08-15 10:48:16",513.9,2,cathzwah
3460,16670883,G*Sim,"2026-08-10 05:50:49",513.9,2,guillaumesimiand
3461,16676205,"Alhassan Fedawy","2026-08-14 17:15:07",513.9,2,alhassanfedawy
3462,16668368,"Waleed Hasan","2026-08-12 01:42:22",513.8,2,whasan
3463,16661628,PradipBanerjee,"2026-08-05 21:03:11",513.7,2,pradipbanerjee
3464,16725123,"Pham Quang Nghia","2026-08-17 09:50:01",513.6,2,phamquangnghia
3465,16657054,"ömer umut güngör","2026-08-05 06:10:22",513.5,2,merumutgngr
3466,16665152,"Ahmed Karim","2026-08-17 11:32:15",513.3,2,versusic
3467,16623678,Mahog,"2026-08-01 01:02:12",513.2,2,mahoganybuttstrings
3468,16661014,manu,"2026-08-16 04:45:12",513.1,2,manupandit
3469,16696959,"Joe Filfli","2026-08-11 10:47:03",513.0,2,joefilfli
3470,16660317,esgranja,"2026-08-04 18:58:48",513.0,1,esgranja
3471,16683761,"Chiefmen749 Aris","2026-08-10 07:42:42",512.9,2,saysplayz
3472,16630418,Sriram,"2026-08-09 18:22:54",512.8,2,"ritanshuprasad,sriramlingavel01"
3473,16668241,"Shreyansh Kanotra","2026-08-08 19:56:15",512.5,2,shreyanshkanotra
3474,16699838,"Harry Taylor","2026-08-10 08:21:30",512.4,1,harryphysics
3475,16682471,Soumya2003uyvv755,"2026-08-16 18:11:29",512.4,2,soumya2003uyvv755
3476,16677047,LINOXYR,"2026-08-15 13:13:58",512.1,2,linoxyr
3477,16668185,"Swayam Chavan","2026-08-09 01:12:23",511.9,2,swamboy
3478,16697396,"Collective Win","2026-08-16 23:40:22",511.8,2,collectivewin
3479,16673109,"Surya Bhattiprol","2026-08-17 05:57:20",511.2,2,suryabhattiprol01
3480,16653429,mktdev,"2026-08-10 12:19:54",511.0,2,mktdev
3481,16728723,"Ronith Rashmikara","2026-08-17 02:37:07",510.9,2,ronithrr
3482,16727019,uitsnf,"2026-08-16 19:19:33",510.9,2,uitsnf
3483,16717114,uninhibited-scholar,"2026-08-16 01:33:36",510.6,2,uninhibitedscholar
3484,16674950,"Davide Tonini","2026-08-08 11:27:32",509.9,2,quanttony
3485,16665543,"Charan Manthena","2026-08-16 18:05:07",509.7,2,charanmanthena
3486,16705640,"Dongre Laxman","2026-08-12 12:36:29",509.5,2,dongrelaxman
3487,16623582,yunsuxiaozi,"2026-08-01 13:59:57",509.5,2,yunsuxiaozi
3488,16713061,Yuk!,"2026-08-16 10:59:12",509.4,2,mitsuyukiokamura
3489,16719296,Mr.TtT_Games,"2026-08-14 04:58:39",509.3,2,mrtttgames
3490,16693255,"Carlos Hideo Yamaguchi","2026-08-10 00:59:12",509.1,2,carloshy
3491,16641288,nakagawaren0805,"2026-08-17 02:21:06",508.8,2,nakagawaren0805
3492,16669703,AnubhavBhadani142,"2026-08-15 06:32:19",508.7,2,anubhavbhadani142
3493,16730495,joinus,"2026-08-17 12:03:17",508.6,2,joinus2003
3494,16658304,"KETHAVATH Aadarsh","2026-08-05 21:00:45",508.5,2,kethavathaadarsh
3495,16721501,αίνιγμα,"2026-08-16 07:27:01",508.3,2,"muditnagori09,shahidnadaf001"
3496,16660287,BhatNasir,"2026-08-04 16:29:18",508.3,2,nasir94
3497,16671773,"Sawyer Lundberg","2026-08-07 03:33:23",507.7,2,sawyerlundberg
3498,16666447,"Shuaib ayad Jasim Jasim","2026-08-06 20:51:47",507.4,2,shuaibayadjasimjasim
3499,16664406,"MURDER GOOSE","2026-08-05 09:45:33",507.3,2,ujjwalar
3500,16675000,"Carl Bell","2026-08-16 13:53:44",507.0,2,allegedcarlbell
3501,16649339,"华东 朱","2026-08-12 10:21:50",506.8,2,mgdbzny
3502,16658377,Masaya,"2026-08-12 09:44:35",506.8,2,irrohas
3503,16682229,"mayuri sarangi","2026-08-15 14:30:22",506.7,2,mayurisarangi
3504,16676256,"Kotaro Nakamura","2026-08-11 22:18:41",506.5,2,kotaroma
3505,16729765,"Caio Ruiz","2026-08-17 06:07:02",506.1,2,chvruiz
3506,16702200,"ANGAD JANGIR","2026-08-11 02:01:38",506.0,2,angadjangir
3507,16693307,"Vlad Gavrilov","2026-08-09 04:00:29",506.0,2,vladgavrilov
3508,16664558,"Praneeth Annapureddy","2026-08-05 04:52:45",506.0,2,praneethannapureddy
3509,16633984,"Mongkhon Hatit","2026-08-04 11:58:56",505.9,2,mongkolhatit
3510,16624879,indira,"2026-07-31 06:52:02",505.8,2,inansia
3511,16666018,"H vv sathwik","2026-08-11 20:28:06",505.1,2,hvvsathwik
3512,16662726,"Juan Carlos González Aguilar","2026-08-14 19:54:48",504.9,2,juancg
3513,16661249,Yaohui,"2026-08-17 04:48:12",504.8,2,yaohui85
3514,16681441,"Lamiaa Al-bdrani","2026-08-07 04:25:50",504.7,1,lamiaaalbdrani
3515,16675215,"Viljen Apalset Vassbø","2026-08-06 22:24:44",504.4,2,viljenapalsetvassb
3516,16702980,GCSudarshanReddy,"2026-08-15 17:32:06",504.0,2,gcsudarshanreddy
3517,16652446,"tine.sh agent","2026-08-03 14:27:07",503.4,2,sidcodegg
3518,16665647,hr15de,"2026-08-14 09:40:11",503.3,2,hr15de
3519,16664401,"Pranav Premchand","2026-08-05 03:07:24",503.3,1,pranavpremchand
3520,16662646,"Jay Parsana","2026-08-09 18:07:10",503.2,2,jay051
3521,16658535,khanna.rohit5,"2026-08-10 05:00:31",503.1,2,khannarohit5
3522,16667759,"Nafis Fuad Shahid","2026-08-05 19:21:39",502.6,2,nafisfuadshahidd
3523,16701713,"Максим Хованский","2026-08-10 14:35:38",502.5,1,yeezynaizi
3524,16664064,lookapmaka,"2026-08-10 17:19:05",502.5,2,lookapmaka
3525,16725354,"Swaroop piduguralla","2026-08-16 06:51:05",502.3,2,pnsaimanitejaswaroop
3526,16661659,"Ivan Zagorulko","2026-08-05 10:53:13",502.3,2,normaldaki278
3527,16656579,"Riad Rayhan","2026-08-15 06:40:35",502.0,2,riadrayhan
3528,16658344,SOONHANKWON,"2026-08-13 07:07:17",501.9,2,soonabletv
3529,16676497,"Non-veg plants","2026-08-07 09:54:00",501.7,2,mohammadshadabshaikh
3530,16662293,"Alejandro Fonda","2026-08-13 02:43:00",501.7,2,alejandrofonda
3531,16676397,Rohan_Joshi6404,"2026-08-13 13:58:56",501.7,2,rohanjoshi6404
3532,16667615,"Zayd Mulani","2026-08-08 23:05:57",501.5,2,zaydmulani
3533,16693227,"Aniket Sharma","2026-08-12 02:38:13",501.3,2,aniketsharma00411
3534,16695828,rihiRule,"2026-08-11 13:40:24",501.2,2,rihirule
3535,16714425,sileza,"2026-08-13 12:57:35",501.2,1,azelis
3536,16623631,SeaEag1e,"2026-07-31 06:26:17",501.1,1,seaeag1e
3537,16660455,"Alex Kapend","2026-08-05 08:42:26",501.1,2,alexkapend
3538,16658498,cheesama,"2026-08-04 23:36:18",501.0,2,cheesama
3539,16663055,jainish_d24ce180,"2026-08-10 13:54:40",500.9,2,jainishshah35
3540,16729351,vlad.shorodok,"2026-08-16 18:05:09",500.8,2,vladshorodok
3541,16657574,harikrishnacs,"2026-08-04 12:28:53",500.6,2,harikrishnacs
3542,16709337,"Chris Turnbull","2026-08-11 22:15:57",500.4,2,christurnbull
3543,16692895,Manuf,"2026-08-16 20:13:55",499.8,2,manuelferromorales
3544,16695627,"Xu Lou","2026-08-09 13:01:23",499.2,2,xuxiaozhou666
3545,16732292,takaygiiiiiiii,"2026-08-17 12:05:07",499.1,1,takaygiiiiiiii
3546,16663804,"Fredy Meyer","2026-08-05 20:19:51",498.8,2,alexmeyerm
3547,16644765,MoeCode,"2026-08-17 08:42:15",498.6,2,syrianeagle
3548,16657587,PxlPau,"2026-08-04 14:37:52",498.2,2,studybeetutoring
3549,16666334,UnderBlade,"2026-08-05 09:56:11",498.2,2,"athillazaidan,kurtmikhael"
3550,16658202,"SNAEHATH P","2026-08-06 13:51:15",498.2,2,snaehath
3551,16669102,Ritik,"2026-08-07 18:11:13",498.1,2,xritikx
3552,16669516,GorgeousCookie,"2026-08-06 09:17:13",498.0,2,axellindqvist
3553,16719460,"Amon #2","2026-08-15 12:40:41",497.9,2,ezjameng
3554,16640810,まさやん,"2026-08-12 15:22:53",497.8,2,masayam1234
3555,16671670,"Karla Ziegler","2026-08-08 21:14:37",497.3,2,karlaziegler
3556,16685615,Spectra,"2026-08-07 16:14:32",497.2,2,thomaskressig
3557,16660413,Ritesh-2006,"2026-08-04 18:22:57",497.2,2,ritesh2006
3558,16731260,"Jeel Gajera","2026-08-17 07:49:45",497.0,2,jeelog
3559,16675385,Apex🦾,"2026-08-14 18:00:17",496.9,2,"raghadabdullara,renadahmadalamri,zzainh"
3560,16685904,KavYaHD,"2026-08-10 13:02:45",496.9,2,kavyahd
3561,16689877,Amr_Said1233,"2026-08-08 08:48:28",496.8,1,amrsaid1233
3562,16666873,"linli duan","2026-08-12 15:06:42",496.7,2,linliduan
3563,16674278,"Niels de Gier","2026-08-07 15:57:04",496.4,2,nielsdegier
3564,16652952,lackmind,"2026-08-07 20:19:36",496.3,2,lackmind
3565,16630662,Akshatjhawar777,"2026-08-05 12:18:30",496.2,2,akshatjhawar777
3566,16661717,"Yaswanth Ippili","2026-08-06 11:32:13",496.1,2,yaswanthippili
3567,16691790,"Akshay Sawant","2026-08-08 19:33:14",496.0,2,akshaysawant8983
3568,16658795,"Case Seller","2026-08-13 10:23:19",496.0,2,caseseller
3569,16670464,halfpintcider,"2026-08-11 20:02:25",495.7,2,"amoghdeshpande2021,visspric7"
3570,16657545,"Deepak Singh","2026-08-11 13:50:31",495.5,2,vihaannegi
3571,16716589,"Shaik Adilazeez","2026-08-13 09:29:44",495.3,1,shaikadilazeez
3572,16671532,"Yuri Nakayama","2026-08-13 11:34:55",495.1,2,yurinakayama
3573,16668522,"Moatez Litaiem","2026-08-06 16:57:54",495.0,2,moatezlitaiem04
3574,16730015,suzu10,"2026-08-17 08:43:17",495.0,2,suzu10
3575,16698570,MurphyIIVan,"2026-08-10 03:35:41",495.0,2,murphyiivan
3576,16670475,Adib,"2026-08-06 02:02:27",494.9,2,adibemohamed
3577,16681209,AgenticBuilder,"2026-08-13 18:44:29",494.9,2,gau2112
3578,16668141,"Soichiro Mochizuki","2026-08-07 22:13:36",494.6,2,soichiromochizuki
3579,16726168,"Shrey Modi","2026-08-15 19:42:14",494.4,2,shreymodi2
3580,16641622,datajanko,"2026-08-17 08:04:43",494.3,2,jankoch
3581,16670659,saumyagupta12,"2026-08-13 08:43:09",494.3,2,saumyagupta12
3582,16623054,"Max Bond ABE","2026-08-15 22:43:34",494.2,1,maxbondabe
3583,16660852,"K VISHALINI","2026-08-13 06:59:27",494.1,2,kvishalini
3584,16656951,"[Deleted] 6015b650-8e16-4705-8036-db40bdd2d353","2026-08-04 09:08:05",493.9,1,del=084ea76838ad756b
3585,16623071,"Santiago Maniches","2026-08-15 03:12:07",493.8,2,santmani
3586,16671913,res67,"2026-08-07 16:22:30",493.5,2,junyeanyap
3587,16692084,"Kaggri Farmers","2026-08-12 06:45:19",493.4,2,"jayant99acharya,satvikkolluru"
3588,16661751,"Shailaja J","2026-08-12 14:51:15",493.3,1,shailajaj
3589,16692373,"Ornevis Montero","2026-08-13 10:00:16",493.3,2,ornevisbolaosmontero
3590,16654258,"Ashray Bagde","2026-08-13 08:13:00",492.1,2,ashrayaaaaa
3591,16632503,"Wei Hsiang Lin111","2026-08-01 07:42:33",492.1,2,weihsianglin111
3592,16661453,"Disleve Kanku","2026-08-14 15:32:51",492.0,2,dislevekanku
3593,16623135,mohduwaishchaudhary,"2026-07-30 22:05:45",491.7,2,muwaish5
3594,16666479,"Prajwal Nivangune","2026-08-09 18:33:51",491.6,2,prajwalnivangune
3595,16678298,"RITIK CHAUDHRY","2026-08-10 13:34:35",491.6,2,ritikchaudhry13
3596,16709304,"Aleksey SCHUKIN","2026-08-17 05:13:31",491.4,2,alekseyschukin
3597,16706843,"yh z","2026-08-11 09:32:56",491.3,1,yhz123456
3598,16722487,Zotar,"2026-08-17 07:53:16",491.3,2,chunhinma
3599,16672687,Liz,"2026-08-16 01:52:34",490.7,2,lizgarcia3
3600,16634239,"Radhakrishnan Guhan","2026-08-04 05:23:51",490.6,2,rmsgrk
3601,16702935,"Defne Demir","2026-08-11 18:27:36",490.6,2,defnedemir
3602,16689286,"Telman Yusifov","2026-08-09 07:08:46",490.5,2,yusifovtelman
3603,16663976,"wangyang denis","2026-08-12 06:26:08",490.4,2,wangyangdenis
3604,16663864,RamónLópez,"2026-08-17 10:48:33",490.3,2,lopeznomar
3605,16717912,"Anu Kumari","2026-08-13 18:03:07",489.9,1,anuk16020
3606,16684436,Simon-the-sorcerer,"2026-08-16 00:02:44",489.7,2,simonwiller
3607,16659588,"Priya J","2026-08-14 05:57:46",489.5,2,priyaj21
3608,16721530,revv0o,"2026-08-15 13:58:34",489.5,2,revv0o
3609,16659269,"Bedirhan Dinçer","2026-08-10 20:26:46",488.6,2,bedirhandiner
3610,16688296,"Michael Pollind","2026-08-17 03:05:41",488.4,1,mpollind
3611,16700627,"Benedict Ebito Boyubie","2026-08-10 11:03:38",488.0,1,bboyubie
3612,16669168,"Kingsley Jide","2026-08-15 22:21:53",487.7,2,kingsleyjide
3613,16655296,"peeta pit","2026-08-17 05:04:08",487.5,2,peetapit
3614,16660228,"Ochuwa Pearl Isa","2026-08-06 09:29:36",487.2,2,pearlisa
3615,16669604,"Abhijit Pise","2026-08-16 18:08:05",487.0,2,abhijitpise
3616,16666944,"Meghnath S","2026-08-11 01:56:22",487.0,2,meghnaths
3617,16663258,sawe,"2026-08-05 17:07:24",486.6,2,boiihhh
3618,16658366,kuroneko,"2026-08-04 10:43:29",486.6,2,kurorosuke
3619,16666596,"Daumas Benjamin","2026-08-07 21:42:06",486.2,2,daumasbenjamin
3620,16732003,"HAO jia liu","2026-08-17 10:17:40",486.2,1,haojialiu
3621,16712633,"Andy Andy","2026-08-13 08:11:38",486.1,2,andy3373
3622,16662690,"Pablo Gomez Perez","2026-08-17 00:09:32",485.9,2,pablogp
3623,16674012,ahankesumah,"2026-08-16 07:34:05",485.9,2,ahankesumah
3624,16660515,"pooja sandali","2026-08-08 05:51:03",485.9,2,poojasandali
3625,16669945,"Turab Zaidi","2026-08-07 13:27:44",485.5,2,turabzaidi
3626,16668431,"Harshpreet Singh #2","2026-08-06 01:06:28",485.4,1,harshpreetsingh45
3627,16715988,"Hsyn Kskn","2026-08-17 07:45:20",485.1,2,hsynkskn
3628,16656608,"Jeffrey Dilley","2026-08-04 15:40:08",484.6,1,jeffreydilley
3629,16639727,"Andres Mohali","2026-08-13 23:03:25",484.5,2,mohax3
3630,16684401,WQAAAA,"2026-08-14 02:44:16",484.3,2,wqaaaa
3631,16721070,LiuChen1350,"2026-08-16 02:05:59",483.5,2,liuchen1350
3632,16659459,"Akandé Philippe ABIODOUN","2026-08-06 11:58:09",483.4,2,vrmelo
3633,16625418,"Hariprasanth Paranjothy","2026-08-01 05:52:19",483.3,2,hariprasanth8
3634,16728394,"Aisultan Davletkan","2026-08-16 13:01:38",483.3,1,aisdav
3635,16656304,"Gururaj Athani","2026-08-16 02:36:55",483.2,2,gururajathani
3636,16670596,prabalsingh_23,"2026-08-05 22:38:05",482.9,1,prabalsingh23
3637,16655316,Nader,"2026-08-10 14:49:21",482.7,2,naderamin
3638,16672292,"KARTIKEY PANWAR","2026-08-06 05:46:16",482.0,2,kartikeypanwar
3639,16716488,"Will Henderson290","2026-08-14 13:27:25",481.8,1,willhenderson290
3640,16711823,Abi_e,"2026-08-16 12:29:09",481.7,2,abidjacquelineanadi
3641,16661990,"Olaoluwa Abiodun","2026-08-05 14:57:07",481.5,2,laoluwaa
3642,16690197,"Ankit Kushwaha_06","2026-08-15 12:05:06",481.5,2,ankitkushwaha06
3643,16657198,"Sundareswaran Rajaguru","2026-08-15 10:36:37",480.5,2,thefool00
3644,16653385,"Vasilii Buzmakov","2026-08-16 18:35:44",480.4,2,vasiliibuzmakov
3645,16711374,Jascha,"2026-08-13 11:22:30",480.0,2,lippja
3646,16673013,TTT,"2026-08-15 03:49:12",480.0,2,tadahiroasami
3647,16720696,Ankit0017,"2026-08-14 10:16:58",479.9,2,ankit0017
3648,16669123,"Alex #2","2026-08-06 22:50:30",479.7,2,alxdfy
3649,16666216,missss,"2026-08-06 06:49:00",478.1,2,missssb
3650,16662428,"Sonu kumar","2026-08-06 06:00:43",478.0,2,sonukumar9142
3651,16706054,"ErrorX Info","2026-08-17 09:51:18",478.0,2,"errorxinfo,shyampatel47"
3652,16655997,tanatet8,"2026-08-16 15:07:42",477.8,2,tanatet8
3653,16695479,Anandhasabesan,"2026-08-09 13:50:37",477.8,1,anandhasabesan
3654,16658219,"Deepesh Pankaj","2026-08-15 05:58:07",477.3,2,deepeshpankaj
3655,16727059,ksankeerth1,"2026-08-16 17:36:57",477.3,2,ksankeerth1
3656,16633475,betagammashtrit,"2026-08-16 15:54:35",477.1,2,betagammashtrit
3657,16663981,"Steven Pun","2026-08-07 01:59:52",477.0,2,stevenpunn
3658,16686954,"Davie Mdumuka","2026-08-09 19:40:56",476.9,1,daviemdumuka
3659,16689344,"Shalini Gangrade","2026-08-09 13:17:30",476.8,2,shalinig1
3660,16644023,"Yiğit Efe Albaş","2026-08-02 18:34:39",476.4,1,yiitefealba
3661,16725349,"Saj Patel","2026-08-15 21:55:42",476.0,2,sajpatel15
3662,16670257,RonitKhanna333,"2026-08-12 12:22:11",475.9,2,ronitkhanna333
3663,16689970,"Константин Паращук","2026-08-08 09:15:08",475.6,1,kangchenxi
3664,16621610,NMarkS,"2026-08-05 10:24:47",475.6,2,nmarks
3665,16695177,"Ajith Bagali","2026-08-15 12:23:37",475.4,2,ajithbagali
3666,16663674,"Mason Mahar","2026-08-16 18:13:46",475.2,2,masonmahar
3667,16659720,Project_Kurukshetra,"2026-08-16 05:01:34",475.2,2,"chaitanyaterli05,lavanyayandapalli"
3668,16663286,"Fan Wang","2026-08-10 21:12:40",474.8,2,wangfan420
3669,16729650,"Tapiwa Makandigona - Zimbabwe21","2026-08-16 18:59:56",474.8,2,mukanya1994
3670,16691753,"Jan Moilanen","2026-08-09 12:02:17",474.2,2,janmoilanen
3671,16691891,"Gagan Thakur","2026-08-16 04:36:51",474.2,2,gaganthakur2006
3672,16726569,"Andrey Balvaneda","2026-08-17 02:22:29",474.2,2,andreybalvaneda
3673,16657063,"those how","2026-08-04 07:50:57",473.6,2,thosehow
3674,16662162,"THE predict","2026-08-13 21:18:25",473.3,2,vikaspal505
3675,16708896,"Alberto Scinetti","2026-08-13 19:18:11",473.1,2,albertoscinetti
3676,16623390,LocoFinde,"2026-08-16 18:36:01",473.0,2,dfhgfdghfdhg
3677,16665460,"Shubham kumar jha","2026-08-16 05:01:41",473.0,2,shubhamjhakr
3678,16624935,"Anjana mohan","2026-08-01 06:06:39",472.7,2,anjanamohan13
3679,16654947,"Ömer Hüseynov","2026-08-08 22:06:03",472.6,2,omarhuseynov
3680,16662081,Ayush_Bhaskar_25323010,"2026-08-08 19:49:56",472.6,2,ayushbhaskar25323010
3681,16656902,"Ram Chandra Gupta","2026-08-05 10:18:41",472.6,2,ramchandra142
3682,16691565,"Blu cky","2026-08-09 19:13:27",472.5,2,llmdablucky
3683,16712906,"Sharad Garg","2026-08-13 14:54:43",472.1,2,sharadgarg
3684,16653006,"anthony mbadiwe ikeme","2026-08-16 15:24:23",471.8,2,anthonymbadiweikeme
3685,16676726,"Manaswi Bansal","2026-08-16 06:28:05",471.7,2,manaswibansal
3686,16662964,"Tim Ogilvie","2026-08-13 13:18:59",471.5,2,timogilvie
3687,16681509,"Kethan Sai","2026-08-14 06:15:06",471.4,2,kethansaikoneru
3688,16707987,"Big Balls Entertainment","2026-08-12 10:18:24",471.1,2,"pavivin,semenkolesnikov"
3689,16663658,oriolgalceran,"2026-08-13 01:13:37",471.0,2,oriolgalceran
3690,16637342,SupremeWarrior108,"2026-08-13 20:38:58",470.3,2,supremewarrior108
3691,16669229,"Kayvan Sinha","2026-08-11 15:23:35",470.3,2,kayvansinha
3692,16665470,KanakoS,"2026-08-07 09:41:34",470.0,2,kanakos
3693,16667105,"Vikram Tiwari","2026-08-10 11:12:26",469.9,2,vikramtiwari
3694,16660929,ttkk,"2026-08-12 16:39:58",469.7,1,optimavia
3695,16667987,"Kunj Kansara","2026-08-05 13:41:26",469.7,1,kunjkansara
3696,16688159,"aildar &  slopernak & bobot","2026-08-10 23:55:29",468.8,1,"eldarkhisamutdinov,mernak,vladimirbagmanov"
3697,16666958,TinkerBotics,"2026-08-05 20:29:19",468.5,2,salosojaedwin
3698,16673583,"Priyanshu Jha","2026-08-16 08:10:08",468.5,2,codewithjha
3699,16715033,"Colton Byers","2026-08-17 10:41:50",468.2,2,coltonbyers
3700,16655630,askBillyWhatMamaDid,"2026-08-08 04:35:59",468.1,2,askbillywhatmamadid
3701,16661352,"Porch Goose","2026-08-04 17:09:27",468.1,2,jaclyndeem
3702,16710244,Bytemindd,"2026-08-16 07:22:19",468.0,1,"daisy023,sruthikanv,uthayanandhini,vajraparameswari"
3703,16661068,ZeViX,"2026-08-05 07:38:18",467.8,2,"codinggeek101,vedantkhete"
3704,16638019,Randynho,"2026-08-09 22:12:30",467.6,2,randynho
3705,16673310,dffzno1,"2026-08-14 01:44:55",467.5,2,joyzip
3706,16661382,CBenaventte,"2026-08-16 01:39:29",467.5,2,cbenaventte
3707,16643278,"Giovani Moresco","2026-08-06 05:30:45",467.4,2,giovanimoresco
3708,16666257,"Shijian Wen","2026-08-06 09:40:44",467.3,2,shijianwen
3709,16657438,"Udit Aggarwal1","2026-08-08 19:09:27",467.3,2,uditaggarwal1
3710,16656881,"Eugene Nyondo","2026-08-13 11:32:43",467.1,2,eugenenyondo
3711,16633786,tuannm3812,"2026-08-17 01:06:23",466.8,2,tuannm3812
3712,16663093,"Akul Sareen","2026-08-16 22:03:38",466.7,2,akulsareen
3713,16713366,BANKAI,"2026-08-16 15:24:28",466.6,2,igors97
3714,16693092,"Andrei Dzis","2026-08-10 18:28:15",466.1,2,dzisandy
3715,16663815,"Tetsuya Sasaki","2026-08-05 04:30:30",466.0,2,sasakitetsuya
3716,16685625,"silvan ion","2026-08-08 13:05:39",466.0,2,john1one
3717,16666665,Team-Veraxion,"2026-08-17 11:41:33",465.9,2,"anuragvelekat,ayushiitomar,faizmemon"
3718,16729669,HYPEREUCLIDEAN,"2026-08-16 21:38:53",465.7,1,hypereuclidean
3719,16679850,AryaGarg23,"2026-08-09 03:33:14",465.2,2,aryagarg23
3720,16702771,n_samii,"2026-08-14 01:20:08",464.9,2,nsamii
3721,16709318,"Jana Hagen","2026-08-13 17:12:15",464.9,1,janahagen
3722,16638938,Light&Thunder,"2026-08-09 06:39:19",464.6,2,yerne39
3723,16638383,"Yunus Emre Sarıduman","2026-08-12 12:57:08",464.3,2,emresariduman
3724,16701885,"Mehdi L.","2026-08-13 13:41:14",464.3,2,lmehdi
3725,16716585,"tejaswini kakollu","2026-08-13 09:12:37",464.1,1,tejaswinikakollu
3726,16712796,"Kumar Saurabh","2026-08-17 10:14:44",464.0,1,bakakaka
3727,16715912,"Hiroshi Sakiyama","2026-08-14 13:22:19",463.6,2,hiroshisakiyama
3728,16668068,"Neural Harvest","2026-08-13 15:41:58",462.8,2,meghashyampawar
3729,16662854,"NISCHAY SANJAY JIWANKAR 23115098","2026-08-13 05:38:18",462.7,2,nischay2908
3730,16664818,"B M Dimpu Shree","2026-08-07 05:49:06",462.7,2,bmdimpushree
3731,16723569,"Trishanth Mellimi","2026-08-15 07:09:55",462.3,2,trishanthmellimi
3732,16690812,zhangkai_0121,"2026-08-09 01:40:21",462.1,2,zhangkai0121
3733,16716670,"Aremanda Yasaswini","2026-08-13 09:27:46",461.9,1,aremandayasaswini
3734,16662319,ethan.ai,"2026-08-13 18:16:35",461.8,2,ethanai
3735,16658512,fatariq,"2026-08-10 21:18:35",461.8,2,fatariq
3736,16655737,Dharshini,"2026-08-08 15:00:05",461.7,2,dharshini1812
3737,16666275,"BYRON OKOU","2026-08-15 14:37:36",461.6,2,byronokou
3738,16675043,malibu_orange,"2026-08-09 06:03:15",461.5,2,malibuorange
3739,16662094,"moncef elm","2026-08-11 04:34:28",461.1,2,moncefelm
3740,16660294,"Mohamed Amadu Bangura","2026-08-04 16:14:07",461.1,1,mohamedamadubangura
3741,16664450,"Fritz Adelbertus","2026-08-10 01:13:44",461.1,1,fritzadelbertus
3742,16684225,"Aum Savaliya","2026-08-10 20:10:02",460.9,2,aumsavaliya
3743,16660489,"Luca Lullo","2026-08-05 20:21:38",460.8,2,lucalullo
3744,16730357,"t fuku","2026-08-17 10:18:17",460.6,2,"jjinho,ttyn4519"
3745,16629742,yun,"2026-08-15 09:10:21",460.4,2,yuyumarupython
3746,16716299,Biwaaa67,"2026-08-13 19:57:06",459.9,1,biwaaa67
3747,16632558,"Made a Beautiful Bouquet","2026-08-17 08:42:16",459.8,2,zaiwubian
3748,16662791,"Shiva Neshan yuva","2026-08-15 18:39:16",458.7,2,shivaneshanyuva
3749,16723301,mayukistarry,"2026-08-15 02:20:13",458.5,2,mayukistarry
3750,16658960,"Amit Kumar","2026-08-06 05:44:30",458.4,2,anmitkumar
3751,16721948,ziszim,"2026-08-16 15:54:45",457.8,2,ziszim
3752,16685207,"Koushik Thummu","2026-08-07 18:15:47",457.8,2,koushikthummu
3753,16659018,"Ramziddin Toxirov","2026-08-11 04:58:03",457.7,2,ramziddintoxirov
3754,16653001,"Alexey Kuleshov","2026-08-04 12:07:51",457.4,2,alexkulll
3755,16660939,"Quenux Studio","2026-08-12 17:01:46",457.2,2,dieguis1976
3756,16670188,orivael,"2026-08-05 21:20:17",457.1,2,orivael
3757,16709179,"SATENDRA SINGH","2026-08-16 05:38:21",456.9,2,satendrasingh9876
3758,16641330,"Takuya Yoshimi","2026-08-04 05:16:22",456.8,2,tkyysm
3759,16715831,"Ammar Khan","2026-08-14 19:59:05",456.7,2,ammarkhan05
3760,16678633,"Tanishq Tayade","2026-08-11 10:29:59",456.6,1,tanishqtayade
3761,16644415,Ztrk,"2026-08-10 22:32:07",456.4,2,ztrk123
3762,16696384,Sisu16,"2026-08-13 20:13:27",456.2,2,sisu16
3763,16664514,"Henry Adjanor tetteh","2026-08-12 00:43:41",456.1,2,henryadjanortetteh
3764,16677747,"Yuvraj Bhatt","2026-08-10 08:38:11",455.8,2,bhattyuvraj22
3765,16664671,Acteus,"2026-08-06 00:01:12",455.7,2,acteus
3766,16634219,"Michael J Hammel","2026-08-01 11:37:10",455.6,2,michaeljhammel
3767,16626105,sasaki,"2026-07-31 15:58:13",455.4,2,rsasaki
3768,16667177,"Raunak Phull","2026-08-10 11:14:44",455.3,2,raunakphull4
3769,16705696,"TS Farmer","2026-08-13 11:22:09",455.1,2,"shivangkainth,tusharsekhri27"
3770,16702742,"Kavyanshu Singh","2026-08-11 10:47:02",455.1,2,kavyanshusingh
3771,16655689,花朝,"2026-08-05 04:10:02",454.9,2,xhxyyds
3772,16665400,FieldOps,"2026-08-10 16:16:03",454.5,2,sycpr1me
3773,16634352,"sovit karki","2026-08-12 17:21:13",454.2,2,sovitkarki
3774,16713291,Lperalt,"2026-08-17 03:34:47",454.1,1,lucianobastidas
3775,16691667,jeremyllll,"2026-08-12 03:30:26",454.1,2,jeremyllll
3776,16696419,detectivseb,"2026-08-12 10:34:45",453.9,2,detectivseb
3777,16710417,"Aryant Jadhav","2026-08-15 18:57:18",453.5,2,aryantjadhav
3778,16722757,"Sebastian Adamatzky","2026-08-14 19:10:23",453.5,2,sebastianadamatzky
3779,16665829,Shadowfishes,"2026-08-16 05:54:34",453.0,2,"boandme,ronitagarwal1,shauryasahdev2"
3780,16726381,"Adriana Redondo","2026-08-15 19:39:41",452.9,1,adrianaredondo
3781,16671512,"Darren Grendi","2026-08-10 00:38:51",452.8,1,darrengrendi
3782,16668523,Bumblerrr,"2026-08-06 19:46:02",452.6,2,bumblerrr
3783,16691027,"Jelle Maas","2026-08-08 14:58:19",452.6,2,jellemaas
3784,16630007,"Yuankun Liu","2026-07-31 15:48:13",452.5,2,lyk1652
3785,16684677,"Sean Southwick","2026-08-10 01:09:27",452.3,1,seansouthwick
3786,16675093,"Nikhil Srivastava","2026-08-15 08:47:12",452.3,2,nikhilsrivastavark
3787,16689349,"Adunola Abdulrahman","2026-08-10 17:38:47",451.9,2,adunolaabdulrahman
3788,16723614,"James Atteh","2026-08-15 19:34:17",451.8,2,jamesatteh
3789,16710241,"Julien Serbanescu","2026-08-12 14:32:50",451.7,2,julienserbanescu
3790,16657712,"samuel job Adeola ","2026-08-14 23:48:00",451.7,2,samueljobadeola
3791,16688364,"Om Raval08","2026-08-10 02:41:27",451.6,2,omraval08
3792,16679392,Dickie,"2026-08-09 09:05:10",451.5,2,dickieho
3793,16727219,"Chukka Venugopalam","2026-08-16 04:23:18",451.4,1,chukkavenugopalam
3794,16660653,"yuvaraj kanchana","2026-08-07 21:55:16",451.3,2,yuvarajkanchana
3795,16671714,"Donnell Layne","2026-08-07 15:40:35",451.2,2,jupiter1127
3796,16694146,"JIlong Zhou","2026-08-17 02:13:10",451.0,1,acemaker
3797,16692825,"Saad Arain","2026-08-09 12:27:08",450.7,2,saad451
3798,16721495,"404 Crop Not Found","2026-08-15 17:05:24",450.7,2,"aiprojector,boazx15"
3799,16691704,"Rahman Aliyev","2026-08-15 10:47:04",450.4,2,rahman4li
3800,16658227,Gugu888,"2026-08-14 04:27:57",450.3,2,gugu888
3801,16640683,Jason-Oh,"2026-08-10 04:09:09",450.3,2,dossantoss
3802,16665449,AgroVisionAI,"2026-08-11 19:52:49",450.2,2,"aishwaryvarshney,bhuppisharma,kirtisharmaphd,pragyasingh59,priyasingh0590"
3803,16656190,"Akshaj Shandilya","2026-08-06 03:14:36",449.7,2,akshajshandilya
3804,16719603,"sravan Tirumala","2026-08-14 03:05:43",449.6,1,sravantirumala
3805,16668159,ABDELGHANY,"2026-08-12 11:04:36",449.4,2,abdelghanyrageh
3806,16657883,jps,"2026-08-06 08:36:04",449.3,2,jahaziel
3807,16709754,"Simon Preuss","2026-08-12 16:39:55",449.3,2,simonpreuss01
3808,16632118,nk,"2026-08-16 14:45:20",449.2,2,nagatakengo
3809,16663576,Yurnero,"2026-08-04 21:24:04",449.0,1,samson8
3810,16728881,Ch.Manvita,"2026-08-16 16:33:52",448.8,2,chmanvita
3811,16668286,"Sabari V","2026-08-15 14:38:41",448.7,2,sabari112005
3812,16656946,"Sambit Padhan","2026-08-05 10:10:10",448.5,2,sambitpadhan
3813,16658116,Emmy,"2026-08-16 14:42:01",448.2,2,emmyone
3814,16673825,h_jun,"2026-08-10 06:21:12",447.6,1,lhjoon77
3815,16654688,"Terrell Millz","2026-08-10 16:08:33",447.6,2,terrellmillz
3816,16640067,"minghao mei","2026-08-02 09:57:29",447.1,1,minghaomei
3817,16669218,"Shaik Sabiya","2026-08-12 09:15:22",446.8,2,shaiksabiya55
3818,16723779,Matheubern,"2026-08-17 02:38:32",446.7,2,matheubern
3819,16670724,"Neel Patel","2026-08-14 19:33:43",446.6,2,n33lpat3l
3820,16676327,shu10038,"2026-08-17 10:36:59",446.4,2,shu10038
3821,16664454,"Naga Vinay Avvaru","2026-08-05 07:04:44",446.3,2,anagavinay
3822,16670565,"Grant Biellak","2026-08-05 22:52:01",445.9,2,grantbiellak
3823,16662615,"Anurag irawit","2026-08-08 20:18:31",445.4,2,anuragirawit
3824,16628404,theken,"2026-08-09 12:19:19",445.4,2,theken
3825,16700207,"S. Mujtaba Hussain","2026-08-17 05:58:57",445.4,2,smujtabahussain
3826,16676974,"Deveshwar U","2026-08-06 18:49:27",445.1,2,deveshwaru
3827,16692782,"Andres Regino","2026-08-16 19:26:54",445.0,2,andresregino
3828,16641665,huangjunjia,"2026-08-04 14:12:26",445.0,2,huangjunjia777
3829,16723045,"Albert Einstein F Muritiba","2026-08-15 02:42:02",445.0,2,spideryzarc
3830,16661891,BALLEN1337,"2026-08-04 19:22:30",444.9,2,ballen1337
3831,16726769,"Ci Zhu","2026-08-16 07:03:55",444.8,2,zhuci1993
3832,16729157,HahaTaco,"2026-08-16 16:55:03",444.6,2,hahataco
3833,16668592,"Ashutosh jatav","2026-08-09 13:34:45",444.3,2,ghost1412
3834,16658519,"David kinyanjui","2026-08-14 08:52:50",444.2,2,davidkinyanjui
3835,16658882,"toukali samir","2026-08-07 13:43:05",444.1,2,toukalisamir
3836,16710564,"Clarice Harijanto","2026-08-14 04:28:13",443.5,2,clariceting
3837,16658817,"Andrew Glez","2026-08-04 12:10:17",443.3,1,andgos
3838,16715942,_@HimShukla23,"2026-08-13 09:37:23",443.2,1,himshukla23
3839,16667101,SundharSteyn,"2026-08-08 06:59:52",443.0,2,sundharsteyn
3840,16716649,"Meghana Busse","2026-08-13 09:33:08",442.7,1,meghanabusse
3841,16711383,"Monika Kocianova","2026-08-14 11:01:11",442.4,2,monikakocianova
3842,16668268,"Kunal Rout","2026-08-06 05:48:25",442.3,2,charlotte26
3843,16682353,"counter puncher","2026-08-15 10:04:50",442.2,2,ahmadabdoumalickdiop
3844,16682342,"Jebez Oswald","2026-08-10 05:38:15",442.2,2,jebezoswald
3845,16658320,"Justin Eight","2026-08-17 05:36:29",442.1,2,justineight
3846,16717797,"patan hashmi","2026-08-13 15:02:52",442.0,1,patanhashmi
3847,16677950,"Rounak Laddha","2026-08-15 01:47:41",441.9,1,rounakladdha
3848,16654788,bumbum,"2026-08-14 12:59:51",441.4,2,krzysztoff1
3849,16685649,YUYUTA,"2026-08-09 05:39:50",441.3,2,yuyuta
3850,16654213,"Hojin Jang","2026-08-12 12:32:19",441.2,2,hojinjang
3851,16675324,"Attempt Seven","2026-08-10 10:13:50",440.9,2,attemptseven
3852,16641606,"Tanisha Sahu","2026-08-02 14:39:27",440.7,2,tanisha3
3853,16669935,"Roman Svet","2026-08-10 14:20:38",440.7,1,romansvet
3854,16689064,Midhun-4126,"2026-08-16 17:49:03",440.5,2,midhun4126
3855,16655250,"Juan Pablo Ponce","2026-08-08 03:34:18",440.3,2,juanpabloponce28
3856,16663777,"Mortis Beans","2026-08-16 14:35:59",440.2,2,mortisbeans
3857,16639067,"ToMY F.","2026-08-11 11:34:31",440.0,1,tomyfdev
3858,16662204,SM_30,"2026-08-16 10:10:12",439.9,2,sagarmane104
3859,16663990,"OURNO PAPA SALIF","2026-08-07 23:18:43",439.8,2,belfiremine
3860,16666577,"Jatin khandelwal112","2026-08-05 11:26:41",439.6,2,jatinkhandelwal112
3861,16637762,"Greek olive oil","2026-08-09 19:56:48",439.5,2,alexanderchar
3862,16682108,"Shadow Monarch","2026-08-17 06:45:10",439.2,2,avinashk01
3863,16677804,"Pravin Takpire","2026-08-11 08:17:51",439.2,2,pravintakpire
3864,16677470,"Saish Walavalkar02","2026-08-09 12:44:51",439.1,2,"harichaudhari1,kaiserjayin,meetramjiyani,nirbhaygajabi30,saishwalavalkar02"
3865,16693147,"Oliver Curtis1","2026-08-09 14:51:57",439.0,2,olivercurtis1
3866,16687699,jegazhu,"2026-08-13 22:25:15",438.8,2,jegazhu
3867,16706257,dlv,"2026-08-13 11:11:14",438.6,2,ducott1
3868,16662267,"Fahim Montasir","2026-08-10 16:15:10",438.3,2,fahimmontasir
3869,16671519,"Mandhati Sai ganesh","2026-08-06 06:36:45",438.2,2,mandhatisaiganesh
3870,16655891,"Yukihito Ikoma","2026-08-13 08:14:16",438.0,2,yikoma
3871,16690098,"Akshay Kashyap","2026-08-10 17:10:28",437.9,2,akshaykashyapakku
3872,16661002,"Eliyas sk","2026-08-05 13:00:35",437.7,2,eliyassk
3873,16656472,angusdddsa,"2026-08-04 06:04:22",437.6,2,angusdddsa
3874,16711497,"Korvi sai kumar","2026-08-13 08:02:21",437.5,1,korvisaikumar
3875,16681397,"Vishal Dubey","2026-08-11 08:51:13",437.3,2,visha1dubey
3876,16659312,qwertyDmitry,"2026-08-05 13:44:24",437.3,2,qwertydmitry
3877,16681188,"Tresor Mufalme.","2026-08-08 09:29:05",437.3,2,tresormufalme
3878,16683087,qiuchenglong,"2026-08-07 09:25:48",437.1,2,qiuchenglong
3879,16692710,"Baran Haydar","2026-08-12 06:56:50",436.6,2,baranhaydar
3880,16621165,"xisheng feng","2026-07-31 01:31:47",436.5,2,xishengfeng
3881,16690775,"Prasanna Raut","2026-08-08 20:41:38",436.2,2,prasannaraut
3882,16716322,zhaimh,"2026-08-14 02:43:21",435.9,2,zhaimh
3883,16662197,"Zehra Basaral","2026-08-07 10:42:57",435.3,2,zehrabaaral
3884,16668673,"kyran sinha","2026-08-14 14:21:34",435.3,2,kyransinha
3885,16675218,데미안과마루,"2026-08-08 02:38:06",435.1,2,siver3
3886,16639624,"Nishanth Rajan","2026-08-02 03:25:35",434.9,2,nishanthrajandev
3887,16669176,"Karakam Sridevi","2026-08-11 07:44:48",434.9,2,karakamsridevi
3888,16654330,"Perumalla Pujitha","2026-08-12 18:09:24",434.7,2,perumallapoojitha
3889,16656932,"Thivvin Raj","2026-08-13 03:53:35",434.3,2,thivvinraj
3890,16675866,DanilChil,"2026-08-11 20:36:31",434.2,2,danilchil
3891,16683400,"wo zhe yi sheng ru lu bo bing","2026-08-10 16:53:48",434.0,2,"ivanlo103,panckck,waijai"
3892,16661351,"Adekojo Adeyemi","2026-08-04 15:25:52",434.0,1,adekojoadeyemi
3893,16675048,Wizard_King,"2026-08-06 19:35:41",433.9,2,anshumanrayy
3894,16642139,"Arnav Goel","2026-08-06 13:02:13",433.9,1,arnavgoel17
3895,16659260,hitesh,"2026-08-05 19:29:28",433.9,2,shahhs
3896,16721675,stork8i,"2026-08-14 13:16:26",433.7,1,stork8i
3897,16700360,"Thanush Soma","2026-08-10 09:49:02",433.5,2,thanushsoma
3898,16633737,nrg,"2026-08-04 20:19:50",433.4,1,nargizaskarbekkyzy
3899,16630772,"Mitsuhiro Iizuka","2026-08-04 10:31:00",433.4,2,mitsuhiroiizuka
3900,16625615,"Mobeen Fatima","2026-08-01 14:20:07",433.1,2,mobeenfatimah
3901,16677761,"Rithuraj Nambiar","2026-08-06 18:11:41",433.1,2,rithurajnambiar
3902,16674725,"rajan jha","2026-08-13 12:05:42",433.0,2,rajan1673
3903,16661132,"Jia Chen","2026-08-06 20:07:01",432.5,2,jiachenjasper
3904,16717522,kyunyoung,"2026-08-14 07:16:00",432.4,2,kyunyoung
3905,16661462,"Dania Amer","2026-08-14 21:07:53",431.4,2,dania35
3906,16705328,"Ester Arias","2026-08-17 04:58:20",431.3,2,esterarias
3907,16671666,showtree,"2026-08-07 01:59:30",431.1,1,showtree
3908,16659394,"יוסף בש","2026-08-09 15:11:23",430.8,2,josiii123212
3909,16666590,"Hoàng Anh Tú","2026-08-12 23:59:58",430.2,2,anhtu9999
3910,16660980,"João Marcelo Curi","2026-08-05 18:31:19",430.1,2,joomarcelocuri
3911,16638343,"Phong Khoi","2026-08-04 12:20:52",429.8,2,phongkhoi
3912,16682345,Gordy,"2026-08-17 09:07:48",429.8,2,gordyii
3913,16660531,greySnow,"2026-08-08 00:36:32",429.7,2,shlomoron
3914,16641140,NITISH_GOYAL1,"2026-08-13 06:49:44",429.4,2,nitishgoyal1
3915,16655257,"Afia Animah Fosu","2026-08-04 18:21:50",429.2,2,afiaanimahfosu
3916,16666997,"Krishnamurthy Venkatasubramanian","2026-08-05 15:09:46",428.9,2,krishnamurthyvenkat
3917,16671779,"Syed Jawad","2026-08-16 19:59:34",428.7,2,syedjawad11
3918,16660568,Fascetta,"2026-08-07 20:48:53",428.5,2,fascetta
3919,16683136,"Stefano Ciaci","2026-08-16 14:47:29",428.4,2,stefanovcciaci
3920,16668012,"Aleksander Iżemski","2026-08-05 20:52:54",428.4,2,aizemski
3921,16660397,Divyansh82Raj,"2026-08-04 15:01:28",428.2,2,divyansh82raj
3922,16696439,VaraPrabha,"2026-08-10 04:36:00",427.8,2,galiveetipoornima
3923,16641294,YogeshG22,"2026-08-03 17:58:51",427.5,2,yogeshg22
3924,16685164,cleanledger,"2026-08-07 13:38:23",427.3,2,cleanledger
3925,16659410,TTH,"2026-08-07 08:21:16",427.3,2,tthungdz
3926,16656135,"JAYASURYA R","2026-08-05 15:43:01",427.3,2,suryar261
3927,16721533,"Lakshya Sharma","2026-08-16 06:01:34",427.2,2,lakshyasharma007
3928,16659533,"Pavan Desai","2026-08-10 16:29:20",426.7,2,pavancdesai
3929,16690947,"Veiled Star","2026-08-10 13:36:49",426.7,2,veiledstar
3930,16700685,"Preeti Dhotmal","2026-08-15 19:15:24",426.6,2,preetidhotmal
3931,16629476,NOOBS,"2026-08-09 19:58:48",426.6,2,"patelkrishna8,sakshamranawade,shravanideshpande25"
3932,16730191,rRTZZZ,"2026-08-17 02:43:14",426.0,2,rrtzzz
3933,16692906,CodeZee,"2026-08-09 19:50:49",425.5,2,codewithzaeem
3934,16680015,"Khôi Trương","2026-08-10 01:11:55",425.2,1,kiykhoi
3935,16661095,"AAYUSHMAAN PATEL","2026-08-09 08:16:53",425.2,2,aayushmaanpatel
3936,16624990,"Tanjim Ahmed Kingshu","2026-08-02 07:05:52",424.8,2,tanjimahmedkingshu
3937,16661034,"Devesh Mehta","2026-08-04 17:53:22",424.8,2,deveshmehtaaie
3938,16690077,"GOMATHI PRIYA","2026-08-13 06:38:45",424.5,2,gomathipriyaraj22
3939,16635130,Pongsaky,"2026-08-01 12:56:02",424.5,2,gantanch
3940,16658733,luoqiuy,"2026-08-04 10:46:04",424.1,2,luo912
3941,16711573,"Sushmitha Vasantha","2026-08-13 09:08:29",424.0,1,sushmithavasantha
3942,16653105,James,"2026-08-10 11:31:20",423.8,2,jamesquirk
3943,16659688,Daniel,"2026-08-05 12:21:37",423.7,2,danielyazgi
3944,16666115,"Iam Intolerable","2026-08-06 07:48:28",423.0,2,iamintolerable
3945,16624102,Khadersha.sk,"2026-08-03 02:45:03",422.9,2,khadershask
3946,16656480,"Dip Biswas","2026-08-07 04:35:56",422.6,2,dipjacobiswas
3947,16673167,Karam96,"2026-08-08 11:40:36",422.6,2,karam96
3948,16661390,"Raúl García Gómez","2026-08-04 17:04:39",422.6,2,corso138
3949,16653728,"Iswar Patra","2026-08-14 04:27:17",422.1,1,iswarpatra
3950,16695592,"André Luiz Pedroso","2026-08-09 11:59:19",422.1,1,andreluizpedroso
3951,16696800,"VEER GOMA","2026-08-14 15:42:47",421.0,2,novaxoxo
3952,16705300,T3485D5T,"2026-08-15 14:37:05",421.0,2,"danijelbilalli,t3485d5t"
3953,16731108,"Vipparla Nandini","2026-08-17 06:29:48",420.9,1,vipparlanandini
3954,16670812,"Brian Toman","2026-08-09 15:56:22",420.9,2,briantoman
3955,16662967,"Amalio Gomez","2026-08-04 22:07:16",420.6,1,amaliogomez
3956,16662933,"Marcelo Pereira","2026-08-11 20:20:53",420.4,2,marcekkusrp
3957,16694497,Kawai,"2026-08-16 13:08:55",420.4,2,"lavendermoon19,sumitwod"
3958,16658011,"Arooba Hanif","2026-08-05 07:24:53",420.3,2,aroobahanif
3959,16692427,"Infy ","2026-08-09 20:48:09",420.3,2,infydes
3960,16712257,Banarto,"2026-08-13 07:49:16",420.2,1,banarto
3961,16665996,AVATAR3905,"2026-08-06 18:14:01",420.2,2,avatar3905
3962,16668428,"Yassine Brahem","2026-08-13 00:15:05",420.2,1,yassinebrahem2
3963,16657056,"Jacob Ross Piedad","2026-08-06 12:15:14",420.0,1,jacobrosspiedad
3964,16656919,Sumaiya,"2026-08-09 07:00:50",419.9,2,ayeshasummaiyya
3965,16658319,"Huỳnh Nguyễn Trọng Tín","2026-08-06 06:23:40",419.8,2,tnhunhnguyntrng
3966,16658897,"Teja Pattem","2026-08-07 10:42:44",419.6,2,tejapattem
3967,16716594,"U Anand Williams","2026-08-13 09:19:09",419.2,1,uanandwilliams
3968,16688859,"Muhammad Fayaz Khan","2026-08-08 06:36:02",419.0,2,mfayazkhan
3969,16706321,lumen,"2026-08-13 07:53:12",418.8,2,lumenyuto
3970,16649794,"Wanzhu Zhao","2026-08-04 13:04:05",418.5,2,wanzhuzhaora
3971,16716497,xpxg,"2026-08-16 17:04:22",418.5,2,deepxchat
3972,16668034,ggggalaxy,"2026-08-16 12:57:58",418.1,2,ggggalaxy
3973,16662079,"Farrukh Hussain","2026-08-17 11:32:14",418.0,2,farrukhhussai
3974,16668453,"Kawish Hassan","2026-08-05 16:51:03",417.7,2,kawishhassan
3975,16655652,Emergence,"2026-08-10 03:21:04",417.5,2,daylighth
3976,16628409,"yann sadowski","2026-07-31 09:39:25",417.5,1,yannsadowski
3977,16690166,"Niteshwar Mishra","2026-08-08 10:02:22",417.0,2,niteshwarmishra
3978,16636643,"Babul Kumar","2026-08-02 07:46:50",416.7,2,babulkumar07
3979,16622097,"Garrick C.P.","2026-08-10 18:12:06",416.5,2,garrickchinnis
3980,16657145,"Shudipto Trafder","2026-08-04 19:25:24",416.3,1,iamsdt
3981,16682667,"zeel vavliya","2026-08-07 07:02:55",416.2,1,zeelvavliya
3982,16658391,"Jack #2","2026-08-17 11:37:36",416.0,2,jack1233
3983,16652230,BorisSpider,"2026-08-13 11:34:46",416.0,2,borisspider
3984,16635243,MlMlDev34,"2026-08-01 11:26:52",416.0,2,mlmldev34
3985,16657142,"Vishisht Gupta","2026-08-16 16:16:54",415.8,2,vishishtgupta
3986,16664506,"Jonatan Asketorp","2026-08-17 06:27:15",415.3,2,weft169aston
3987,16656732,"Shivam Kashyap","2026-08-04 05:28:03",414.7,1,shiyan0090
3988,16655446,"Ismael Omar Leonidas Hurtado Vargas","2026-08-04 00:07:01",414.2,1,ihurtadov
3989,16698739,"Sahrul Adicandra","2026-08-11 04:06:08",413.9,2,sahruladicandra
3990,16731458,"Arthur Baygildin","2026-08-17 10:06:55",413.8,1,arthurbaygildin
3991,16624235,appu2431,"2026-08-11 15:56:41",413.5,2,appu2431
3992,16658684,"Takayuki Michishita","2026-08-06 06:25:20",413.1,2,takayukimichishita
3993,16715097,"Yusuf Yavuz","2026-08-13 00:25:40",412.8,1,yusufyavuzz
3994,16694314,"Ali Abbas Baig","2026-08-10 03:42:41",412.5,2,aliabbasbaig
3995,16665980,cshara,"2026-08-06 08:41:16",412.4,2,cshara
3996,16701902,"Matthew Souza Chong","2026-08-11 05:58:50",412.3,2,matthewsouzachong
3997,16668471,Broomva,"2026-08-05 14:57:35",412.2,1,broomva
3998,16663738,"Handre Bezuidenhout","2026-08-04 23:27:08",412.1,2,handrebezuidenhout
3999,16667766,vasujain7,"2026-08-12 19:25:46",412.0,2,vasujain7
4000,16718828,"Tejas Nisar","2026-08-16 15:37:00",411.8,2,tejasnisar
4001,16660341,"Nefise Aybar","2026-08-04 12:37:29",411.4,2,nefiseaybar
4002,16667033,"Geethika Sandireddy","2026-08-15 07:04:31",410.5,2,geethikasandireddy
4003,16687788,skalermo,"2026-08-15 21:07:42",410.5,2,skalermo
4004,16655729,"Arnab Mallick","2026-08-04 02:41:48",408.9,2,arnabmallick24
4005,16674394,"Ishant Mittal","2026-08-08 09:24:57",408.8,2,ishantmittal95
4006,16652805,"Rodrigo Batista da Silva","2026-08-13 13:35:19",408.8,2,eurodrigobatista
4007,16710906,Krunal.ix,"2026-08-12 07:06:58",408.4,1,krunalix
4008,16660992,"Vishnu Vardhan Dumpala","2026-08-05 18:17:30",407.4,1,vishnuvardhandumpala
4009,16662577,"Shreyash Suryawanshi","2026-08-05 07:34:10",407.0,2,shreyashsuryawanshi
4010,16678653,Wzjj98,"2026-08-06 19:31:39",406.9,1,wzjj98
4011,16719172,"Victor Carriço","2026-08-17 02:27:00",406.6,1,kronossaurus
4012,16657687,"Siddardha Shayini","2026-08-04 14:23:48",406.0,2,siddardhashayini3
4013,16630372,Q.qlmmm,"2026-08-03 21:38:41",406.0,2,qlammi
4014,16713236,kingofeverything,"2026-08-17 02:43:35",405.9,1,"kingofeverything,skyyyang"
4015,16666218,"sugan Chandrasekar","2026-08-16 11:02:09",405.8,2,suganchandrasekar
4016,16662874,"Dev Shah","2026-08-08 01:52:52",404.7,2,imdevshah11
4017,16655811,"Duy Trần","2026-08-04 08:23:27",404.6,1,duyqtrn
4018,16719745,"Mikhael Dhika","2026-08-15 02:23:27",403.7,2,mikhaeldhika
4019,16660899,"Clarence Trinidad","2026-08-07 17:53:59",403.5,2,claree007
4020,16685785,KSAI,"2026-08-14 05:58:21",403.1,2,kishan2112004
4021,16675610,"Srikar Medisetti","2026-08-06 15:08:15",403.0,2,deathaunter
4022,16657729,"Kandregula V S S V P Krishna Murthy","2026-08-08 15:29:35",402.9,2,kkandregula
4023,16646644,BeyondBirthday,"2026-08-09 06:39:01",402.8,2,near07
4024,16632620,"[Deleted] d9d74cbb-c76e-4fbb-a4bf-35e25b48627d","2026-08-08 16:00:16",402.1,2,del=c21e6a8a03ad3b3c
4025,16716713,"T Vamsi Krishna","2026-08-13 09:37:43",402.1,1,vamsee3763
4026,16689841,Pavani2325,"2026-08-08 10:00:56",401.9,2,pavani2325
4027,16690163,"Abhay Upadhyay","2026-08-08 18:05:54",401.9,2,abhay18s
4028,16706516,"Mohit Khade13","2026-08-15 18:02:24",401.6,2,mohitkhade13
4029,16687403,"Raja Sai Vardhan","2026-08-09 08:19:22",401.1,2,rajasaivardhan
4030,16719551,JamesYip7,"2026-08-14 12:57:58",401.1,2,jamesyip7
4031,16700187,"adrian purnama","2026-08-10 10:50:45",401.0,1,adrianpurnama
4032,16677732,"Alessandro Mermali","2026-08-06 20:52:35",400.9,2,alessandromermali
4033,16683178,soulasin,"2026-08-07 14:32:26",400.7,2,soulasin
4034,16660246,taqnik,"2026-08-08 11:54:39",400.6,2,taqnik
4035,16729202,Sven,"2026-08-16 19:14:53",400.2,2,sventleman
4036,16727044,"Kai Leisten","2026-08-16 10:19:42",400.2,2,kaileisten
4037,16723273,"Bradley ZODOME","2026-08-16 18:36:30",400.0,2,bradleyzodome
4038,16660099,Desireog71,"2026-08-08 15:01:19",399.7,2,desireog71
4039,16693949,"Eric Worrall","2026-08-16 00:39:43",399.5,2,ericworrall
4040,16694264,"Vansh Visariya","2026-08-10 09:00:11",399.4,2,vanshvisariya
4041,16705294,"zhenf Liu","2026-08-11 07:51:06",399.3,2,zhenfliu
4042,16666171,"JD Crew","2026-08-06 12:52:58",399.3,2,"abhijnanpodder,ahsafabid"
4043,16722502,Gamblr,"2026-08-17 05:33:21",399.2,2,sahiltks
4044,16676416,"Abhishek Mishra","2026-08-10 10:09:30",399.2,2,abhishekmishra23
4045,16661191,"Yudha Eka Saputra","2026-08-04 19:28:31",399.0,2,yudhaekasaputra
4046,16656143,"Debanshu Mallick","2026-08-07 05:27:56",398.1,1,debanshumallickiisc
4047,16728261,"Smit Deshaval","2026-08-16 10:39:34",397.9,1,smitdeshaval11
4048,16661551,SimonAx,"2026-08-10 09:41:59",397.5,2,simonaxel
4049,16723404,"Mahdi Al Hajji","2026-08-16 01:28:28",397.4,2,mhh1430hacker
4050,16662403,"ulaş özen","2026-08-05 19:49:16",397.1,2,ulazen
4051,16655919,"Tạ Minh Lễ","2026-08-04 06:46:45",397.0,2,tminhl
4052,16709165,"Yooraj Gole","2026-08-13 18:10:17",396.7,1,yoorajgole
4053,16665252,"Harsh Katara","2026-08-05 06:51:14",396.3,1,harshkatara
4054,16656351,"Triet Ho","2026-08-07 07:27:33",395.8,2,trietho247
4055,16660436,turkenm,"2026-08-06 13:03:36",395.7,2,turkenm
4056,16682908,"Masha Mashallah","2026-08-12 14:01:15",395.4,1,mashamashallah
4057,16691936,"Adhar Chaudhari 07","2026-08-09 08:13:35",393.8,2,adharchaudhari07
4058,16669725,chosunghwan,"2026-08-06 03:52:24",393.7,1,chosunghwan
4059,16669535,sakshitantak,"2026-08-08 05:16:32",393.2,2,sakshitantak
4060,16690183,ankit8924praj,"2026-08-14 15:43:56",393.0,2,ankit8924praj
4061,16668340,"Sibi Vishnu","2026-08-08 10:35:33",392.7,2,sibivi
4062,16668271,"Shashank Raj","2026-08-06 14:27:00",392.7,2,ssr6156
4063,16673152,"Arijit Raj","2026-08-06 08:23:14",392.7,2,arijitraj02
4064,16667080,King-damon,"2026-08-14 10:26:49",392.6,2,kingdamon
4065,16662659,"Chiziterem Eze","2026-08-11 12:20:48",392.0,2,chiziteremeze
4066,16624029,"Miguel Angel Rodriguez Fonseca","2026-08-07 03:55:38",391.4,2,miguelangelrodriguez
4067,16665907,"Jonathan Saina","2026-08-16 14:48:56",391.1,2,jonathansaina
4068,16731447,"Rúben Martins","2026-08-17 12:00:58",390.9,2,rubenmartins10
4069,16684308,Itsside_jay,"2026-08-07 11:46:48",390.8,1,itssidejay
4070,16628190,Horizonx30,"2026-08-09 18:06:56",390.5,2,horizonx30
4071,16686700,"Hakkı selim Ak","2026-08-07 17:06:03",390.2,1,hakkselimak
4072,16665661,Ikhbar,"2026-08-05 09:50:57",389.6,2,ikhbar
4073,16654348,rkeshwani,"2026-08-07 16:17:49",389.5,2,rkeshwani
4074,16674714,"Kaaleedass Manoharan","2026-08-08 16:52:19",389.5,2,kaaleedassmanoharan
4075,16662495,Earth,"2026-08-15 10:54:03",389.4,2,earthearth
4076,16679872,"Kirby Won","2026-08-16 00:04:08",389.4,2,kirbywon
4077,16659415,PincheCabrón,"2026-08-17 11:36:55",388.7,2,pinchecabrn
4078,16693821,"DARSHAN A","2026-08-11 18:02:26",387.7,2,ad12345kag
4079,16660471,"Obsessed Beings","2026-08-05 16:46:35",387.4,2,"meur99,muhammedsaeed315,obsessedbeing,studentwork01"
4080,16661633,"Joseph Garcia","2026-08-12 12:57:27",386.3,2,josephpgar
4081,16727326,AhmedMousaHassan2510,"2026-08-16 12:53:33",385.3,2,ahmedmousahassan2510
4082,16653118,"Elmira Yekani","2026-08-14 16:34:56",385.1,2,elmirayekani
4083,16671942,"JIVRAJ SINGH","2026-08-13 16:54:51",385.0,2,jivrajsingh
4084,16664469,"Thorlapati Nikhil","2026-08-11 19:11:09",384.7,2,thorlapatinikhil
4085,16659419,"Chahat Mehra","2026-08-16 07:32:48",384.7,2,chahatmehra
4086,16663351,MiguelS,"2026-08-07 15:25:29",383.3,2,lordm758
4087,16723729,"Lucas Cimiano","2026-08-14 22:38:30",383.3,1,lucascimiano
4088,16660473,"Owen M Kelley","2026-08-10 00:53:11",383.2,2,owenmkelley
4089,16665360,"Ayush Bhadauria","2026-08-11 16:39:55",382.9,2,ayushbhadauria50
4090,16660313,Ctrl+Code,"2026-08-12 15:22:04",382.5,1,"jayashankar369085,parnikasm"
4091,16672689,"Yusuf Yemez","2026-08-06 06:51:07",382.4,1,yusufyemez
4092,16682559,"Punit Pritam Mohanty","2026-08-11 06:21:03",382.4,2,punitpritammohanty
4093,16635481,Jamaisvu,"2026-08-17 12:00:45",382.3,2,jamaisvu
4094,16720606,Williamtime,"2026-08-17 03:11:34",382.3,2,williamtime
4095,16660369,"Dev MCP","2026-08-04 12:59:09",382.1,1,nishant2905
4096,16672138,mostafa69ca,"2026-08-06 05:03:43",382.0,1,mostafa69ca
4097,16666056,"sarthak gupta1303","2026-08-05 11:01:04",381.9,2,"sarthakgupta1303,sathviktummalapenta"
4098,16669441,"Chirag Desai","2026-08-12 04:18:15",381.5,2,cid007
4099,16719709,Rishiii360,"2026-08-17 03:50:07",380.9,2,rishiii360
4100,16623730,"Ethan Higgins","2026-07-31 02:25:21",380.3,2,ethanhigginz
4101,16654098,"Mohd Zaki","2026-08-08 13:17:29",379.9,1,mdzaki08
4102,16689923,Dhinesh,"2026-08-09 08:39:37",379.8,2,dhineshwarrs
4103,16686716,"menna hassanM","2026-08-16 19:16:18",379.7,2,mennahassanm
4104,16661690,codefusiondu,"2026-08-06 04:53:25",379.4,2,codefusiondu
4105,16696716,MatiasMG,"2026-08-16 21:01:14",379.4,2,matiasmgonzalez
4106,16729214,kisamaki0815,"2026-08-16 20:05:38",379.3,1,kisamaki0815
4107,16681801,majj,"2026-08-11 03:07:46",379.1,2,m313786372
4108,16690882,"Meet P. Shah","2026-08-16 13:11:46",379.0,2,meet47
4109,16691813,Hyezir4,"2026-08-10 08:36:47",378.8,2,hyezir4
4110,16668166,Pikachu,"2026-08-05 14:52:15",378.1,2,"arpankumarsinha,phantomboy69,subhojitpaul2006"
4111,16659975,"Rahul Sain","2026-08-05 18:54:58",377.8,2,rahulsain2001
4112,16623405,nbarlow,"2026-08-12 20:01:08",377.7,2,nickbarlow
4113,16717850,"HeeGwan Lee","2026-08-17 03:08:30",377.6,1,heegwanlee
4114,16684223,"Aayush Shah","2026-08-13 17:57:28",377.2,2,aayushshah265
4115,16712406,"L Sangeetha","2026-08-14 14:41:55",377.2,2,lsangeetha
4116,16623739,SarsaShen,"2026-08-05 07:12:00",377.1,2,sarsashen
4117,16650070,"jakub slavíček","2026-08-04 12:58:40",377.1,2,jakubslavicek
4118,16669408,"Josaphat Adjele","2026-08-10 14:56:45",376.1,2,josaphatadjele
4119,16728948,L3MG,"2026-08-16 21:17:06",375.9,2,lemgyy
4120,16655621,xia0910,"2026-08-08 11:03:21",375.8,2,xia0910
4121,16713033,rayofc,"2026-08-17 05:27:46",375.2,2,rayofc
4122,16664147,JordanM10,"2026-08-05 19:54:08",375.2,1,jordanm10
4123,16670881,"Amir Y. Sajjadi","2026-08-05 23:56:26",374.7,1,amirysajjadi
4124,16632319,Valentin,"2026-07-31 21:14:24",374.6,1,vaha94
4125,16652397,"Aniket Kumar","2026-08-06 13:29:50",374.5,2,kalkiavatar3
4126,16709481,"Gerbilles Saucières","2026-08-13 12:29:17",374.4,2,"benjaminhrt30,volbox1902"
4127,16713319,"David Tilman","2026-08-12 18:56:13",374.0,2,davidtilman
4128,16663600,"Adrián Flores","2026-08-05 00:38:36",374.0,2,foward2892
4129,16657891,"Joshua Kinnah","2026-08-07 23:00:45",373.5,2,joshuakinnah
4130,16670185,"Odilon Yehouenou","2026-08-13 20:23:58",373.4,2,odilonyehouenou
4131,16678521,"Arina Nevolina","2026-08-06 20:31:22",373.1,1,nevolinaa
4132,16683421,"Ruchita Yadav","2026-08-13 18:09:54",372.6,2,ruchitayadav20
4133,16658554,Pai,"2026-08-07 22:06:33",372.6,1,rajathrpai
4134,16639764,CortexExplorer,"2026-08-16 15:33:39",372.3,2,cortexexplorer
4135,16633330,"danielle Ange","2026-08-12 16:26:03",372.1,2,danielleange
4136,16686789,Hay-gent,"2026-08-15 17:31:12",372.1,2,"alagusuriyas,gayathrisrimai"
4137,16707179,"Achintya Rai","2026-08-12 11:15:16",371.8,2,achintyarai
4138,16660996,"Thịnh Nguyễn Chí Tiến","2026-08-08 01:49:40",371.8,2,thnhnguynchtin
4139,16659453,"Ishwar Rathod","2026-08-06 03:29:27",371.7,2,ishwarrathodofficial
4140,16624553,"Abiram Bharathi S.A","2026-08-15 07:45:18",371.7,2,abirambharathisa
4141,16662054,"phantom of shubh","2026-08-11 07:54:46",371.6,1,shubhamkumar123490
4142,16630545,"GAURAV PARKHEDKAR","2026-08-01 07:00:23",371.5,2,gauravparkhedkar
4143,16667042,"Adarsh Mukundan","2026-08-07 17:12:28",371.5,1,aadarshmukundan
4144,16671959,"Sintu Verma","2026-08-09 05:44:56",371.5,2,sintuverma
4145,16729092,"ayman elamin","2026-08-17 10:14:26",371.2,2,aymanelamin
4146,16690187,"Amrita Singh","2026-08-08 10:34:51",371.2,2,amrita004
4147,16631989,"VIDIT SHRIMALI","2026-07-31 17:13:46",371.1,1,viditshrimali
4148,16655875,PLLZ,"2026-08-17 01:11:41",370.8,2,pllzzz
4149,16639814,"Nikhil Krishna A","2026-08-15 07:30:38",370.7,2,techmasternikhil
4150,16707092,"Asharani Sahu","2026-08-11 11:19:08",370.3,1,asharanisahu
4151,16709512,Rustamdurdyyev,"2026-08-12 09:56:51",370.1,2,rustamdurdyyev
4152,16683284,"Haha Farming","2026-08-07 14:38:04",369.4,1,"akshitharamesh,harinir1423"
4153,16671566,renmin517,"2026-08-17 07:31:19",369.0,2,renmin517
4154,16654407,"Serendeep Rudraraju","2026-08-14 12:28:18",368.8,2,serendeeprudraraju
4155,16665371,"Kevoh Mutwiri","2026-08-16 20:27:20",368.2,2,kevohmutwiri
4156,16628296,NoxMetenis,"2026-08-15 17:54:03",367.9,1,avasgaire
4157,16667406,"Abdulrahman AlAsali","2026-08-05 13:20:41",367.6,1,abdulrahmanalasali
4158,16664718,Vedika_,"2026-08-11 18:28:09",367.3,1,lighjt
4159,16661639,"Jayanth Kumar D","2026-08-06 13:36:46",367.0,2,jayanthkumard
4160,16668479,"Muneera Mahjabeen","2026-08-12 20:16:59",366.6,2,muneeramahjabeen
4161,16676302,Arnav,"2026-08-08 06:10:01",365.5,2,arnav03101
4162,16727696,Milkman,"2026-08-17 10:24:51",365.3,2,talhasahi
4163,16692750,"sab ka katega","2026-08-10 20:01:22",365.3,2,pranavwankhade
4164,16658450,"Krish Singh","2026-08-05 16:11:00",365.0,2,krishsingh2283
4165,16690514,"Aditya #3","2026-08-09 06:29:48",364.9,1,a0x1ab
4166,16716702,"majjati khalid ","2026-08-16 15:03:59",364.8,2,khalidma
4167,16706181,"Juvenal Pedro Baptista","2026-08-16 14:58:40",364.7,2,juvenalpedrobaptista
4168,16662913,"IYAMPAYE ribert","2026-08-04 19:01:38",364.5,1,iyampayeribert
4169,16659529,"Sanchit Jain","2026-08-05 05:58:55",364.5,2,sanchit1609
4170,16661955,Bingos,"2026-08-05 11:43:07",364.4,2,bingos
4171,16634769,Fivingone,"2026-08-03 03:47:43",363.4,2,fivingone
4172,16652970,"Abhay sarkar","2026-08-05 14:40:05",362.8,1,abhaysarkarai
4173,16653054,Khongor2424,"2026-08-03 15:32:17",362.7,2,khongorkikaik21
4174,16654253,"Gaius K Biju","2026-08-03 18:51:18",362.3,2,gaiuskbiju
4175,16662138,"Luan He","2026-08-14 20:50:07",361.9,2,luanhe
4176,16633982,Nikunj1375,"2026-08-07 08:40:29",361.6,2,nikunj1375
4177,16660529,Imaanga,"2026-08-10 11:41:21",361.2,2,imaangababy
4178,16655315,SL,"2026-08-13 01:50:18",360.8,2,xndr007
4179,16623161,"Charles Kalaba","2026-08-08 13:06:02",360.4,2,charleskalaba
4180,16657159,"Amey Malpurkar","2026-08-11 07:35:27",360.4,2,"ameymalpurkar,siddheshsadarao"
4181,16715416,"Md. Adnan","2026-08-16 11:23:17",359.7,2,mdadnan96
4182,16661290,"Kelian Esteve","2026-08-04 14:33:13",359.3,1,kelianesteve
4183,16682422,"SABBIR HOSSAIN 2029","2026-08-16 14:23:24",359.0,2,sabbirhossain2029
4184,16724228,LSS0334,"2026-08-17 11:59:40",358.9,2,lss0334
4185,16641866,"Prem Gandhi","2026-08-06 19:48:18",358.1,2,gprem352
4186,16664218,"Nguyen Vu Tue Khang","2026-08-07 03:13:47",358.0,2,nguyenvutuekhang
4187,16629403,Galza98,"2026-07-31 10:09:02",357.8,1,galza98
4188,16698562,Kyoko004,"2026-08-11 04:38:18",357.3,1,kyoko004
4189,16678283,"Ajinkya Digurkar","2026-08-13 05:34:43",357.1,2,"ajinkyadigurkar,sakshiagrawal8818"
4190,16707118,"DEVEN BAGADE","2026-08-11 11:24:10",356.8,2,devenbagade
4191,16696644,"Franklin T","2026-08-13 10:28:53",356.5,2,franklin0410
4192,16654430,"Rishoban Y","2026-08-07 13:46:37",356.4,1,rishoban
4193,16668331,"Maitreya Mohapatra","2026-08-06 10:09:17",356.3,2,maitreyamohapatra
4194,16732129,"payne yam","2026-08-17 11:02:33",356.3,1,payneyam
4195,16652899,Isha,"2026-08-09 15:29:06",355.8,2,aarohi20
4196,16675037,"Stanislav Pashkov","2026-08-08 20:50:16",355.7,2,stanislavpashkov
4197,16684191,"Patel Aryan D","2026-08-10 07:36:13",355.7,2,patelaryand
4198,16725304,"Alexandru A","2026-08-16 09:42:33",355.3,1,alexandrua01
4199,16658990,"Muhammad Burhan SE-45-02","2026-08-07 04:26:18",355.1,2,muhammadburhanse4502
4200,16662491,Rudra070311,"2026-08-11 17:06:39",355.0,2,rudra070311
4201,16660492,"Deven Bagul","2026-08-14 16:39:18",354.5,2,devenbagul
4202,16692639,"Bharat Kumar0925","2026-08-10 08:58:47",354.4,2,bharatkumar0925
4203,16656198,N9uy3nPham,"2026-08-06 10:56:04",354.4,2,n9uy3npham
4204,16712321,"Elias Schecke","2026-08-15 11:56:53",353.9,2,eliasschecke
4205,16653903,Manav2805,"2026-08-04 09:25:08",353.9,2,manav2805
4206,16721942,"Daniel Rodriguez Bothe","2026-08-17 09:47:11",353.3,2,danielrodriguezbothe
4207,16679096,WilliamXylean,"2026-08-14 05:56:29",353.1,2,williamxylean
4208,16702052,"Beny Pratama Putra","2026-08-12 16:18:20",353.0,2,benypratamaputra
4209,16660735,"Bassel Elbahnasy","2026-08-05 20:31:32",352.5,2,basselashraf
4210,16689926,"Yongxiang Zhao #2","2026-08-12 03:33:27",352.3,2,yongxiangzhao
4211,16661587,"Debashis Mohapatra","2026-08-05 09:05:50",351.8,2,debashismohapatra
4212,16682454," Vandanaa R","2026-08-11 06:52:09",351.7,1,vandanaar
4213,16665988,"Ronel maamoc","2026-08-15 15:59:08",351.3,2,ronelmaamoc
4214,16679393,"Anvith Pothula","2026-08-12 20:41:33",350.8,1,anvithpothula
4215,16659865,Rithikaaaaah,"2026-08-17 07:09:08",350.8,2,rithikaaaah
4216,16685996,"Universal Entropy","2026-08-07 16:22:28",349.3,1,fennerjw
4217,16661213,"Daniel Siersleben","2026-08-05 12:53:41",349.2,1,danielsiersleben
4218,16669576,"zarnab waheed","2026-08-12 19:31:44",349.1,2,zarnabwaheed
4219,16673009,CruelShow,"2026-08-14 06:50:39",349.0,2,cruelshow
4220,16646076,"Ajeet Krishnasamy","2026-08-04 19:52:27",349.0,2,ajeetkrish
4221,16707372,"zidu cheng","2026-08-11 13:30:40",348.5,1,ziducheng
4222,16655734,dworld,"2026-08-05 04:13:18",348.4,2,jagdishhalde
4223,16658383,"SIVA S","2026-08-17 04:13:26",348.1,2,codingmaster24
4224,16684168,"Roaya Saed","2026-08-10 14:36:20",348.1,1,roayasaed
4225,16656506,"Piyush Harde","2026-08-04 12:54:26",347.9,2,piyushharde
4226,16722122,Abhas20,"2026-08-16 09:54:00",347.9,2,abhas20
4227,16658620,"Dina Chettouh","2026-08-04 09:13:27",347.8,2,dinachettouh
4228,16624073,Maruichi01,"2026-08-14 16:03:02",347.5,2,"maruichi01,puws06,tatsukisato,unikina"
4229,16713082,"Siyam Molla","2026-08-15 13:49:13",347.5,2,siyammolla
4230,16668464,Mauro,"2026-08-05 15:57:27",347.0,2,ilmaurino
4231,16660543,"BUTUH DUIT","2026-08-06 07:39:16",346.6,2,abulkahfi
4232,16711610,cc_z_kaggle,"2026-08-12 09:33:23",346.4,1,cczkaggle
4233,16678362,"Mitiku Yohannes","2026-08-07 00:00:37",346.3,2,mitiku
4234,16701697,"Shadow #2","2026-08-16 12:13:27",345.9,2,chetanagrawall
4235,16688165,"David @ Koantek","2026-08-17 03:56:23",345.1,2,artificialbrilliance
4236,16624246,"xu j1ayang","2026-08-11 05:12:47",344.7,2,xuj1ayang
4237,16710428,"Mansi Aggarwal","2026-08-16 17:33:17",344.5,2,mansiaggarwal88
4238,16652276,Phare111,"2026-08-04 15:09:55",344.4,1,phare111
4239,16665243,"Harshit Jha","2026-08-05 13:40:16",344.2,2,harshitjha28
4240,16658676,"Abdul Roheem Abdul Warith","2026-08-04 18:59:04",343.9,1,albasoliyy
4241,16712086,"Zubair Shafi","2026-08-16 23:23:04",343.8,2,zubairshafi5050
4242,16697628,"Yash Sharma","2026-08-09 19:27:50",343.1,2,yashsharma42
4243,16686950,"Kittikhun Pachana","2026-08-08 00:16:11",342.6,2,kittikhunpachana
4244,16664044,IntentionalSayshara,"2026-08-16 18:08:00",341.7,2,jaelle
4245,16661879,"Pham Truc","2026-08-07 07:21:46",341.5,1,genti1206
4246,16637025,kodalien,"2026-08-10 15:21:00",341.2,2,kodalien
4247,16683075,"Manuel lasarte León","2026-08-17 10:43:04",341.2,2,manuellasarte
4248,16723046,"Pedro Joás","2026-08-15 13:13:22",340.9,2,pedrojos
4249,16690494,StevenBeyen,"2026-08-13 07:55:32",340.6,2,beyensteven
4250,16659060,Pratham3gewg,"2026-08-06 18:26:51",339.8,2,pratham3gewg
4251,16625775,liubingxin205,"2026-08-15 06:29:40",339.1,2,"hongjuw,liubingxin205"
4252,16659203,"Praful Nayak","2026-08-05 08:17:06",338.8,2,prafulnayak2003
4253,16660957,CREVATEC,"2026-08-11 09:30:33",338.4,2,"olakunleolalekan,samueloladeji"
4254,16658357,heetmehta18,"2026-08-07 13:30:40",338.3,2,heetmehta0000
4255,16623823,"Julieta Rubis","2026-07-31 04:45:53",338.0,2,julietarubis
4256,16672670,RonTroy,"2026-08-13 04:46:15",337.5,2,rontroy
4257,16690029,Nitesh_Prajapati2569,"2026-08-17 09:55:51",336.8,2,niteshprajapati2569
4258,16667700,"Omar Mohammad","2026-08-05 15:52:54",335.9,2,omarmohammadw
4259,16717600,"Collistus Kibe","2026-08-17 09:21:43",335.8,1,collistuskibe
4260,16643821,"arnav chaturvedi123","2026-08-02 22:16:08",335.7,2,arnavchaturvedi123
4261,16713463,"Dillen Perumal","2026-08-16 17:49:45",335.7,2,dxllen
4262,16678355,"Tanuj Saxena","2026-08-07 10:10:24",335.6,2,tanujsaxena
4263,16668262,spbforce,"2026-08-15 23:10:45",335.3,1,spbforce
4264,16677629,"XIE Jintao","2026-08-06 18:47:28",335.3,2,xiejintao
4265,16686411,NeoCodes.Dev,"2026-08-15 22:31:55",334.8,1,neocodesdev
4266,16698920,"Rishabh Bhartiya","2026-08-12 13:48:26",333.8,2,rishabhbhartiya
4267,16655003,"Paramjeet Kaur","2026-08-04 21:09:02",333.7,1,kauxp26
4268,16715354,"Alyssa Clark","2026-08-14 02:52:26",333.6,2,a1yssaclark
4269,16651668,Haiku,"2026-08-05 06:28:54",333.3,2,yangjiefu
4270,16660144,"Léandre ELISHA","2026-08-09 12:25:44",332.9,2,landreelisha
4271,16658065,"Parul Mittal","2026-08-06 13:55:51",332.7,1,pisces83
4272,16663869,CYBER_TECH99,"2026-08-05 01:40:15",332.5,2,cybertech99
4273,16667601,"Audrius Molis","2026-08-05 12:27:17",332.1,2,vienas
4274,16711673,losingself,"2026-08-12 09:07:45",332.1,1,level14taken
4275,16699790,Aryanpal07,"2026-08-16 12:28:53",332.1,1,aryanpal07
4276,16726422,"Praveen Kumar","2026-08-16 13:18:41",332.0,1,pankajrepswal
4277,16724743,"Dr. James Gambrah","2026-08-17 08:48:47",331.7,2,jamesgambrah
4278,16728350,fajarnadeem808,"2026-08-16 13:07:59",331.4,2,fajarnadeem808
4279,16657104,"Bashar Gamal","2026-08-17 00:04:56",331.1,2,bashargamal
4280,16669756,AlgSaid,"2026-08-05 18:54:07",331.1,1,imabdallah
4281,16691322,"Anita rai98765","2026-08-16 19:05:43",330.9,2,anitarai98765
4282,16659698,"Duy Anh Nguyễn","2026-08-07 10:23:27",330.8,1,duyanhnguyn
4283,16676501,"[Deleted] cf820879-5b51-45ff-9f0a-1d88833299b5","2026-08-08 08:32:10",330.8,2,kamraanmulani
4284,16662066,"Yug Savalia","2026-08-06 19:06:26",330.6,1,"priyankagarg19,yugsavalia"
4285,16657658,"Esther Usman","2026-08-11 19:27:41",330.4,2,estherusman
4286,16712089,"yui seya","2026-08-12 12:17:02",330.3,2,yuiseya
4287,16725769,NikunjMakhija_,"2026-08-16 19:06:06",329.8,2,nikunjmak
4288,16668333,VishalVivek,"2026-08-07 09:46:17",329.7,1,vishal14332
4289,16668654,"Zharkyn Makhanbet","2026-08-10 18:28:08",329.6,1,imadparadoxi
4290,16659493,"Ori Glisko","2026-08-09 14:27:44",329.3,2,origlisko
4291,16688231,"Antoine Matemane Mahirwe","2026-08-10 19:40:15",328.9,2,antoinemah
4292,16723487,RoboDavo,"2026-08-17 08:15:35",328.8,2,robertdavidson1911
4293,16676305,JTHEFROG,"2026-08-08 12:09:45",328.5,2,joshyuasa
4294,16657777,"sandeep kumar","2026-08-04 11:41:21",328.3,2,sandeep088
4295,16693098,broken_gpu,"2026-08-14 23:09:39",328.1,2,brokengpu
4296,16658489,小出和見,"2026-08-13 23:23:04",327.0,2,kzmk8d
4297,16658783,"Devesh Choudhury","2026-08-07 17:08:33",326.8,2,deveshchoudhury
4298,16665114,"Francesco Benincasa","2026-08-05 09:56:52",326.7,2,francescobenincasa
4299,16691354,"Vedika Gupta","2026-08-08 14:20:25",326.6,1,vedikagupta0
4300,16729640,"Наталья Скляр","2026-08-16 19:46:04",326.3,1,natsklyar
4301,16666553,DevChheda26,"2026-08-05 09:53:22",326.3,1,devchheda26
4302,16713204,"Mohamedg croesus","2026-08-15 22:37:58",326.0,1,mohamedgcroesus
4303,16659804,"Gashahun Demise","2026-08-04 13:23:20",325.5,2,gashahundemiset
4304,16659280,"yahaya zayyan","2026-08-04 10:51:16",325.3,1,yahayazayyan
4305,16659581,"isah ridwan","2026-08-07 09:02:00",325.2,2,isahridwan
4306,16669411,"Atta Ullah","2026-08-10 13:28:30",325.1,2,attaullahqau
4307,16682623,"Aditya Paul","2026-08-14 12:44:45",325.0,2,adityapaul634
4308,16666316,adityakr1001,"2026-08-05 09:33:41",324.3,1,adityakr1001
4309,16663459,"Cristian Yeanpaul Palomino Calderon","2026-08-06 04:14:17",324.1,2,dawo0t
4310,16673369,Frame,"2026-08-06 07:59:47",324.0,1,rainorwang
4311,16661012,"Tesfahun Feleke","2026-08-16 23:11:21",323.6,2,tesfahunfeleke
4312,16678647,"Zorawar Singh","2026-08-06 19:55:53",323.5,2,zorawarsingh677
4313,16728152,"Kenji Tai","2026-08-16 18:27:33",323.4,2,kenjitai
4314,16713601,"Omar spok","2026-08-16 16:08:43",323.4,2,omarspok
4315,16655508,bigsea,"2026-08-04 01:31:58",323.2,2,sakamakihiromi
4316,16676003,franck,"2026-08-06 14:59:55",323.2,2,bakura
4317,16706312,"shabbar taj","2026-08-11 16:35:57",322.9,2,shabbartaj
4318,16663253,"Albert Benjamin Asare","2026-08-06 19:29:05",322.8,2,albertbenjaminasare
4319,16649650,"Ashish Barnawal","2026-08-11 04:08:04",322.7,1,klein4
4320,16654306,Shubham,"2026-08-03 19:09:40",322.7,2,sanjayshubham24
4321,16665701,ManuelWick-Eckl,"2026-08-13 16:07:30",322.6,2,manuelw
4322,16664863,zzzhhcc,"2026-08-13 06:15:42",322.6,2,zzzhhcc
4323,16663003,devzohaib,"2026-08-04 21:27:30",322.5,1,devzohaib
4324,16662861,"Chirag Tutlani","2026-08-04 19:13:05",322.3,1,chiragtutlani
4325,16677788,DorianCo,"2026-08-06 18:10:06",322.0,2,dorianco
4326,16654454,"Haoxiang Li","2026-08-16 11:49:08",322.0,2,haoxiangli789
4327,16635681,"Shubham Phapale","2026-08-09 04:17:07",321.7,2,shubhamphapale
4328,16634720,Thiyo,"2026-08-07 03:34:07",321.7,1,thimirajayasekara
4329,16731013,"Abimael Firstana","2026-08-17 07:47:41",321.6,2,abimaelfirstana
4330,16622567,"Georgy Mamarin","2026-07-31 06:11:31",321.4,1,georgymamarin
4331,16690161,"Sudipto Event","2026-08-11 09:25:00",321.0,2,sudiptoevent
4332,16719618,Javierrcs,"2026-08-14 13:16:05",321.0,1,javierrcs
4333,16666512,RexHuang936,"2026-08-07 08:51:41",320.7,2,rexhuang936
4334,16695733,"Imad Zaanine","2026-08-11 02:11:15",320.6,2,imadzaanine
4335,16669523,Jackson55171,"2026-08-05 18:21:00",320.5,2,jackson55171
4336,16703295,Yuting,"2026-08-13 20:42:16",319.6,2,yutinghanuxd
4337,16661469,"Qiqi Xie","2026-08-06 20:53:32",319.3,2,qiqixie123
4338,16660450,"prashant prakash","2026-08-08 09:45:36",318.8,2,prashantprakash28
4339,16659387,dharssshiniii,"2026-08-04 09:48:15",318.2,1,dharssshiniii
4340,16658577,farmercode261,"2026-08-17 03:05:17",317.8,2,hifnikhakim
4341,16681959,"shun takinami","2026-08-07 05:43:47",317.6,1,shuntakinami
4342,16658941,Matts6591,"2026-08-17 07:59:36",316.9,1,mathwithmatt
4343,16663387,Ju,"2026-08-05 23:29:38",316.4,2,juziddd
4344,16671302,"Pratish Chaudhary","2026-08-10 00:35:01",315.5,1,pratishchaudhary
4345,16660579,mayank,"2026-08-06 14:41:12",315.0,2,mayank921
4346,16728465,"Abdurrahman Assegaf","2026-08-16 12:13:15",314.8,2,amanshop
4347,16665704,"Sreesanth M S","2026-08-05 07:12:05",314.8,1,sreesanthms
4348,16689903,wangbohuan,"2026-08-08 09:35:12",314.4,2,wangbohuan
4349,16708480,"Omar M.Moustafa","2026-08-11 18:55:58",313.7,2,omarmmoustafa
4350,16725288,mustafasadiqi,"2026-08-15 12:26:35",313.6,1,mustafasadiqi
4351,16657426,"M.Mukunda Reddy","2026-08-17 06:18:11",313.3,2,mmukundareddy
4352,16657378,doteeee,"2026-08-14 11:43:40",313.3,2,narendra
4353,16686316,"Ali mohon","2026-08-07 16:16:43",313.1,2,alimohon
4354,16687151,harshi101,"2026-08-08 06:32:37",312.9,2,harshi101
4355,16661231,"R Ajay Kumar12","2026-08-04 14:12:11",312.8,1,rajaykumar12
4356,16680789,"Marouane Alahyane","2026-08-15 02:41:18",312.7,2,marouanealahyane
4357,16687574,"Yash Raghuvanshi","2026-08-07 22:09:38",312.7,2,yashraghuvanshi25
4358,16641948,JustForFun,"2026-08-17 08:46:30",312.7,1,thangphung215
4359,16701041,"Meet Babariya","2026-08-10 14:21:06",312.5,1,meetbabariya
4360,16685128,"Rohan Hake","2026-08-10 12:48:36",312.1,2,rohanhake
4361,16654853,"Saketh Rao","2026-08-03 21:43:14",312.0,1,sakethrao
4362,16695937,Ryckiii,"2026-08-09 13:03:24",311.9,1,ryckiii
4363,16623099,"Bovard Doerschuk-Tiberi","2026-07-30 21:04:23",311.7,1,bovard
4364,16667063,"Amiksha S","2026-08-09 15:16:49",311.7,1,amikshas
4365,16639684,Rubel,"2026-08-05 18:49:11",311.6,2,rubel01
4366,16658888,NovaBytes,"2026-08-06 07:06:34",311.6,2,"drashtisingh14,kjjkjjk3107"
4367,16632841,AGG,"2026-08-06 18:33:28",311.4,2,aleixgim
4368,16707519,"Pradnya Khanse","2026-08-11 12:52:07",311.3,1,pradnyakhanse
4369,16658700,"szlachetny snieg","2026-08-04 08:48:47",311.3,1,takayukiimoto
4370,16632881,"Brisa Marina","2026-08-07 16:13:15",311.2,1,brisamarina
4371,16681177,"Ivan Kevin Garcia Hernandez","2026-08-17 10:05:45",310.7,2,jedilgh
4372,16707228,"Milind Bansal","2026-08-11 11:45:00",310.3,1,milindbansal18
4373,16664157,"Runjie Zhu","2026-08-10 11:49:13",310.3,1,damiendesolei
4374,16672982,"Enes Aytaç","2026-08-14 12:12:24",310.1,2,enesayta
4375,16683998,"Mahoraga save me","2026-08-07 22:09:22",309.6,2,yqngyv
4376,16667365,"leul dereje","2026-08-08 06:54:54",309.5,2,leuldereje
4377,16672767,"FasterYouChase FasterIRun","2026-08-09 13:15:12",309.3,2,icoguser
4378,16632145,kazuki_kazukazu,"2026-07-31 14:53:13",309.2,1,kazukikazukazu
4379,16667684,"Tim Neale","2026-08-06 13:01:12",309.0,1,timothyjneale
4380,16658152,MingSUN007,"2026-08-04 13:46:29",308.7,2,mingsun007
4381,16677517,justnyoike,"2026-08-10 01:12:56",308.6,2,justnyoike
4382,16684875,"Amitrakshar Mukherjee","2026-08-07 13:21:32",308.2,2,amitraksharmukherjee
4383,16676007,"Lao KENAO","2026-08-15 01:15:48",308.0,2,laokenao
4384,16635610,JeffFosterUK,"2026-08-01 17:16:52",307.9,2,jefffosteruk
4385,16637845,"Hadjmohamd Seif","2026-08-08 21:47:53",307.6,2,hadjmohamdseif
4386,16645300,szyulian,"2026-08-04 04:42:36",307.1,1,szyulian
4387,16689933,"Anjali Shah","2026-08-17 09:30:28",306.8,2,anjalishah0306
4388,16683970,"Zakhar Homyakov","2026-08-07 11:14:41",306.6,2,zakharhomyakov
4389,16654067,DataForge,"2026-08-05 10:19:25",306.5,2,"chanduchandini,goriparthiramatulasi,srilakshmipanitini,suryachakradhar"
4390,16659703,"Ananya #2","2026-08-04 12:00:26",306.1,1,ananyax8
4391,16714166,"Naman Malik","2026-08-13 04:20:37",305.5,1,namanmalik81714
4392,16659374,"[Deleted] 8f7327b9-2576-439b-bd6e-3f5fde366ebe","2026-08-04 10:12:44",305.0,1,del=8b215115eb53cbc1
4393,16633483,"benkerrouche abdelbasset","2026-08-07 16:11:50",304.9,1,bassetkerouche
4394,16662048,"Deekshitha Prabhakar","2026-08-06 18:15:45",304.8,2,deekshithaprabhakar
4395,16684908,"Nidal Saleh","2026-08-08 14:08:20",304.3,2,nidalsaleh
4396,16670090,"Gianpaolo Nettis","2026-08-08 10:01:02",304.3,2,rakes7
4397,16659451,anero98,"2026-08-11 14:48:33",304.0,2,anero98
4398,16665719,"[Armenia] Narek Petrosyan1","2026-08-05 07:49:34",303.5,1,narekpetrosyan1
4399,16708091,"Dipak Kumar Samanta","2026-08-11 15:17:04",303.5,1,dipak889
4400,16644210,"حسنين ساجد","2026-08-07 22:08:44",303.2,2,kutghngf98687er
4401,16712979,"Yusuke Tsukuda","2026-08-12 14:58:39",303.0,1,yusuketsukuda
4402,16726839,syunsuke,"2026-08-17 11:52:29",302.8,1,syunsuke1024
4403,16708246,StudyForUse01,"2026-08-11 16:58:19",302.0,1,studyforuse01
4404,16657440,Lz7_129,"2026-08-04 15:26:01",302.0,1,lz7129
4405,16687891,qklent,"2026-08-09 19:44:12",301.9,1,qklent
4406,16701143,macneil,"2026-08-14 14:53:54",301.9,2,macneil
4407,16656633,N25H03A1028,"2026-08-05 05:18:45",301.6,1,pardhusadhu
4408,16662105,PunnatatJAY,"2026-08-04 16:22:50",301.2,1,punnatatjay
4409,16656595,"Sithija Amarathunga","2026-08-04 10:09:50",301.0,2,sithijaamarathunga
4410,16658693,leehuilong,"2026-08-06 12:49:22",300.9,2,leehuilong
4411,16655292,"Ingrid Fellah","2026-08-04 06:31:35",300.8,2,ingvor
4412,16663191,"Arnav Anand","2026-08-04 19:53:08",300.7,1,arnavair27
4413,16658761,!Aman212,"2026-08-04 12:10:28",300.1,2,aman9142424
4414,16672325,Ispagiytiy,"2026-08-06 08:58:30",298.1,2,ispagiytiy
4415,16653997,"Alekya Valapushetty","2026-08-05 13:52:08",297.7,2,alekyavalapushetty
4416,16655813,minerppdy,"2026-08-04 06:06:58",297.5,1,minerppdy
4417,16665614,MesonLabs,"2026-08-11 06:17:27",297.5,1,mesonlabs
4418,16670506,"Juan Andres Bravo Mejia","2026-08-05 21:40:17",297.1,1,juanandresbravomejia
4419,16687620,Goktug1,"2026-08-11 19:23:39",297.0,2,goktug1
4420,16668032,pat999,"2026-08-08 08:30:58",296.7,2,pat999
4421,16660321,syafanidwina,"2026-08-05 00:41:33",296.3,1,syafanidwina
4422,16675104,"khwaja Moula'Ali","2026-08-06 11:30:49",296.3,1,khwajamoulaali
4423,16656692,"kinza aftab 714","2026-08-04 05:43:51",296.0,2,kinzaaftab714
4424,16716407,"Ibrahim Adamu Anka","2026-08-13 09:01:38",295.8,2,ibrahimadamuanka
4425,16730745,"Aymerou Yaya Koné","2026-08-17 06:21:39",295.8,2,aymerouyayakon
4426,16659572,"ABHILASH PRAHARAJ","2026-08-04 11:24:21",295.6,1,abhilashpraharaj
4427,16690286,imunderthetree,"2026-08-08 12:25:51",295.2,2,imunderthetree
4428,16714418,AdriMonFer,"2026-08-16 21:17:22",294.9,1,adrimonfer
4429,16714263,Lmfm24,"2026-08-12 20:38:01",294.8,2,lmfm24
4430,16696266,"Pandarasamy Arjunan (Samy)","2026-08-09 14:16:03",294.8,1,samy101
4431,16723047,"Matheus Finger","2026-08-14 18:52:43",294.4,1,matheusfinger
4432,16659001,"Tim Wanjohi","2026-08-12 11:43:16",294.1,2,timwanjohi
4433,16659900,"Abu Bakr","2026-08-04 18:30:29",293.4,2,mohamed32010
4434,16658644,"Hitarth Pandey","2026-08-09 03:04:42",293.2,1,hitarthpandey
4435,16668024,"Igor Burkov","2026-08-07 04:35:37",293.2,2,igorburkov
4436,16684891,SARTHAK,"2026-08-14 19:07:26",292.8,1,s4rth4k01
4437,16661711,"Wild Star217","2026-08-10 18:57:19",292.7,2,wildstar217
4438,16715576,bhavnachavda21,"2026-08-17 10:36:21",292.2,2,bhavnachavda21
4439,16656485,stunningvn,"2026-08-05 04:47:11",292.2,2,dedquoc
4440,16668152,ksew364,"2026-08-07 16:02:09",292.2,1,ksew364
4441,16621290,"Muhammad Ahsan","2026-07-30 17:35:00",292.0,2,ahsanneural
4442,16662603,"Shem Gikunda","2026-08-06 17:24:48",291.4,1,shemgikunda
4443,16700876,"Oyegoke Emmanuel","2026-08-16 18:08:40",291.3,1,oyegokeemmanuel
4444,16655786,leavts,"2026-08-04 02:35:50",290.8,1,leavts
4445,16622376,fmind,"2026-08-16 10:29:17",290.4,2,freaxmind
4446,16701060,"Paula Jimenez","2026-08-12 15:40:46",290.3,2,paulajimenez
4447,16653319,"Md. Rasel Meya","2026-08-06 14:42:18",290.3,2,raselmeya
4448,16660309,"Hazem Mahmoud Elsayd","2026-08-04 16:34:31",290.0,2,hazemmahmoudelsaid
4449,16654256,"KONGARA PRASANTH","2026-08-04 03:40:27",289.9,2,prasanth2008
4450,16710459,Nironiro,"2026-08-15 01:09:22",289.8,2,nironiro
4451,16717447,zhiyue666,"2026-08-14 10:09:51",289.5,1,zhiyue666
4452,16632795,"vishwottam kudekar","2026-08-05 18:19:02",289.2,1,vishwottamkudekar
4453,16698886,pied_piper,"2026-08-10 14:11:15",289.1,2,ahanhalder
4454,16697020,"Hossam elden Mohamed","2026-08-15 01:13:51",288.3,2,hossameldenmohamed
4455,16627717,da_pond,"2026-07-31 08:33:57",288.1,1,dapond
4456,16644398,Nurkan123,"2026-08-16 21:20:24",287.2,2,nurkan123
4457,16710929,"Pooja Divekar","2026-08-16 08:22:48",286.9,1,poojadivekar123
4458,16623846,"masatoshi hiraki","2026-07-31 07:52:39",286.8,2,masatoshihiraki
4459,16730589,山谷知輝,"2026-08-17 03:42:24",286.7,1,tomokiyamaya
4460,16623528,"Faijur Rahaman","2026-07-31 03:43:56",286.1,2,faijurrahaman
4461,16653941,"Sachin Kumar Kushwaha","2026-08-11 08:45:11",285.8,2,sachinkumarkushwaha
4462,16662039,"Ajat Rosadi","2026-08-04 16:58:10",285.5,2,ajatrosadi
4463,16666574,"hrishit prakash","2026-08-05 13:26:37",285.2,2,hrishitprakash
4464,16712990,shreyaaaaa9,"2026-08-12 16:17:06",284.1,1,shreyaaaaa9
4465,16690567,"Falih Kaleel","2026-08-15 20:37:57",284.1,2,alphajet185
4466,16655159,"Marcel Relaford","2026-08-13 01:26:26",284.1,1,marcelrelaford
4467,16699488,"Kelvin Lai","2026-08-17 00:36:13",284.0,2,kelvin84hk
4468,16661689,"David Rao","2026-08-04 18:27:01",283.5,1,davidrao63
4469,16641331,ushi,"2026-08-05 13:33:18",283.4,1,yuki508
4470,16635098,"Charvi Upreti","2026-08-15 05:43:59",283.3,1,charviupreti
4471,16723726,"Erika Worrall","2026-08-15 23:09:17",283.1,1,erikaworrall
4472,16716476,lnssan,"2026-08-13 11:32:48",283.0,2,lukanilssandmayr
4473,16700832,Blitz,"2026-08-10 11:37:18",282.6,1,premshinde
4474,16661810,AGNES33,"2026-08-16 19:09:18",282.5,2,agnes33
4475,16660930,"Chung Ching Yeh","2026-08-04 14:44:34",281.7,2,chungchingyeh
4476,16683428,"Darsh Jilka","2026-08-15 18:38:59",281.1,1,darshjilka
4477,16656900,Hxrsh09,"2026-08-10 14:39:46",281.0,2,hxrsh09
4478,16654314,Mahamudul_Hassan_8012,"2026-08-03 18:33:07",280.3,2,mahamudulhassan8012
4479,16717586,wangjialu2333,"2026-08-15 09:29:36",280.3,1,wangjialu2333
4480,16690500,Mr.NoT_GaMeR,"2026-08-08 12:06:18",279.1,2,joshdilipkumarpatel
4481,16723467,"Vladas Verkelis","2026-08-15 14:23:42",278.6,1,vlaveris
4482,16655682,"Azamat Sadikov","2026-08-04 03:25:41",278.3,1,azamatsadikov
4483,16691583,Caleb,"2026-08-09 14:32:52",278.1,2,collev
4484,16682051,"Noorjahan Siddiqui","2026-08-10 09:33:35",277.9,2,noorjahansiddiqui
4485,16691729,"ADOLF FAUSTINE","2026-08-16 16:27:10",276.6,2,adolffaustine
4486,16668506,"Louie Tang","2026-08-08 06:56:52",276.5,2,louietang
4487,16658299,"Kingki19 / Muhammad Rizqi","2026-08-16 01:17:14",276.0,2,kingki19
4488,16658567,"Sharif Mohamed (1)","2026-08-04 13:16:47",276.0,1,sharifmohamed1
4489,16658725,"syed jawad","2026-08-17 08:49:32",275.2,1,syedjawad663
4490,16707941,ニイエチカイン,"2026-08-14 15:28:42",274.4,2,j4ck99
4491,16676084,"Abir Majdi","2026-08-12 15:56:56",273.9,1,abirmajdi
4492,16633240,Igor,"2026-08-17 03:46:29",273.9,1,igor14497
4493,16623274,Mhmda81,"2026-08-03 00:10:04",273.3,2,mhmda81
4494,16681610,"team maccy","2026-08-07 20:27:06",272.4,1,robertgama
4495,16677577,"Harsha Vardhan Konisa","2026-08-14 19:36:01",271.9,1,harshavardhankonisa
4496,16675956,"Hassan Alghamoudi","2026-08-10 02:36:36",271.7,2,hassanabdulhafid
4497,16623131,"Liam Carrig Newsam","2026-08-04 00:00:03",271.5,1,liamcarrignewsam
4498,16621243,"Jesse Bullard","2026-07-31 21:20:21",270.0,1,jessebullard
4499,16671985,"vishal waghchaure","2026-08-07 09:25:36",269.5,2,vishalwaghchaure
4500,16654290,"Srinivasa Ranga","2026-08-17 05:19:41",268.4,1,srinivasaranga
4501,16698399,liuzhangzhen,"2026-08-10 09:49:23",268.0,1,liuzhangzhen
4502,16665463,Seendon,"2026-08-06 19:19:25",267.7,2,informationminer
4503,16674093,"Hoàng Trần Đặng Minh","2026-08-06 08:54:38",267.6,1,hongtrnngminh
4504,16682262,"Pardeep Singh","2026-08-09 09:06:29",266.3,1,pardeep06
4505,16677328,"Eng. Husnain","2026-08-08 13:13:23",265.8,2,enghusnain
4506,16659910,"Shraddha Kumbhar","2026-08-07 09:55:58",265.8,2,raj113
4507,16660291,"Abhijit Rajkumar","2026-08-04 13:27:44",265.8,2,abhijitrajkumar
4508,16683903,Saju,"2026-08-17 11:31:45",265.5,1,sajutr
4509,16657628,Hamo,"2026-08-07 12:00:21",265.0,2,mohamed2223
4510,16651507,jappanini,"2026-08-03 09:14:04",265.0,1,jappanini
4511,16713896,"Quantum Fusion","2026-08-14 12:12:34",264.8,1,gugurobotics
4512,16650930,"Govind Sharma","2026-08-11 10:11:39",264.7,2,govindsarswat
4513,16659283,"DILEEP POTHULA","2026-08-08 06:43:15",264.5,2,dileeppothula
4514,16660073,"Mahad Kakooza","2026-08-13 21:07:19",264.2,2,mahadkakooza
4515,16639692,"Nirmal Patel","2026-08-06 03:05:27",263.9,2,nirmalpatel02
4516,16658311,zkskhurram,"2026-08-05 07:59:40",263.7,2,zkskhurram
4517,16672333,"Giovanny Rodríguez","2026-08-14 23:58:48",263.2,2,giovannyrodrguez
4518,16730749,"Đông Hà","2026-08-17 08:45:11",262.4,2,phapsucongu
4519,16658189,"Zale John","2026-08-16 21:23:57",261.9,2,zalejohn
4520,16652159,Boson328,"2026-08-04 10:06:13",261.6,1,boson328
4521,16639465,"Gabriel Aguiar Leao","2026-08-02 00:23:49",261.4,1,"gabrielaguiarleao,marcositta"
4522,16689364,"Udbhav Purwar","2026-08-11 10:12:00",261.1,1,udbhavpurwar
4523,16636540,"Burkova Nastia","2026-08-01 13:34:02",259.6,2,"burkovanastia,ellvalerie"
4524,16715791,CustardApple47,"2026-08-14 12:48:02",259.6,1,custardapple47
4525,16666027,CropBOTS,"2026-08-13 16:12:42",259.3,2,"anshultickoo,itsmepooja,manuakumar,sapnajain115"
4526,16716386,"Dev Marya","2026-08-13 09:26:18",259.0,1,devmarya
4527,16660749,"PavanK Saketh","2026-08-04 13:38:48",259.0,2,pavanksaketh
4528,16669060,Twansss,"2026-08-15 04:37:59",258.8,2,twansss
4529,16709957,"Lei Gao","2026-08-12 04:03:42",257.6,1,leigao31
4530,16718890,"Andy Symonds","2026-08-13 22:04:40",257.0,1,andyivanhoe
4531,16661846,"Jeffrey Pike","2026-08-08 04:07:47",256.3,2,jeffreypikeai
4532,16687337,"sravani kamjula","2026-08-07 19:38:39",256.3,2,sravanikamjula
4533,16662589,"Arunagirinadan Sudharshan","2026-08-08 14:01:09",256.2,1,sudhanaruna
4534,16693318,meow3301,"2026-08-09 02:33:34",255.3,2,meow3301
4535,16672284,"Dhruv | AI/ML Engineer in Progress","2026-08-07 06:55:13",255.1,1,dhruvdipakchudasama
4536,16687514,Dark_1926,"2026-08-07 20:30:33",254.7,1,dark1926
4537,16663438,"Varun Prajapati","2026-08-08 21:54:54",254.4,2,"krunalasari,varun2206"
4538,16657525,"Alae Lakhdar","2026-08-05 08:10:49",254.3,1,alaelakhdar
4539,16664315,happy_boy_2007,"2026-08-12 09:04:40",254.3,1,happyboy2007
4540,16729148,"Marco M","2026-08-16 22:51:36",254.1,1,marcoms1000
4541,16675428,"Farhan Khairullah","2026-08-09 16:22:00",254.1,2,farhankhairullah06
4542,16671342,"Danh Nguyen 1303","2026-08-09 14:47:52",253.8,1,danhnguyen1303
4543,16654827,"ADITYA KUMAR MISHRA","2026-08-03 20:07:22",253.7,1,aditya1kumarmishra
4544,16663333,"Iago Moura e Moreira","2026-08-04 20:05:06",253.4,1,iagomouraemoreira
4545,16661252,"Andrzej Walczak","2026-08-05 09:46:19",253.3,2,andrzej1983
4546,16656287,sandip_shaw123,"2026-08-05 10:02:07",253.3,1,sandipshaw123
4547,16688190,"Win M","2026-08-08 00:28:18",252.9,1,winmet
4548,16666037,"Matheus Marques","2026-08-06 06:03:28",252.7,2,mathmarquesbr
4549,16684237,Zen_0910,"2026-08-07 17:07:02",251.8,1,zendeptrai
4550,16676977,"Akash Babu","2026-08-14 18:03:38",251.3,2,akashbabu17
4551,16656515,"Rushal Manandhar","2026-08-06 04:15:01",251.0,1,rushalmanandhar
4552,16731832,jackee777,"2026-08-17 10:37:45",250.9,1,jackee777
4553,16684535,Moonlight,"2026-08-14 15:53:31",250.1,2,rajesh1joc
4554,16641277,Zenieverse,"2026-08-05 08:06:17",249.3,2,zenieverse
4555,16660990,"Bunny Tang","2026-08-04 13:52:24",248.5,2,tanghung64
4556,16725135,"clement cg","2026-08-15 13:40:46",248.5,1,clementcg
4557,16726547,"Ezra Kho","2026-08-16 00:09:25",248.5,1,ezrakho
4558,16663913,"Aanaa Kaliil","2026-08-05 15:15:31",248.4,2,aanaakaliil
4559,16654244,"Saad Nanawala","2026-08-03 18:17:33",248.2,1,saadnanawala
4560,16667691,alexanderctrl,"2026-08-06 09:34:19",248.1,1,alexanderctrl
4561,16663910,"Shivram Nekkanti","2026-08-07 14:38:04",247.7,1,shivramnekkanti
4562,16653906,swaroop41,"2026-08-04 05:53:29",247.7,2,swaroop41
4563,16724325,Melancholian,"2026-08-15 06:43:12",247.2,1,kasaneru
4564,16656164,"Justin Schomer","2026-08-09 09:05:59",247.1,2,fathersecurity
4565,16653462,"Ruchi Scott","2026-08-12 12:19:19",246.6,2,ruchiscott
4566,16668379,dccgps,"2026-08-08 05:44:36",245.8,1,dccgps
4567,16712395,"Zuohong Pan","2026-08-12 12:15:40",245.6,1,pshuaibi
4568,16658969,"Yuri Maslov","2026-08-04 10:11:45",244.3,1,yurimaslov
4569,16656771,"thushara bandara","2026-08-07 04:13:43",243.8,2,dushyanthibandara
4570,16698164,"Ruizhang Zhi","2026-08-10 00:54:03",243.4,1,ruizhangzhi
4571,16692652,"Harsith R","2026-08-08 20:26:56",242.7,1,chiefofpredicitions
4572,16711840,OverfitMilkCake,"2026-08-13 06:36:21",241.4,1,overfitmilkcake
4573,16702060,Mcusac,"2026-08-13 19:42:54",241.1,1,mcusac
4574,16680858,"Harshul Gupta","2026-08-10 23:16:29",240.7,2,harshulgupta77
4575,16632724,"Sayan Dutta","2026-08-04 07:47:42",240.5,1,sayan1507
4576,16692568,"Muhammed Gulfam Toor","2026-08-13 19:04:32",240.0,2,gultoor
4577,16732156,"Samvel Kocharyan","2026-08-17 11:33:04",239.6,2,samvelkoch
4578,16652079,Infill,"2026-08-17 06:33:04",239.1,1,infill
4579,16669473,"William Bickelmann","2026-08-05 17:47:13",238.9,1,williambickelmann
4580,16668211,"Alejandro Hernández Mairal","2026-08-11 16:35:32",238.7,1,alherma7
4581,16666383,"Sindhi Vishal","2026-08-14 10:46:32",238.7,2,sindhivishal
4582,16685568,Secertive,"2026-08-08 17:59:52",238.0,1,secretiveplotter1863
4583,16674612,"Muhammad Dhiaz Rafilianza","2026-08-13 13:26:46",237.4,1,dhiazr
4584,16669314,"Editor Jugnu AI","2026-08-09 07:34:00",237.2,2,editorjugnuai
4585,16632418,"Bretokce 3amich","2026-08-07 12:18:26",236.9,2,bretokce3amich
4586,16644360,Mathous,"2026-08-02 20:28:00",236.4,1,mathisdac
4587,16667238,"Srija ganguluri","2026-08-07 10:14:48",236.2,1,srijaganguluri
4588,16722089,"Saidjon Ramazonov","2026-08-16 05:51:50",236.2,2,saidjonramazonov
4589,16682689,HenryRichardson1,"2026-08-07 10:00:12",235.3,1,henryrichardson1
4590,16662108,nhkien,"2026-08-05 06:52:18",234.8,2,nhkien
4591,16679713,"John william Vicente 🇧🇷","2026-08-07 00:38:57",234.3,1,chrollo079
4592,16670462,"Talha Kayar","2026-08-15 15:24:03",233.9,2,talhakayar
4593,16663352,"Avnish Sharma","2026-08-17 10:42:13",233.3,2,kewlaz
4594,16666719,helenkwok,"2026-08-06 14:55:20",231.9,1,helenkwok
4595,16657344,"Ombayo fredrick","2026-08-04 14:04:04",231.5,2,ombayofredrick
4596,16670777,"Aman Yitbark","2026-08-13 05:43:27",231.5,1,amanyitbark
4597,16659696,"Lakshyaraj Singh Rathore","2026-08-16 17:44:58",231.5,1,lakshyarajrtm
4598,16635248,eosphor,"2026-08-01 09:46:59",231.4,2,eosphor
4599,16663945,anyasri,"2026-08-16 22:16:27",231.4,2,anyasri
4600,16660285,"Sawan Kohli","2026-08-06 13:11:44",231.0,2,sawankohli
4601,16668048,"Gazi Sayem Uddin Samir","2026-08-05 14:29:51",230.9,2,gazisayemuddinsamir
4602,16675739,"Jithendra Maddala","2026-08-17 10:17:04",230.7,2,jithendramaddala
4603,16679467,"Ahmed Zedan","2026-08-15 22:52:06",230.4,1,ahmedzedan11
4604,16654482,SarahShams,"2026-08-14 16:36:06",230.4,2,sarahshams
4605,16663448,"Adel I.","2026-08-07 12:55:44",229.8,2,adelid
4606,16664586,"Owen Lim","2026-08-05 05:42:25",229.7,2,owenlim45
4607,16666414,salyamq,"2026-08-05 16:41:38",229.5,1,salyamq
4608,16656278,"Bhuvaneshwari Rebba","2026-08-04 09:20:36",229.1,1,bhuvaneshwarirebba
4609,16633003,"K Mukhiya ","2026-08-01 12:09:51",228.8,2,kmukhiya
4610,16725537,"Ayan Bashir Sheikh","2026-08-15 18:02:07",228.8,2,ayanbashirsheikh
4611,16657462,"CROP CODERS","2026-08-10 18:00:28",228.4,2,"dhanvanthraj,raghavan9944,shanmugam666,sitha2345,sumaiyahibrahim"
4612,16655482,Apoorv007,"2026-08-04 01:55:41",228.1,1,apoorv007
4613,16630725,"vaibhav vyas","2026-08-06 10:56:52",228.0,2,vaibhavvyas0
4614,16662083,ihabkaggle,"2026-08-07 00:42:33",228.0,2,ihabkaggle
4615,16658401,"Aryan Lonare","2026-08-04 09:55:47",227.7,2,aryandyalullonare
4616,16699578,kakanekoka,"2026-08-12 13:35:37",227.7,1,kakanekoka
4617,16716930,"Direc M","2026-08-17 04:20:50",227.2,2,direcm
4618,16721615,"Dai Dai","2026-08-17 06:46:11",226.1,1,jumpingdaidai
4619,16679470,"GamaL Mahmoud","2026-08-08 13:33:52",225.8,2,gamalmahmoudtaha
4620,16728249,"Ahmet Kiraz","2026-08-17 07:23:30",225.5,1,ahmetqiraz
4621,16688288,"Ojo Oluwadamilare","2026-08-08 01:43:30",224.2,2,ojooluwadamilare
4622,16662662,"Joaquim Jose1","2026-08-04 17:57:03",224.2,1,joaquimjose1
4623,16668495,Herisitraka,"2026-08-05 17:16:28",224.1,2,herisitraka
4624,16658635,"Deepak Kumar ","2026-08-05 02:38:29",223.3,2,deepak2026ml
4625,16662803,"Ashish Gawade","2026-08-04 19:11:19",223.0,2,ashishgawade
4626,16686834,Kaabbil,"2026-08-09 16:14:49",222.9,2,"dr3aking,kaabbil"
4627,16697466,"hunain shahid","2026-08-11 06:12:38",222.8,2,hunainshahid230
4628,16660146,4Solver,"2026-08-08 02:06:19",222.6,2,msfbiolinhares
4629,16633342,farm75,"2026-08-03 14:03:14",222.4,2,sakthi75
4630,16657227,"Anusha Marla","2026-08-04 07:05:53",222.3,2,anushamarla
4631,16629426,"Abdullah Qureshi","2026-07-31 10:00:44",221.8,2,abdullahqureshi120
4632,16729010,"karan sankhe","2026-08-16 15:15:45",220.9,2,karansankhe1356
4633,16662099,"The Algorithmist","2026-08-04 23:41:59",220.6,2,riyagheewala
4634,16624973,"Mrunmayee Kulkarni","2026-07-31 06:16:46",220.4,1,kulmrun
4635,16697339,"Muhammad Safwan Ahmad Saffi","2026-08-15 00:28:21",220.4,2,safwanahmadsaffi
4636,16661500,"yagnit sutariya","2026-08-04 15:34:39",220.1,1,yagnitsutariya
4637,16705490,"KASTHURI DEVI M","2026-08-13 10:42:42",220.0,2,kasthuridevim
4638,16730380,"FOKRUL ISLAM LECTURER","2026-08-17 01:54:13",219.8,1,fokrulislamlecturer
4639,16659036,"Mohammed Kaif","2026-08-04 10:41:22",219.6,2,mkaif001
4640,16731524,"Tsyrenov Mergen","2026-08-17 09:42:39",219.5,1,tsyrenovmergen
4641,16662557,"Naman Sudershan","2026-08-05 13:21:08",219.4,2,namansudershan
4642,16664458,"Prantik Chandra","2026-08-05 05:47:10",219.2,1,prantikchandra
4643,16654293,"Jatin N. Soni","2026-08-17 06:31:46",219.0,2,jatinsoni111
4644,16677081,"Brandon Gaston","2026-08-12 23:49:58",218.6,1,mushmon
4645,16667886,"Ubaid ur rehman 0345","2026-08-05 15:23:12",218.3,2,ubaidurrehman0345
4646,16659929,"MAMADOU LY (LY BOUSSO 45)","2026-08-13 11:43:25",218.3,2,mamadoulylybousso45
4647,16657306,"Krunal Chavda","2026-08-07 21:38:11",218.0,2,krunalchavda21
4648,16662630,"M.mohamed Muhasir","2026-08-05 18:25:39",217.9,2,mmohamedmuhasir
4649,16630041,"Devi prashad tripathi","2026-08-03 17:56:58",217.5,1,deviprashadtripathi
4650,16660978,"Maksym Khavil","2026-08-04 13:43:48",216.6,1,maksymkhavil
4651,16668018,"DAVID CHEW HL","2026-08-06 06:36:34",216.6,2,davidchewhl
4652,16724995,dice1494,"2026-08-16 08:51:34",216.5,1,dice1494
4653,16662023,"Vikas Kumar","2026-08-06 17:08:52",216.3,2,vikshit104
4654,16701106,moshito,"2026-08-10 14:13:58",216.3,2,"danamaulana123,moshito,naufaldhiaulhaq01"
4655,16662269,"KAMLESH KUMAR POKHARNA","2026-08-06 17:25:51",215.5,2,kamleshkumarpokharna
4656,16695951,"Gleb Makarenko","2026-08-09 18:21:25",215.5,2,gleny48
4657,16662749,Jordan,"2026-08-10 04:09:38",215.1,2,extergeist
4658,16715404,"karthik reddy","2026-08-15 02:58:32",215.0,2,karthikreddyp
4659,16661447,"Sibel Özbek","2026-08-04 20:50:27",214.9,1,sibelzbek
4660,16674390,yangluo1,"2026-08-08 01:31:08",214.8,2,yangluo1
4661,16629441,Sofia_Gilka,"2026-08-01 07:45:58",214.6,2,sofiagilka
4662,16681895,Akshar,"2026-08-07 06:16:19",214.3,2,aks0625
4663,16658440,"Gloria Lourelynn S","2026-08-04 15:16:09",213.8,1,glorialourelynn
4664,16690433,"Amar Amar Gupta","2026-08-15 10:08:37",213.7,2,amaramargupta
4665,16662714,"Amilcar Rodriguez","2026-08-08 21:14:02",212.4,2,amilcarskt
4666,16663265,"Darlington Ayakazi","2026-08-04 20:26:08",211.9,1,darlingtonayakazi
4667,16665223,"Sawon Mitra","2026-08-07 11:11:17",211.6,2,sawonmitra
4668,16713002,"Adithya M","2026-08-13 15:42:17",211.5,2,adithya3907
4669,16683577,"Ankush Kumar M","2026-08-07 13:19:05",211.4,2,ankushkumarm
4670,16656210,"Sanjay Suthraye","2026-08-04 14:55:13",211.0,2,sanjaysuthraye96
4671,16632111,"Arda Çiftçi","2026-08-04 20:03:37",210.6,2,ardaciftci
4672,16669142,"Jaclyn Agee","2026-08-07 15:21:06",210.3,2,jaclynagee
4673,16661969,"Raja T","2026-08-16 14:46:07",210.3,2,rajathiagaraj
4674,16669311,Schoki,"2026-08-16 23:18:22",210.2,2,jensdnisch
4675,16679904,"Joshua Bensemann","2026-08-16 01:29:23",209.8,1,qazcat
4676,16698307,AnasAl7,"2026-08-10 13:08:08",209.7,2,anasal7
4677,16721849,ayushai8714,"2026-08-14 22:47:21",209.7,2,ayushai8714
4678,16670747,"Aryan Kumar Chaudhary","2026-08-11 22:46:05",209.5,2,"aryankumarchaudhary,rakshitmundra"
4679,16660342,"Adapa Gopireddy","2026-08-04 12:49:43",209.2,1,adapagopireddy
4680,16667550,"Oseni Sakariyau Oluwadamilare ","2026-08-16 23:34:18",209.2,2,sakabambam
4681,16667231,bettsy,"2026-08-05 12:12:35",209.0,2,bettsy
4682,16671232,"sms tcil","2026-08-07 13:03:30",209.0,1,smstcil
4683,16666706,baijiachang,"2026-08-05 11:04:21",208.8,1,baijiachang
4684,16730086,HanaGhanem,"2026-08-16 23:44:56",208.5,1,hanaghanem
4685,16685093,"Huzaifa Inam","2026-08-07 13:47:15",208.4,2,huzaifainam
4686,16664875,SaiSujitPunukollu,"2026-08-05 05:46:11",208.1,1,saisujitpunukollu
4687,16690195,"Manshi Shukla","2026-08-08 10:12:24",206.4,2,manshishukla
4688,16713329,qrcodeTH,"2026-08-13 08:22:40",206.1,2,thanaphumsaywonin
4689,16691502,"DILANE FOGUE KAMGA","2026-08-08 15:20:05",204.9,1,dilanekamga
4690,16663277,"Mariana Mejía","2026-08-17 04:22:46",204.5,2,marianameja
4691,16657892,"Boonanan namna","2026-08-17 04:36:04",204.3,1,boonanannamna
4692,16654124,"Aditya Kumar Singh","2026-08-05 09:57:29",204.3,2,adityq121608
4693,16656954,"Marwan Elmetwally","2026-08-04 05:56:29",204.1,2,marwanelmetwally
4694,16706557,"Nurullah Gundogdu","2026-08-11 17:52:07",203.5,2,nurullahgundogdu
4695,16714589,xinsu9898,"2026-08-16 22:26:49",203.4,1,xinsu9898
4696,16719742,"Varun Dave","2026-08-17 09:41:24",202.8,1,varundave95
4697,16659234,"MARY RAISA P","2026-08-17 06:25:28",202.8,2,"harinimala21,maryraisap,saha0102"
4698,16658522,"Amna khanii23","2026-08-07 05:15:47",202.1,2,amnakhanii23
4699,16659062,"MOHAMMAD SUBHAN PASHA","2026-08-17 07:14:09",200.4,1,mohammadsubhanpasha
4700,16676026,"Bedashree Swarupa Das","2026-08-06 14:14:21",199.6,1,ashokkumardasbedashr
4701,16670662,"Gina Lee","2026-08-11 22:45:21",199.0,2,ginaleegdm
4702,16634761,"CHARHBILI Moad","2026-08-07 13:44:23",198.8,1,charhbilimoad
4703,16662859,"Mohamed Zahran","2026-08-05 04:41:56",198.4,1,zrnking2012
4704,16667968,ChronosData,"2026-08-12 13:09:27",198.0,2,codex5843
4705,16658362,MHaurel,"2026-08-09 15:32:45",197.9,1,hetax17
4706,16660270,Ziel_Lux,"2026-08-12 03:43:29",197.4,2,nahbilafaith
4707,16655169,Musliadi,"2026-08-14 15:57:58",196.5,1,timscientia
4708,16656240,"SACHIN KUMAR","2026-08-10 03:13:24",196.3,2,sackm123
4709,16640600,"Giord Frank","2026-08-11 12:29:59",196.0,1,tangerinedog
4710,16657486,"Turhan TAS","2026-08-10 09:21:40",195.7,1,turhantas
4711,16721941,"Rita Ohabuenyi","2026-08-14 12:57:37",195.4,2,ritaohabuenyi
4712,16655573,"Probablyaphilosopher ","2026-08-16 00:01:40",195.2,2,probablyaphilosopher
4713,16668438,"Sahil Suman","2026-08-16 17:09:20",195.2,1,sahilmanavraunak
4714,16657578,raushancoursework,"2026-08-05 06:54:51",194.6,1,raushancoursework
4715,16687293,"Aurelie Jodelle Kemme","2026-08-17 01:04:37",194.3,2,"audreydemafo,aureliejodellekemme"
4716,16633466,"Aarush pandey","2026-08-02 19:49:05",193.2,2,aarushpandey
4717,16647390,"guoqin gu","2026-08-11 08:54:59",192.6,1,guoqingu
4718,16674774,"Dine ALASSANE","2026-08-07 05:53:28",192.0,2,dinealassane
4719,16718139,"shah jatin","2026-08-15 16:46:15",191.9,2,shahjatin
4720,16662809,"Chukwu Excellent","2026-08-08 22:06:34",191.4,2,chukwuexcellent
4721,16719809,"Milanto FR","2026-08-14 05:37:48",191.3,2,milantofr
4722,16659840,"Dasari Giri Gabrelu","2026-08-05 13:41:11",190.6,2,giridasari
4723,16659271,Hamish,"2026-08-12 12:48:51",190.2,2,hamishdickson
4724,16661331,"John Wessel","2026-08-16 19:16:03",189.9,2,johnwessel
4725,16690188,Anurag,"2026-08-08 10:20:42",189.7,2,kumaranu2007
4726,16707062,"G DOLANARASIMHA","2026-08-11 12:18:02",189.0,2,gdolanarasimha
4727,16656685,"Shravani Hibare","2026-08-05 10:15:36",188.7,2,shrahib4725
4728,16681056,"Aryan Jhingan","2026-08-11 18:53:48",188.0,2,aryanjhingan
4729,16671827,"Shourya Gupta","2026-08-15 14:51:19",187.3,2,siriuspotter
4730,16728931,Sathwik2006,"2026-08-16 14:25:36",186.5,2,sathwik2006
4731,16670537,Silhouette,"2026-08-13 23:50:53",185.9,1,jamessargsyan
4732,16623660,"Taylor S. Amarel","2026-07-31 23:36:48",185.5,1,taylorsamarel
4733,16656235,"Zain Ul Abideen Samo","2026-08-06 15:22:02",185.2,2,zainulabideensamo
4734,16625029,Hilarus,"2026-08-01 15:59:02",184.3,2,hilagbag
4735,16659871,"Abel Kpoton","2026-08-04 20:41:20",184.3,2,abelkpoton
4736,16707146,kaganou,"2026-08-11 13:19:53",184.0,1,kaganou
4737,16690199,"Lavkush Yadav","2026-08-08 10:20:55",183.9,1,lavkushyadavcse
4738,16712562,"Sagar Singh","2026-08-17 09:28:26",183.7,2,acrejzz
4739,16653934,"Ayomide Abdulrahmon","2026-08-03 19:22:32",183.7,2,ayomideabdulrahmon
4740,16622943,"Erwin Huizenga","2026-08-16 23:33:52",183.6,2,erwinh
4741,16712568,"Tanvi Dobariya","2026-08-14 17:39:52",182.9,1,tanvidobariya
4742,16672322,"khalil ur Rehman","2026-08-13 05:10:03",182.7,2,khalilurehman
4743,16683220,Kongali,"2026-08-10 01:24:37",182.3,2,kongali
4744,16674328,daniel,"2026-08-06 09:34:23",181.9,1,dkamgamegasoft
4745,16676308,DC,"2026-08-17 08:57:17",181.4,2,choudahchiun
4746,16666072,Abinash,"2026-08-05 15:07:52",180.7,2,abinashsinha1726
4747,16654559,"Kerem Ali AVCIOĞLU","2026-08-03 19:28:49",180.5,2,keremaliavciolu
4748,16662334,"Andres Beltran","2026-08-04 22:58:11",179.8,2,andresbeltran05
4749,16663334,"sameer mughal","2026-08-16 07:34:37",178.9,1,sameermughal109
4750,16670547,"Maduako Prince","2026-08-05 22:53:03",178.7,2,maduakoprince
4751,16677403,bababoy,"2026-08-15 14:55:17",178.5,2,adrienrenard
4752,16623953,"Denuwan Wijesinghe","2026-08-01 07:57:04",177.4,2,denuwanwijesinghe
4753,16670368,"Gary Gitton","2026-08-17 00:29:48",177.3,2,garygitton
4754,16656815,"Atharva S. Naladkar","2026-08-06 06:46:40",176.5,2,atharvasnaladkar
4755,16621770,"Rudraksh Zodage","2026-07-30 20:07:49",176.3,2,rudrakshzodage
4756,16656643,"Willetta Dettore","2026-08-05 15:33:52",175.6,2,willettadettore
4757,16662123,hannhu40022,"2026-08-04 18:45:07",174.7,2,hannhu40022
4758,16693087,osprey2k,"2026-08-17 00:17:01",174.4,2,osprey2k
4759,16709918,GUI666,"2026-08-12 13:16:39",174.4,2,gui666
4760,16662230,"Angus Mc Gregor","2026-08-13 21:25:46",173.9,2,angusmcgregor
4761,16662142,"Adnan Khan","2026-08-17 08:48:17",173.6,2,iamadnankhan313
4762,16662295,"benja cooper","2026-08-04 17:41:28",173.2,2,benjacooper
4763,16729531,alfphafarm,"2026-08-17 10:56:04",172.7,1,vudattumaniteja
4764,16725070,"Mehak Iftikhar","2026-08-15 13:21:30",171.7,2,mehakiftikhar
4765,16717094,geoperate,"2026-08-13 12:30:26",171.1,1,geoperate
4766,16636855,"Wynn Koo","2026-08-01 14:03:04",169.6,1,yongfenggg
4767,16657561,Roshdibenrojo83,"2026-08-04 07:19:05",166.0,2,roshdibenrojo83
4768,16621519,Ᏸ𐍂Ꭷ,"2026-07-30 17:30:30",165.7,2,dheerajkannaujiya
4769,16690055,"Prem Kumar","2026-08-17 09:54:47",165.4,2,premkumar099
4770,16690499,SuperAI@2615,"2026-08-11 16:42:48",165.2,2,superai2615
4771,16731986,Vugar3,"2026-08-17 10:51:29",163.1,2,vuqarxudvrdyev001342
4772,16661160,"Roobhasridevi P","2026-08-04 14:31:22",163.0,1,roobhasridevi
4773,16668091,Solidscripts.io,"2026-08-15 02:50:34",162.1,2,juancamera1
4774,16701997,zran1t,"2026-08-15 14:10:18",161.7,2,zran1t
4775,16633511,"joshan gladston","2026-08-01 01:19:57",161.6,2,joshangladston
4776,16690112,"Ayush Tripathi","2026-08-17 09:03:03",160.9,2,ayushtripathi112
4777,16657303,"Tejas Tiwari","2026-08-04 07:32:17",160.8,1,tejaat
4778,16621565,"salih chindo","2026-08-12 19:45:58",159.4,1,salihchindo
4779,16654556,anjipoo,"2026-08-05 15:33:04",158.3,2,anjana0812
4780,16625663,sota1111,"2026-08-04 13:06:40",157.8,2,sota1111
4781,16676992,NIDHIHEER01,"2026-08-16 17:09:00",157.5,1,nidhiheer01
4782,16663161,"Pial Mahmud","2026-08-17 10:38:21",153.1,2,pialgroup
4783,16726311,"Prince Diwakar","2026-08-16 12:55:18",152.6,2,princediwaker
4784,16659308,Attaerabi,"2026-08-05 07:52:52",152.3,2,attaerabi
4785,16659097,noril09,"2026-08-04 11:56:35",152.2,2,noril09
4786,16660340,"pawan sondhiya","2026-08-07 06:22:38",152.1,2,pawansondhiya
4787,16626159,"Cảnh Đinh Tiến","2026-08-02 09:17:36",151.5,2,tourist110406
4788,16659041,"uma mahesh23","2026-08-04 11:50:03",150.9,2,umamahesh23
4789,16665079,"Maguluri Keerthi","2026-08-05 06:16:03",149.4,2,magulurikeerthi
4790,16658297,"Charishma Pillapalem","2026-08-11 12:46:56",148.7,2,charishmapillapalem
4791,16679979,Pranav6657,"2026-08-07 02:40:48",148.6,1,pranav6657
4792,16664199,SomyaSingh_07,"2026-08-13 17:20:24",147.9,2,somyasingh07
4793,16654509,"Shruti Kondabathula","2026-08-07 18:17:56",147.4,2,shrutikondabathula
4794,16693819,"Hossein Shad Manaman","2026-08-12 03:14:58",147.2,2,hosseinshadmanaman
4795,16716402,"Shashvat Singham","2026-08-13 10:56:39",146.6,1,shashvatsingham
4796,16677441,"ERREGUI YOUSSEF","2026-08-06 18:02:39",145.4,2,erreguiyoussef
4797,16675863,"Habib ullah","2026-08-12 07:41:16",144.8,2,habibullah123456789
4798,16697716,ZEO,"2026-08-09 19:43:41",144.2,1,anuppatil29
4799,16667489,"Cornol Lieto","2026-08-05 12:31:14",143.5,1,lietocornol
4800,16658695,"Muskan Zahid","2026-08-04 14:14:02",142.1,2,artificial52
4801,16673981,"Aarya Jadhav","2026-08-06 09:18:52",141.6,1,aaryajadhav0310
4802,16659675,"M.Athallah Rafif Aldera","2026-08-06 12:40:14",140.2,2,mathallahrafifaldera
4803,16658666,"VMax Agents","2026-08-04 10:57:49",140.0,1,"akhiildheep,mithun5353"
4804,16663406,"Elshan Kazim","2026-08-16 08:38:43",139.8,1,elsnkazm
4805,16663897,jayaBhavagan,"2026-08-05 19:34:36",139.8,1,jayabhavagan
4806,16657055,RedKiwi,"2026-08-05 05:57:34",139.4,2,tnmthai
4807,16670552,"Harsh Chaudhary ml","2026-08-05 22:16:25",138.5,1,harshchaudharyml
4808,16662455,"Nenavath Shashi","2026-08-04 18:04:52",138.4,2,nenavathshashi
4809,16713435,"Visruti Patidar","2026-08-16 11:18:23",138.4,2,visrutipatidar
4810,16673372,"Hadyan Adira","2026-08-14 03:16:30",138.0,2,hadyanadira
4811,16655748,revathip,"2026-08-06 06:00:14",138.0,2,revathiprakash
4812,16668691,BeltusTebid,"2026-08-05 16:01:45",137.9,1,beltustebid
4813,16730060,"Enzo Pio","2026-08-17 08:52:16",137.5,2,enzopio
4814,16662547,"hiteshsinh solanki","2026-08-05 07:59:16",136.3,2,hiteshsinhsolanki2
4815,16660886,"Dr.Eldirdiri Fadol ","2026-08-05 05:30:48",132.6,2,dreldirdirifadol
4816,16659582,"Srikanth Adivanna","2026-08-04 11:25:45",132.6,1,srikanthadivanna
4817,16661098,"Muhammad aufa azmi","2026-08-04 15:18:35",129.9,2,muhammadaufaazmi
4818,16665461,"Krishna Golwala","2026-08-17 07:34:53",129.8,2,krishnagolwala
4819,16633580,Vinymo,"2026-08-16 14:56:40",128.9,2,vinymo
4820,16623094,"Claudia Arias Gonzalez","2026-08-14 21:32:23",128.7,2,claudiaariasgonzalez
4821,16707468,"SBJ 2205","2026-08-12 09:59:33",128.3,1,sbj2205
4822,16656777,"Salam Alqerem","2026-08-13 10:19:03",127.6,2,salamalqerem
4823,16680428,"Surabhi veda","2026-08-07 01:49:35",127.2,1,surabhiveda
4824,16668599,"Hafsa Anwaar","2026-08-05 17:43:21",126.4,2,hafsaanwaar
4825,16662243,"Cepeda Braxton","2026-08-04 19:31:54",125.2,2,cepedabraxton
4826,16654711,"Rupam Bhattacharjee1","2026-08-14 16:43:07",124.6,1,rupambhattacharjee1
4827,16666836,"Emir Ayvaz","2026-08-07 05:57:00",123.1,2,emirayvaz
4828,16717253,Sybery_AI,"2026-08-13 21:36:00",121.7,2,syberyai
4829,16640594,Win2207,"2026-08-07 12:05:07",120.9,2,win2207
4830,16624666,"Avik Das","2026-08-16 08:51:19",120.4,2,avikdas567
4831,16724806,rin2401,"2026-08-15 09:39:51",120.3,1,rin2401
4832,16658745,"Shabby farms 2.0","2026-08-16 03:10:28",118.7,2,rahulk5418
4833,16667773,ShashankJha,"2026-08-11 15:41:47",118.4,2,shankinfy
4834,16684847,"M.Harshavardhan Raju","2026-08-09 16:15:49",117.1,2,mharshavardhanraju
4835,16626218,"Srishti Gauraha","2026-08-08 05:40:23",116.3,1,srishtigauraha
4836,16665345,saurabh10june,"2026-08-05 11:53:47",115.6,2,saurabh10june
4837,16661419,"Shivansh Soni","2026-08-04 15:08:01",113.3,2,shivanshsonii
4838,16658290,rrishavrraj,"2026-08-10 17:45:20",112.7,2,"rrishavrraj,shubhamkumar9812"
4839,16658898,"SRI shiva","2026-08-07 17:21:07",110.6,2,srishiva
4840,16691542,Tushar_SVC,"2026-08-11 04:12:09",109.5,2,tusharsvc
4841,16641109,zzgtylors,"2026-08-06 06:21:50",108.9,2,zzgtylors
4842,16633018,purelilyth,"2026-08-12 21:57:04",107.7,2,purelilyth
4843,16656753,"TAMAL SINGHA ROY","2026-08-05 07:57:48",104.4,2,tamalsingharoy
4844,16665139,"Siddharaj Kulkarni","2026-08-16 05:23:21",103.1,2,siddharajkulkarni
4845,16658100,"Nanda Riansyah","2026-08-04 08:55:54",102.9,2,nandariansyah
4846,16644474,"Vihaan Ahluwalia","2026-08-05 13:16:21",102.7,2,vihaanahluwalia
4847,16679410,"Leke Glean","2026-08-07 17:29:04",102.2,2,lekeglean
4848,16668756,"Clark Kitchen","2026-08-11 03:28:39",102.1,1,clarkkitchen
4849,16700316,"Pranav Waghmare","2026-08-11 16:29:05",101.5,1,waghmarepranav6
4850,16659817,"Viet Anh Ngo ","2026-08-04 10:55:41",100.2,1,vietngogm
4851,16633932,omikbop,"2026-08-02 12:36:52",99.2,2,omikbop
4852,16716562,"Ananya Maurya","2026-08-13 10:01:25",99.0,2,ananyamaurya
4853,16677312,"Kavuri Sravya","2026-08-06 17:26:57",98.2,1,kavurisravya
4854,16698953,Locked_in_hell,"2026-08-13 18:31:55",96.3,2,stealthknight
4855,16722319,"༺ANIS YT༻","2026-08-16 15:40:17",95.4,2,anisyt
4856,16625770,"Đức Trung Trần","2026-08-03 07:26:52",95.1,1,ctrungtrn
4857,16668559,Goups,"2026-08-17 03:17:54",94.8,2,hervrenard
4858,16624064,"Hemant Ahlawat","2026-07-31 15:52:56",93.0,2,happyahlawat
4859,16710773,Openaiskrip,"2026-08-12 07:54:38",92.7,2,openaiskrip
4860,16658702,sherlockwatson007,"2026-08-10 08:16:24",92.3,2,sherlockwatson007
4861,16719441,Gatranova,"2026-08-14 04:11:54",88.1,2,rafiabiyyuairlangga
4862,16676428,wayzhengong27,"2026-08-08 06:34:59",87.8,2,"kkkuek,wayzhengong27"
4863,16633250,Myst19,"2026-08-03 13:25:15",87.7,2,jakeschweikhart
4864,16654087,Gabriela_Fernandes4,"2026-08-04 19:12:33",87.4,1,gabrielafernandes4
4865,16727876,"Harrison Wachira","2026-08-16 08:50:03",87.3,1,harrisonwachira254
4866,16675209,lavica,"2026-08-11 13:23:03",86.3,2,lavica
4867,16716079,shaurya_pandey@19,"2026-08-13 09:27:49",86.2,2,shauryapandey19
4868,16644519,"Shambhu Shekhar Sinha","2026-08-12 18:55:43",85.6,2,shambhushekharsinha
4869,16632413,"Varun Patil","2026-07-31 18:41:34",84.5,1,varunpatil262005
4870,16675819,RohitS001,"2026-08-11 18:05:54",81.7,2,rohits001
4871,16661152,"Dr.Abdulbaset Musleh","2026-08-11 15:18:35",80.8,2,drabdulbasetaledresi
4872,16674526,"Imdadul hasan hamim","2026-08-13 07:32:37",80.5,1,imdadulhasanhamim
4873,16714192,"Nishanth Palugula","2026-08-14 06:51:09",80.2,2,nishanthpalugula
4874,16667339,"Victor Chege","2026-08-05 15:02:17",79.5,2,victorchege0
4875,16728933,dOvOb,"2026-08-16 16:33:01",78.5,1,waytosleep
4876,16697627,abinandhan03,"2026-08-17 09:20:10",76.3,1,abinandhan03
4877,16654026,"joju shaji","2026-08-09 16:36:43",70.5,2,jojushaji
4878,16696104,"Harshit Meesari","2026-08-09 14:31:00",70.3,1,harshitmeesari
4879,16720136,"Roaring Cotton","2026-08-14 13:26:11",67.7,2,daviddavidelijah
4880,16708230,"jose manuel Tinajero","2026-08-11 21:15:18",66.8,2,josemanueltinajero
4881,16708290,"Hrishikesh Thakare","2026-08-12 14:45:08",65.6,1,hrishikeshthakare
4882,16662721,"Manish Sharma","2026-08-12 17:44:16",62.1,2,themihirsharma
4883,16669011,"Siddiqui Rehan Ahmed Furqan","2026-08-07 05:24:38",61.7,2,siddiquirehanahmed
4884,16679250,srskat,"2026-08-16 08:26:30",55.8,2,srskat
4885,16705637,"Vedant Ghodekar","2026-08-11 05:28:57",54.7,1,vedantghodekar
4886,16706738,Moriarty,"2026-08-13 17:50:38",52.8,2,mikhailkachalin
4887,16664822,"Prateek Singh","2026-08-05 05:30:22",52.5,2,pra73ek
4888,16644439," علي ساجد","2026-08-02 21:40:07",50.8,2,jdvdjdv97171ushd
4889,16659501,Duckey,"2026-08-04 13:02:16",50.7,2,bokangletsapo
4890,16707951,K_ChanHo,"2026-08-17 00:09:31",44.7,2,kchanho
4891,16654404,"Madhan Sidmal","2026-08-11 21:28:45",37.3,2,madhansidmal
4892,16673732,"Async Null","2026-08-06 16:55:26",36.1,1,asyncnull
4893,16719181,SaltyCode,"2026-08-16 04:56:22",30.3,1,saltycode
4894,16689555,"kelvin waruingi","2026-08-09 22:45:23",26.6,2,kelvinwaruingi
4895,16728276,"ROHAAN ASIF","2026-08-16 11:20:59",26.5,2,ordinarydev007
4896,16663728,"Al'Humairah Ali","2026-08-10 17:28:01",26.4,1,alhumairahali
4897,16659057,"Jolvin James","2026-08-07 08:04:22",22.4,2,jolvinjames
4898,16683041,Abhishektyagi649,"2026-08-07 08:37:09",22.2,2,abhishektyagi649
4899,16657568,"Manpreet Singh","2026-08-08 13:45:41",17.2,2,manpreet1994
4900,16671256,"Navid Zaman","2026-08-14 14:46:50",11.2,1,navidzaman01
4901,16659444,"ANKIT AGARWAL","2026-08-11 07:28:29",1.2,2,ankwall223
4902,16689681,"Prakash Rajan","2026-08-09 16:37:56",-1.7,2,prakashai
4903,16662922,BrandonDucar,"2026-08-05 16:38:12",-9.0,2,brandonducar
4904,16685888,LeulYT,"2026-08-10 05:35:44",-15.3,2,leulyt
4905,16679847,"Julio Contreras","2026-08-15 20:29:46",-17.6,2,juliocontreras
4906,16713011,"Tasmayu Swain","2026-08-14 15:49:35",-28.7,1,tasmayuswain
4907,16675801,"Neeraj Jha","2026-08-06 13:43:18",-28.9,1,neerajjha1996
4908,16657035,"Christvin Mathew","2026-08-04 08:55:56",-41.6,2,christvinmathew
4909,16659881,SantosR,"2026-08-07 11:15:48",-60.1,2,santosr
4910,16695221,"Muhammad Daud Abbas","2026-08-12 20:04:32",-86.4,2,muhammaddaudabbas
4911,16660261,"YO_ONE CHAUHAN","2026-08-08 23:49:54",-89.0,2,yoonechauhan
4912,16657674,"karthik Reddy Karri","2026-08-04 13:49:20",-97.8,2,"karthikreddykarri,kovvurisaimohanreddy"
4913,16659864,"Twin Titans","2026-08-08 07:50:33",-98.4,2,"sivahokage,solaisararaju"
4914,16665495,"sai chand Boppudi","2026-08-07 04:19:58",-102.9,2,saichandboppudi
4915,16692837,"Sai Uttam Gite","2026-08-09 11:36:32",-116.3,1,saiuttamgite
4916,16668701,"Nihal Jamadar","2026-08-09 04:28:26",-120.0,2,nihaljamadar313
